neuron_id,pc1,pc2,cluster,region
0,0,-0.961139,1,SENSORY
1,0,-0.0281839,1,SENSORY
2,0,-0.961139,1,SENSORY
3,0,-0.961139,1,SENSORY
4,0,-1.01208,1,SENSORY
5,0,-0.0329936,1,SENSORY
6,0,0,1,SENSORY
7,0,-1.01208,1,SENSORY
8,0,0,1,SENSORY
9,0,0,1,SENSORY
10,0,0,1,SENSORY
11,0,0,1,SENSORY
12,0,-0.961139,1,SENSORY
13,0,-0.917052,1,SENSORY
14,0,-0.961139,1,SENSORY
15,0,-0.917052,1,SENSORY
16,0,-0.961139,1,SENSORY
17,0,-0.961139,1,SENSORY
18,0,-0.917052,1,SENSORY
19,0,-0.961139,1,SENSORY
20,0,-0.961139,1,SENSORY
21,0,-0.917052,1,SENSORY
22,0,-0.917052,1,SENSORY
23,0,-1.06289,1,SENSORY
24,0,0,1,SENSORY
25,0,0,1,SENSORY
26,0,-0.917052,1,SENSORY
27,0,-0.961139,1,SENSORY
28,0,-1.8341,1,SENSORY
29,0,0,1,SENSORY
30,0,0,1,SENSORY
31,0,-0.0281839,1,SENSORY
32,0,0,1,SENSORY
33,0,-0.961139,1,SENSORY
34,0,-0.917052,1,SENSORY
35,0,-0.961139,1,SENSORY
36,0,0,1,SENSORY
37,0,0,1,SENSORY
38,0,0,1,SENSORY
39,0,-0.917052,1,SENSORY
40,0,0,1,SENSORY
41,0,-0.961139,1,SENSORY
42,0,0,1,SENSORY
43,0,-0.917052,1,SENSORY
44,0,-0.961139,1,SENSORY
45,0,-0.917052,1,SENSORY
46,0,0,1,SENSORY
47,0,-0.961139,1,SENSORY
48,0,-0.961139,1,SENSORY
49,0,-0.917052,1,SENSORY
50,0,-0.961139,1,SENSORY
51,0,-0.917052,1,SENSORY
52,0,-0.961139,1,SENSORY
53,0,-0.917052,1,SENSORY
54,0,-0.961139,1,SENSORY
55,0,-1.8341,1,SENSORY
56,0,-0.950045,1,SENSORY
57,0,-0.961139,1,SENSORY
58,0,-0.961139,1,SENSORY
59,0,-0.917052,1,SENSORY
60,0,-0.961139,1,SENSORY
61,0,0,1,SENSORY
62,0,-0.961139,1,SENSORY
63,0,-1.8452,1,SENSORY
64,0,-0.961139,1,SENSORY
65,0,0,1,SENSORY
66,0,-0.0281839,1,SENSORY
67,0,0,1,SENSORY
68,0,-0.917052,1,SENSORY
69,0,0,1,SENSORY
70,0,-1.8341,1,SENSORY
71,0,-0.917052,1,SENSORY
72,0,-0.917052,1,SENSORY
73,0,-0.917052,1,SENSORY
74,0,-0.917052,1,SENSORY
75,0,0,1,SENSORY
76,0,0,1,SENSORY
77,0,-0.917052,1,SENSORY
78,0,-0.961139,1,SENSORY
79,0,-1.8452,1,SENSORY
80,0,-0.917052,1,SENSORY
81,0,-0.961139,1,SENSORY
82,0,0,1,SENSORY
83,0,-0.950045,1,SENSORY
84,0,0,1,SENSORY
85,0,-0.917052,1,SENSORY
86,0,-0.961139,1,SENSORY
87,0,-0.961139,1,SENSORY
88,0,0,1,SENSORY
89,0,-0.917052,1,SENSORY
90,0,0,1,SENSORY
91,0,-0.917052,1,SENSORY
92,0,0,1,SENSORY
93,0,0,1,SENSORY
94,0,-0.961139,1,SENSORY
95,0,-0.0281839,1,SENSORY
96,0,0,1,SENSORY
97,0,-0.0281839,1,SENSORY
98,0,-1.8341,1,SENSORY
99,0,0,1,SENSORY
100,0,-0.0281839,1,SENSORY
101,0,-0.961139,1,SENSORY
102,0,-0.917052,1,SENSORY
103,0,-0.917052,1,SENSORY
104,0,0,1,SENSORY
105,0,0,1,SENSORY
106,0,-0.961139,1,SENSORY
107,0,-0.0281839,1,SENSORY
108,0,0,1,SENSORY
109,0,0,1,SENSORY
110,0,0,1,SENSORY
111,0,-1.8341,1,SENSORY
112,0,0,1,SENSORY
113,0,0,1,SENSORY
114,0,-0.917052,1,SENSORY
115,0,-0.961139,1,SENSORY
116,0,-0.0281839,1,SENSORY
117,0,0,1,SENSORY
118,0,0,1,SENSORY
119,0,-0.0281839,1,SENSORY
120,0,-0.961139,1,SENSORY
121,0,-0.961139,1,SENSORY
122,0,-0.0281839,1,SENSORY
123,0,-0.917052,1,SENSORY
124,0,0,1,SENSORY
125,0,-0.917052,1,SENSORY
126,0,-0.961139,1,SENSORY
127,0,0,1,SENSORY
128,0,0,1,SENSORY
129,0,-1.8341,1,SENSORY
130,0,-0.917052,1,SENSORY
131,0,-1.8452,1,SENSORY
132,0,0,1,SENSORY
133,0,-0.917052,1,SENSORY
134,0,-0.961139,1,SENSORY
135,0,-0.917052,1,SENSORY
136,0,0,1,SENSORY
137,0,0,1,SENSORY
138,0,0,1,SENSORY
139,0,-0.917052,1,SENSORY
140,0,-0.917052,1,SENSORY
141,0,-0.917052,1,SENSORY
142,0,-0.0281839,1,SENSORY
143,0,-0.961139,1,SENSORY
144,0,0,1,SENSORY
145,0,-0.961139,1,SENSORY
146,0,-0.961139,1,SENSORY
147,0,-0.961139,1,SENSORY
148,0,-0.917052,1,SENSORY
149,0,0,1,SENSORY
150,0,-0.961139,1,SENSORY
151,0,-1.8341,1,SENSORY
152,0,-0.961139,1,SENSORY
153,0,-1.8452,1,SENSORY
154,0,-0.917052,1,SENSORY
155,0,-0.917052,1,SENSORY
156,0,0,1,SENSORY
157,0,-0.961139,1,SENSORY
158,0,-0.917052,1,SENSORY
159,0,-0.917052,1,SENSORY
160,0,0,1,SENSORY
161,0,-0.0281839,1,SENSORY
162,0,0,1,SENSORY
163,0,-0.961139,1,SENSORY
164,0,0,1,SENSORY
165,0,-0.961139,1,SENSORY
166,0,-0.961139,1,SENSORY
167,0,-0.0329936,1,SENSORY
168,0,-0.961139,1,SENSORY
169,0,-1.8341,1,SENSORY
170,0,-0.917052,1,SENSORY
171,0,-0.961139,1,SENSORY
172,0,0,1,SENSORY
173,0,0,1,SENSORY
174,0,0,1,SENSORY
175,0,-0.917052,1,SENSORY
176,0,-0.917052,1,SENSORY
177,0,-1.8341,1,SENSORY
178,0,-0.961139,1,SENSORY
179,0,0,1,SENSORY
180,0,0,1,SENSORY
181,0,-0.917052,1,SENSORY
182,0,-0.961139,1,SENSORY
183,0,0,1,SENSORY
184,0,-0.961139,1,SENSORY
185,0,0,1,SENSORY
186,0,-1.8341,1,SENSORY
187,0,-0.961139,1,SENSORY
188,0,-0.917052,1,SENSORY
189,0,-0.961139,1,SENSORY
190,0,-0.961139,1,SENSORY
191,0,0,1,SENSORY
192,0,-0.0329936,1,SENSORY
193,0,-1.8341,1,SENSORY
194,0,0,1,SENSORY
195,0,-0.917052,1,SENSORY
196,0,-0.917052,1,SENSORY
197,0,0,1,SENSORY
198,0,-0.0281839,1,SENSORY
199,0,-0.917052,1,SENSORY
200,0,-0.0281839,1,SENSORY
201,0,-0.917052,1,SENSORY
202,0,-0.917052,1,SENSORY
203,0,-0.961139,1,SENSORY
204,0,0,1,SENSORY
205,0,-0.917052,1,SENSORY
206,0,0,1,SENSORY
207,0,-0.917052,1,SENSORY
208,0,-1.8452,1,SENSORY
209,0,0,1,SENSORY
210,0,-1.8341,1,SENSORY
211,0,-1.8341,1,SENSORY
212,0,-0.961139,1,SENSORY
213,0,-0.917052,1,SENSORY
214,0,0,1,SENSORY
215,0,0,1,SENSORY
216,0,0,1,SENSORY
217,0,-0.961139,1,SENSORY
218,0,-0.0281839,1,SENSORY
219,0,0,1,SENSORY
220,0,0,1,SENSORY
221,0,0,1,SENSORY
222,0,-1.8341,1,SENSORY
223,0,0,1,SENSORY
224,0,0,1,SENSORY
225,0,-0.961139,1,SENSORY
226,0,-0.961139,1,SENSORY
227,0,0,1,SENSORY
228,0,-0.961139,1,SENSORY
229,0,-0.961139,1,SENSORY
230,0,0,1,SENSORY
231,0,0,1,SENSORY
232,0,-0.917052,1,SENSORY
233,0,-0.961139,1,SENSORY
234,0,-0.950045,1,SENSORY
235,0,0,1,SENSORY
236,0,-0.961139,1,SENSORY
237,0,-1.8341,1,SENSORY
238,0,-0.0281839,1,SENSORY
239,0,-0.0329936,1,SENSORY
240,0,0,1,SENSORY
241,0,-0.961139,1,SENSORY
242,0,0,1,SENSORY
243,0,0,1,SENSORY
244,0,-0.0281839,1,SENSORY
245,0,-0.917052,1,SENSORY
246,0,-0.917052,1,SENSORY
247,0,-0.961139,1,SENSORY
248,0,-0.917052,1,SENSORY
249,0,-0.961139,1,SENSORY
250,0,-1.8341,1,SENSORY
251,0,-0.950045,1,SENSORY
252,0,0,1,SENSORY
253,0,-0.917052,1,SENSORY
254,0,0,1,SENSORY
255,0,-0.961139,1,SENSORY
256,0,-0.0281839,1,SENSORY
257,0,0,1,SENSORY
258,0,-1.8341,1,SENSORY
259,0,-0.961139,1,SENSORY
260,0,-0.961139,1,SENSORY
261,0,-0.0329936,1,SENSORY
262,0,-1.8341,1,SENSORY
263,0,-0.917052,1,SENSORY
264,0,0,1,SENSORY
265,0,-0.0281839,1,SENSORY
266,0,-0.961139,1,SENSORY
267,0,0,1,SENSORY
268,0,-0.961139,1,SENSORY
269,0,-0.917052,1,SENSORY
270,0,-0.0281839,1,SENSORY
271,0,-1.8341,1,SENSORY
272,0,-0.917052,1,SENSORY
273,0,0,1,SENSORY
274,0,-0.917052,1,SENSORY
275,0,-0.917052,1,SENSORY
276,0,-0.961139,1,SENSORY
277,0,-0.961139,1,SENSORY
278,0,-0.961139,1,SENSORY
279,0,-0.0281839,1,SENSORY
280,0,-0.917052,1,SENSORY
281,0,-0.917052,1,SENSORY
282,0,-1.8341,1,SENSORY
283,0,0,1,SENSORY
284,0,-0.961139,1,SENSORY
285,0,-0.961139,1,SENSORY
286,0,0,1,SENSORY
287,0,0,1,SENSORY
288,0,-0.917052,1,SENSORY
289,0,-0.961139,1,SENSORY
290,0,-0.961139,1,SENSORY
291,0,0,1,SENSORY
292,0,-0.961139,1,SENSORY
293,0,-0.961139,1,SENSORY
294,0,-0.0281839,1,SENSORY
295,0,-0.917052,1,SENSORY
296,0,-0.917052,1,SENSORY
297,0,-0.917052,1,SENSORY
298,0,0,1,SENSORY
299,0,-0.0281839,1,SENSORY
300,0,0,1,SENSORY
301,0,0,1,SENSORY
302,0,0,1,SENSORY
303,0,0,1,SENSORY
304,0,-0.917052,1,SENSORY
305,0,-0.961139,1,SENSORY
306,0,-0.961139,1,SENSORY
307,0,-0.917052,1,SENSORY
308,0,0,1,SENSORY
309,0,-0.950045,1,SENSORY
310,0,0,1,SENSORY
311,0,-0.917052,1,SENSORY
312,0,-0.961139,1,SENSORY
313,0,0,1,SENSORY
314,0,-0.961139,1,SENSORY
315,0,-0.961139,1,SENSORY
316,0,-0.917052,1,SENSORY
317,0,0,1,SENSORY
318,0,-1.01208,1,SENSORY
319,0,0,1,SENSORY
320,0,-0.961139,1,SENSORY
321,0,-0.961139,1,SENSORY
322,0,-0.961139,1,SENSORY
323,0,0,1,SENSORY
324,0,0,1,SENSORY
325,0,-0.961139,1,SENSORY
326,0,-0.961139,1,SENSORY
327,0,0,1,SENSORY
328,0,-0.961139,1,SENSORY
329,0,-1.8341,1,SENSORY
330,0,-0.917052,1,SENSORY
331,0,-0.961139,1,SENSORY
332,0,-1.8341,1,SENSORY
333,0,0,1,SENSORY
334,0,-0.917052,1,SENSORY
335,0,-0.961139,1,SENSORY
336,0,0,1,SENSORY
337,0,0,1,SENSORY
338,0,-1.8341,1,SENSORY
339,0,-0.961139,1,SENSORY
340,0,-0.0329936,1,SENSORY
341,0,-0.961139,1,SENSORY
342,0,0,1,SENSORY
343,0,-0.917052,1,SENSORY
344,0,-0.0281839,1,SENSORY
345,0,0,1,SENSORY
346,0,-0.0281839,1,SENSORY
347,0,-1.01208,1,SENSORY
348,0,-0.0281839,1,SENSORY
349,0,-0.961139,1,SENSORY
350,0,0,1,SENSORY
351,0,0,1,SENSORY
352,0,-0.961139,1,SENSORY
353,0,-0.961139,1,SENSORY
354,0,-0.961139,1,SENSORY
355,0,0,1,SENSORY
356,0,-0.961139,1,SENSORY
357,0,0,1,SENSORY
358,0,0,1,SENSORY
359,0,-0.961139,1,SENSORY
360,0,0,1,SENSORY
361,0,-0.961139,1,SENSORY
362,0,0,1,SENSORY
363,0,-0.917052,1,SENSORY
364,0,0,1,SENSORY
365,0,-0.917052,1,SENSORY
366,0,-0.961139,1,SENSORY
367,0,0,1,SENSORY
368,0,-0.917052,1,SENSORY
369,0,0,1,SENSORY
370,0,0,1,SENSORY
371,0,0,1,SENSORY
372,0,-0.917052,1,SENSORY
373,0,0,1,SENSORY
374,0,-0.917052,1,SENSORY
375,0,-0.961139,1,SENSORY
376,0,0,1,SENSORY
377,0,-0.917052,1,SENSORY
378,0,-1.8452,1,SENSORY
379,0,-0.961139,1,SENSORY
380,0,-0.961139,1,SENSORY
381,0,0,1,SENSORY
382,0,-0.0281839,1,SENSORY
383,0,-1.8341,1,SENSORY
384,0,0,1,SENSORY
385,0,-0.0281839,1,SENSORY
386,0,-0.961139,1,SENSORY
387,0,-0.961139,1,SENSORY
388,0,-0.961139,1,SENSORY
389,0,-1.8341,1,SENSORY
390,0,-0.917052,1,SENSORY
391,0,0,1,SENSORY
392,0,-0.917052,1,SENSORY
393,0,-0.950045,1,SENSORY
394,0,-0.917052,1,SENSORY
395,0,0,1,SENSORY
396,0,0,1,SENSORY
397,0,0,1,SENSORY
398,0,0,1,SENSORY
399,0,0,1,SENSORY
400,0,-0.0281839,1,SENSORY
401,0,-0.928145,1,SENSORY
402,0,0,1,SENSORY
403,0,0,1,SENSORY
404,0,-0.961139,1,SENSORY
405,0,-0.961139,1,SENSORY
406,0,-1.8341,1,SENSORY
407,0,0,1,SENSORY
408,0,-0.950045,1,SENSORY
409,0,0,1,SENSORY
410,0,-0.961139,1,SENSORY
411,0,-0.917052,1,SENSORY
412,0,-0.0281839,1,SENSORY
413,0,-1.01208,1,SENSORY
414,0,0,1,SENSORY
415,0,0,1,SENSORY
416,0,-0.917052,1,SENSORY
417,0,-0.917052,1,SENSORY
418,0,-0.961139,1,SENSORY
419,0,-0.917052,1,SENSORY
420,0,0,1,SENSORY
421,0,-0.917052,1,SENSORY
422,0,0,1,SENSORY
423,0,-0.917052,1,SENSORY
424,0,0,1,SENSORY
425,0,0,1,SENSORY
426,0,-0.0281839,1,SENSORY
427,0,0,1,SENSORY
428,0,-0.917052,1,SENSORY
429,0,-0.917052,1,SENSORY
430,0,-0.917052,1,SENSORY
431,0,0,1,SENSORY
432,0,-0.928145,1,SENSORY
433,0,0,1,SENSORY
434,0,-0.917052,1,SENSORY
435,0,0,1,SENSORY
436,0,-0.917052,1,SENSORY
437,0,0,1,SENSORY
438,0,0,1,SENSORY
439,0,-1.8341,1,SENSORY
440,0,-0.961139,1,SENSORY
441,0,-0.961139,1,SENSORY
442,0,-0.917052,1,SENSORY
443,0,-0.0281839,1,SENSORY
444,0,-0.961139,1,SENSORY
445,0,0,1,SENSORY
446,0,0,1,SENSORY
447,0,0,1,SENSORY
448,0,-0.917052,1,SENSORY
449,0,0,1,SENSORY
450,0,-0.917052,1,SENSORY
451,0,-0.917052,1,SENSORY
452,0,0,1,SENSORY
453,0,-0.917052,1,SENSORY
454,0,0,1,SENSORY
455,0,-0.917052,1,SENSORY
456,0,0,1,SENSORY
457,0,0,1,SENSORY
458,0,0,1,SENSORY
459,0,-0.917052,1,SENSORY
460,0,0,1,SENSORY
461,0,-0.0281839,1,SENSORY
462,0,-0.961139,1,SENSORY
463,0,-0.917052,1,SENSORY
464,0,-0.0281839,1,SENSORY
465,0,-0.961139,1,SENSORY
466,0,-0.917052,1,SENSORY
467,0,-1.01208,1,SENSORY
468,0,0,1,SENSORY
469,0,-0.917052,1,SENSORY
470,0,0,1,SENSORY
471,0,0,1,SENSORY
472,0,-0.917052,1,SENSORY
473,0,-0.917052,1,SENSORY
474,0,-0.0281839,1,SENSORY
475,0,-0.0329936,1,SENSORY
476,0,-0.0281839,1,SENSORY
477,0,-1.8341,1,SENSORY
478,0,-0.961139,1,SENSORY
479,0,-0.961139,1,SENSORY
480,0,-0.917052,1,SENSORY
481,0,0,1,SENSORY
482,0,-0.917052,1,SENSORY
483,0,-0.917052,1,SENSORY
484,0,-1.8341,1,SENSORY
485,0,-0.0281839,1,SENSORY
486,0,-0.0281839,1,SENSORY
487,0,-0.961139,1,SENSORY
488,0,-0.961139,1,SENSORY
489,0,-0.917052,1,SENSORY
490,0,0,1,SENSORY
491,0,0,1,SENSORY
492,0,0,1,SENSORY
493,0,0,1,SENSORY
494,0,-0.961139,1,SENSORY
495,0,-0.917052,1,SENSORY
496,0,-0.0281839,1,SENSORY
497,0,-0.917052,1,SENSORY
498,0,-0.961139,1,SENSORY
499,0,-0.917052,1,SENSORY
500,0,-0.917052,1,SENSORY
501,0,0,1,SENSORY
502,0,0,1,SENSORY
503,0,-0.961139,1,SENSORY
504,0,-1.8341,1,SENSORY
505,0,0,1,SENSORY
506,0,-0.917052,1,SENSORY
507,0,-1.8341,1,SENSORY
508,0,0,1,SENSORY
509,0,0,1,SENSORY
510,0,0,1,SENSORY
511,0,-0.961139,1,SENSORY
512,0,0,1,SENSORY
513,0,-0.0281839,1,SENSORY
514,0,0,1,SENSORY
515,0,0,1,SENSORY
516,0,-0.961139,1,SENSORY
517,0,-0.961139,1,SENSORY
518,0,-0.0281839,1,SENSORY
519,0,-0.917052,1,SENSORY
520,0,0,1,SENSORY
521,0,0,1,SENSORY
522,0,-0.917052,1,SENSORY
523,0,0,1,SENSORY
524,0,-0.917052,1,SENSORY
525,0,0,1,SENSORY
526,0,-0.917052,1,SENSORY
527,0,0,1,SENSORY
528,0,-0.950045,1,SENSORY
529,0,-0.917052,1,SENSORY
530,0,0,1,SENSORY
531,0,-0.961139,1,SENSORY
532,0,-0.961139,1,SENSORY
533,0,-0.0281839,1,SENSORY
534,0,-0.917052,1,SENSORY
535,0,-0.0281839,1,SENSORY
536,0,0,1,SENSORY
537,0,-0.961139,1,SENSORY
538,0,-0.928145,1,SENSORY
539,0,-0.961139,1,SENSORY
540,0,0,1,SENSORY
541,0,0,1,SENSORY
542,0,-0.0281839,1,SENSORY
543,0,-0.917052,1,SENSORY
544,0,-0.917052,1,SENSORY
545,0,-0.961139,1,SENSORY
546,0,-0.0281839,1,SENSORY
547,0,-0.0281839,1,SENSORY
548,0,-0.961139,1,SENSORY
549,0,-1.8341,1,SENSORY
550,0,-0.961139,1,SENSORY
551,0,0,1,SENSORY
552,0,-0.0281839,1,SENSORY
553,0,-0.917052,1,SENSORY
554,0,-0.0281839,1,SENSORY
555,0,0,1,SENSORY
556,0,0,1,SENSORY
557,0,-1.01208,1,SENSORY
558,0,-0.917052,1,SENSORY
559,0,-0.917052,1,SENSORY
560,0,-0.917052,1,SENSORY
561,0,-0.917052,1,SENSORY
562,0,0,1,SENSORY
563,0,-0.0281839,1,SENSORY
564,0,0,1,SENSORY
565,0,-0.0281839,1,SENSORY
566,0,-0.917052,1,SENSORY
567,0,-0.928145,1,SENSORY
568,0,-0.917052,1,SENSORY
569,0,-0.917052,1,SENSORY
570,0,-0.928145,1,SENSORY
571,0,-0.917052,1,SENSORY
572,0,-0.961139,1,SENSORY
573,0,0,1,SENSORY
574,0,0,1,SENSORY
575,0,-0.961139,1,SENSORY
576,0,0,1,SENSORY
577,0,-0.961139,1,SENSORY
578,0,-1.8341,1,SENSORY
579,0,-1.8341,1,SENSORY
580,0,-0.0281839,1,SENSORY
581,0,-0.0281839,1,SENSORY
582,0,0,1,SENSORY
583,0,-0.961139,1,SENSORY
584,0,-0.961139,1,SENSORY
585,0,0,1,SENSORY
586,0,0,1,SENSORY
587,0,-0.917052,1,SENSORY
588,0,-1.8341,1,SENSORY
589,0,-0.917052,1,SENSORY
590,0,-1.8341,1,SENSORY
591,0,-0.961139,1,SENSORY
592,0,0,1,SENSORY
593,0,-0.917052,1,SENSORY
594,0,0,1,SENSORY
595,0,-0.0281839,1,SENSORY
596,0,-0.0281839,1,SENSORY
597,0,-0.0281839,1,SENSORY
598,0,0,1,SENSORY
599,0,-0.961139,1,SENSORY
600,0,-0.917052,1,SENSORY
601,0,-0.961139,1,SENSORY
602,0,0,1,SENSORY
603,0,-0.961139,1,SENSORY
604,0,-0.917052,1,SENSORY
605,0,-0.917052,1,SENSORY
606,0,-0.961139,1,SENSORY
607,0,0,1,SENSORY
608,0,-0.961139,1,SENSORY
609,0,-0.917052,1,SENSORY
610,0,-1.8341,1,SENSORY
611,0,0,1,SENSORY
612,0,-0.961139,1,SENSORY
613,0,-1.8341,1,SENSORY
614,0,0,1,SENSORY
615,0,-0.917052,1,SENSORY
616,0,0,1,SENSORY
617,0,-0.917052,1,SENSORY
618,0,-0.961139,1,SENSORY
619,0,-0.917052,1,SENSORY
620,0,-1.8341,1,SENSORY
621,0,0,1,SENSORY
622,0,-0.917052,1,SENSORY
623,0,-0.961139,1,SENSORY
624,0,0,1,SENSORY
625,0,-1.01208,1,SENSORY
626,0,-0.917052,1,SENSORY
627,0,-0.917052,1,SENSORY
628,0,0,1,SENSORY
629,0,-1.8341,1,SENSORY
630,0,0,1,SENSORY
631,0,0,1,SENSORY
632,0,0,1,SENSORY
633,0,-0.917052,1,SENSORY
634,0,-0.961139,1,SENSORY
635,0,-0.961139,1,SENSORY
636,0,0,1,SENSORY
637,0,-0.917052,1,SENSORY
638,0,-0.961139,1,SENSORY
639,0,-0.917052,1,SENSORY
640,0,-0.961139,1,SENSORY
641,0,-0.917052,1,SENSORY
642,0,0,1,SENSORY
643,0,-0.961139,1,SENSORY
644,0,-0.961139,1,SENSORY
645,0,0,1,SENSORY
646,0,-0.917052,1,SENSORY
647,0,-0.961139,1,SENSORY
648,0,0,1,SENSORY
649,0,-0.0329936,1,SENSORY
650,0,0,1,SENSORY
651,0,-0.961139,1,SENSORY
652,0,0,1,SENSORY
653,0,0,1,SENSORY
654,0,0,1,SENSORY
655,0,-0.917052,1,SENSORY
656,0,-1.8341,1,SENSORY
657,0,0,1,SENSORY
658,0,-0.961139,1,SENSORY
659,0,-0.0281839,1,SENSORY
660,0,-0.917052,1,SENSORY
661,0,0,1,SENSORY
662,0,-0.961139,1,SENSORY
663,0,0,1,SENSORY
664,0,-0.917052,1,SENSORY
665,0,0,1,SENSORY
666,0,0,1,SENSORY
667,0,0,1,SENSORY
668,0,-0.917052,1,SENSORY
669,0,-0.0281839,1,SENSORY
670,0,0,1,SENSORY
671,0,-1.8341,1,SENSORY
672,0,-0.917052,1,SENSORY
673,0,-0.961139,1,SENSORY
674,0,-0.961139,1,SENSORY
675,0,-1.8341,1,SENSORY
676,0,0,1,SENSORY
677,0,0,1,SENSORY
678,0,0,1,SENSORY
679,0,-0.0329936,1,SENSORY
680,0,-1.8341,1,SENSORY
681,0,-0.961139,1,SENSORY
682,0,-0.961139,1,SENSORY
683,0,-0.961139,1,SENSORY
684,0,-0.0281839,1,SENSORY
685,0,-0.0281839,1,SENSORY
686,0,-0.950045,1,SENSORY
687,0,-0.0281839,1,SENSORY
688,0,-0.961139,1,SENSORY
689,0,-0.961139,1,SENSORY
690,0,-0.917052,1,SENSORY
691,0,0,1,SENSORY
692,0,-0.917052,1,SENSORY
693,0,-0.917052,1,SENSORY
694,0,-0.961139,1,SENSORY
695,0,-1.8341,1,SENSORY
696,0,0,1,SENSORY
697,0,-0.0281839,1,SENSORY
698,0,0,1,SENSORY
699,0,0,1,SENSORY
700,0,-0.961139,1,SENSORY
701,0,-0.917052,1,SENSORY
702,0,0,1,SENSORY
703,0,-0.0281839,1,SENSORY
704,0,-0.961139,1,SENSORY
705,0,0,1,SENSORY
706,0,-0.961139,1,SENSORY
707,0,-1.8341,1,SENSORY
708,0,-0.961139,1,SENSORY
709,0,-1.8341,1,SENSORY
710,0,-0.917052,1,SENSORY
711,0,0,1,SENSORY
712,0,0,1,SENSORY
713,0,-0.961139,1,SENSORY
714,0,-0.961139,1,SENSORY
715,0,-1.8341,1,SENSORY
716,0,-0.917052,1,SENSORY
717,0,-0.961139,1,SENSORY
718,0,-0.917052,1,SENSORY
719,0,0,1,SENSORY
720,0,0,1,SENSORY
721,0,-0.928145,1,SENSORY
722,0,-0.961139,1,SENSORY
723,0,0,1,SENSORY
724,0,-0.0329936,1,SENSORY
725,0,-0.917052,1,SENSORY
726,0,-0.917052,1,SENSORY
727,0,0,1,SENSORY
728,0,-0.961139,1,SENSORY
729,0,-0.961139,1,SENSORY
730,0,-0.961139,1,SENSORY
731,0,-0.0281839,1,SENSORY
732,0,0,1,SENSORY
733,0,-0.0281839,1,SENSORY
734,0,0,1,SENSORY
735,0,0,1,SENSORY
736,0,-0.961139,1,SENSORY
737,0,-0.961139,1,SENSORY
738,0,-1.8341,1,SENSORY
739,0,-0.917052,1,SENSORY
740,0,0,1,SENSORY
741,0,-0.917052,1,SENSORY
742,0,-0.961139,1,SENSORY
743,0,0,1,SENSORY
744,0,-0.0281839,1,SENSORY
745,0,-0.961139,1,SENSORY
746,0,0,1,SENSORY
747,0,0,1,SENSORY
748,0,-0.961139,1,SENSORY
749,0,0,1,SENSORY
750,0,-0.961139,1,SENSORY
751,0,0,1,SENSORY
752,0,-0.961139,1,SENSORY
753,0,0,1,SENSORY
754,0,-0.0281839,1,SENSORY
755,0,-0.961139,1,SENSORY
756,0,-0.917052,1,SENSORY
757,0,-0.0281839,1,SENSORY
758,0,-0.917052,1,SENSORY
759,0,-0.917052,1,SENSORY
760,0,0,1,SENSORY
761,0,0,1,SENSORY
762,0,-1.8341,1,SENSORY
763,0,-0.961139,1,SENSORY
764,0,-0.0110931,1,SENSORY
765,0,-0.961139,1,SENSORY
766,0,-1.8341,1,SENSORY
767,0,-0.961139,1,SENSORY
768,0,-0.917052,1,SENSORY
769,0,-0.961139,1,SENSORY
770,0,-0.917052,1,SENSORY
771,0,-0.917052,1,SENSORY
772,0,-0.961139,1,SENSORY
773,0,0,1,SENSORY
774,0,-0.961139,1,SENSORY
775,0,-0.961139,1,SENSORY
776,0,-1.8341,1,SENSORY
777,0,-0.961139,1,SENSORY
778,0,-1.8452,1,SENSORY
779,0,-0.917052,1,SENSORY
780,0,0,1,SENSORY
781,0,0,1,SENSORY
782,0,-0.0281839,1,SENSORY
783,0,-0.961139,1,SENSORY
784,0,-0.0281839,1,SENSORY
785,0,0,1,SENSORY
786,0,0,1,SENSORY
787,0,-0.961139,1,SENSORY
788,0,-0.961139,1,SENSORY
789,0,-0.917052,1,SENSORY
790,0,-0.0329936,1,SENSORY
791,0,-0.917052,1,SENSORY
792,0,-0.950045,1,SENSORY
793,0,0,1,SENSORY
794,0,0,1,SENSORY
795,0,-0.0281839,1,SENSORY
796,0,-0.917052,1,SENSORY
797,0,-0.917052,1,SENSORY
798,0,0,1,SENSORY
799,0,0,1,SENSORY
800,0,0,1,SENSORY
801,0,-0.961139,1,SENSORY
802,0,0,1,SENSORY
803,0,-0.917052,1,SENSORY
804,0,0,1,SENSORY
805,0,0,1,SENSORY
806,0,-0.961139,1,SENSORY
807,0,0,1,SENSORY
808,0,-0.917052,1,SENSORY
809,0,-0.917052,1,SENSORY
810,0,-0.961139,1,SENSORY
811,0,-0.917052,1,SENSORY
812,0,0,1,SENSORY
813,0,-0.961139,1,SENSORY
814,0,0,1,SENSORY
815,0,-0.961139,1,SENSORY
816,0,-0.0281839,1,SENSORY
817,0,-0.917052,1,SENSORY
818,0,-0.961139,1,SENSORY
819,0,0,1,SENSORY
820,0,-0.961139,1,SENSORY
821,0,-0.961139,1,SENSORY
822,0,0,1,SENSORY
823,0,-0.917052,1,SENSORY
824,0,0,1,SENSORY
825,0,-0.961139,1,SENSORY
826,0,0,1,SENSORY
827,0,-0.917052,1,SENSORY
828,0,0,1,SENSORY
829,0,0,1,SENSORY
830,0,-0.961139,1,SENSORY
831,0,-0.917052,1,SENSORY
832,0,-0.0281839,1,SENSORY
833,0,-0.961139,1,SENSORY
834,0,0,1,SENSORY
835,0,0,1,SENSORY
836,0,0,1,SENSORY
837,0,-0.961139,1,SENSORY
838,0,0,1,SENSORY
839,0,0,1,SENSORY
840,0,0,1,SENSORY
841,0,-1.8341,1,SENSORY
842,0,-0.917052,1,SENSORY
843,0,0,1,SENSORY
844,0,0,1,SENSORY
845,0,0,1,SENSORY
846,0,0,1,SENSORY
847,0,0,1,SENSORY
848,0,-0.961139,1,SENSORY
849,0,-0.917052,1,SENSORY
850,0,-0.961139,1,SENSORY
851,0,0,1,SENSORY
852,0,0,1,SENSORY
853,0,-0.961139,1,SENSORY
854,0,-0.917052,1,SENSORY
855,0,-0.917052,1,SENSORY
856,0,-0.961139,1,SENSORY
857,0,-0.917052,1,SENSORY
858,0,-0.0281839,1,SENSORY
859,0,-0.917052,1,SENSORY
860,0,-0.917052,1,SENSORY
861,0,0,1,SENSORY
862,0,-1.8341,1,SENSORY
863,0,-0.950045,1,SENSORY
864,0,-0.917052,1,SENSORY
865,0,0,1,SENSORY
866,0,-0.917052,1,SENSORY
867,0,-0.0329936,1,SENSORY
868,0,0,1,SENSORY
869,0,-1.8341,1,SENSORY
870,0,-0.0281839,1,SENSORY
871,0,-0.917052,1,SENSORY
872,0,-0.917052,1,SENSORY
873,0,-0.961139,1,SENSORY
874,0,-0.961139,1,SENSORY
875,0,-0.961139,1,SENSORY
876,0,0,1,SENSORY
877,0,-0.917052,1,SENSORY
878,0,-0.961139,1,SENSORY
879,0,-1.8341,1,SENSORY
880,0,-0.961139,1,SENSORY
881,0,-0.0281839,1,SENSORY
882,0,-0.961139,1,SENSORY
883,0,0,1,SENSORY
884,0,-0.961139,1,SENSORY
885,0,0,1,SENSORY
886,0,-0.0281839,1,SENSORY
887,0,-1.8341,1,SENSORY
888,0,-0.917052,1,SENSORY
889,0,0,1,SENSORY
890,0,0,1,SENSORY
891,0,-0.961139,1,SENSORY
892,0,-1.8341,1,SENSORY
893,0,0,1,SENSORY
894,0,0,1,SENSORY
895,0,0,1,SENSORY
896,0,-0.917052,1,SENSORY
897,0,-0.961139,1,SENSORY
898,0,-0.917052,1,SENSORY
899,0,0,1,SENSORY
900,0,-0.961139,1,SENSORY
901,0,-0.0281839,1,SENSORY
902,0,0,1,SENSORY
903,0,-0.961139,1,SENSORY
904,0,0,1,SENSORY
905,0,-0.917052,1,SENSORY
906,0,-0.961139,1,SENSORY
907,0,0,1,SENSORY
908,0,-0.961139,1,SENSORY
909,0,-0.961139,1,SENSORY
910,0,-0.0281839,1,SENSORY
911,0,0,1,SENSORY
912,0,0,1,SENSORY
913,0,-0.961139,1,SENSORY
914,0,0,1,SENSORY
915,0,0,1,SENSORY
916,0,-0.961139,1,SENSORY
917,0,-1.8341,1,SENSORY
918,0,0,1,SENSORY
919,0,-0.961139,1,SENSORY
920,0,-1.8341,1,SENSORY
921,0,-1.8341,1,SENSORY
922,0,0,1,SENSORY
923,0,-0.961139,1,SENSORY
924,0,0,1,SENSORY
925,0,-0.961139,1,SENSORY
926,0,-0.961139,1,SENSORY
927,0,0,1,SENSORY
928,0,-0.961139,1,SENSORY
929,0,0,1,SENSORY
930,0,0,1,SENSORY
931,0,0,1,SENSORY
932,0,-0.961139,1,SENSORY
933,0,0,1,SENSORY
934,0,-0.961139,1,SENSORY
935,0,-0.0281839,1,SENSORY
936,0,-0.917052,1,SENSORY
937,0,0,1,SENSORY
938,0,-0.917052,1,SENSORY
939,0,-0.917052,1,SENSORY
940,0,-1.8452,1,SENSORY
941,0,-0.0110931,1,SENSORY
942,0,0,1,SENSORY
943,0,-0.961139,1,SENSORY
944,0,0,1,SENSORY
945,0,-0.917052,1,SENSORY
946,0,-0.961139,1,SENSORY
947,0,0,1,SENSORY
948,0,-0.961139,1,SENSORY
949,0,-0.0281839,1,SENSORY
950,0,-0.961139,1,SENSORY
951,0,-0.917052,1,SENSORY
952,0,-0.917052,1,SENSORY
953,0,-0.961139,1,SENSORY
954,0,-0.917052,1,SENSORY
955,0,-1.8341,1,SENSORY
956,0,-0.917052,1,SENSORY
957,0,-0.0281839,1,SENSORY
958,0,-0.0281839,1,SENSORY
959,0,-0.917052,1,SENSORY
960,0,-0.917052,1,SENSORY
961,0,-0.961139,1,SENSORY
962,0,0,1,SENSORY
963,0,-1.8341,1,SENSORY
964,0,0,1,SENSORY
965,0,-0.0281839,1,SENSORY
966,0,-1.01208,1,SENSORY
967,0,-0.0329936,1,SENSORY
968,0,0,1,SENSORY
969,0,-0.917052,1,SENSORY
970,0,0,1,SENSORY
971,0,0,1,SENSORY
972,0,-0.0281839,1,SENSORY
973,0,-0.0329936,1,SENSORY
974,0,-1.8341,1,SENSORY
975,0,-0.0281839,1,SENSORY
976,0,0,1,SENSORY
977,0,-0.961139,1,SENSORY
978,0,-1.8341,1,SENSORY
979,0,0,1,SENSORY
980,0,0,1,SENSORY
981,0,-0.961139,1,SENSORY
982,0,0,1,SENSORY
983,0,-0.917052,1,SENSORY
984,0,-0.0329936,1,SENSORY
985,0,-0.961139,1,SENSORY
986,0,-0.917052,1,SENSORY
987,0,-0.961139,1,SENSORY
988,0,-0.0281839,1,SENSORY
989,0,-0.917052,1,SENSORY
990,0,-1.8341,1,SENSORY
991,0,-0.0281839,1,SENSORY
992,0,-0.961139,1,SENSORY
993,0,0,1,SENSORY
994,0,-0.961139,1,SENSORY
995,0,0,1,SENSORY
996,0,0,1,SENSORY
997,0,-1.01208,1,SENSORY
998,0,-0.917052,1,SENSORY
999,0,-1.8341,1,SENSORY
1000,0,-369.299,8,SENSORY
1001,0,-403.835,0,SENSORY
1002,0,-362.247,8,SENSORY
1003,0,0,1,SENSORY
1004,0,-523.009,6,SENSORY
1005,0,-445.195,3,SENSORY
1006,0,-170.304,7,SENSORY
1007,0,-452.679,3,SENSORY
1008,0,-225.461,4,SENSORY
1009,0,0,1,SENSORY
1010,0,-516.252,6,SENSORY
1011,0,-485.554,5,SENSORY
1012,0,-498.302,5,SENSORY
1013,0,-471.495,5,SENSORY
1014,0,-544.232,6,SENSORY
1015,0,-459.558,5,SENSORY
1016,0,-316.97,9,SENSORY
1017,0,0,1,SENSORY
1018,0,-80.7777,2,SENSORY
1019,0,-480.793,5,SENSORY
1020,0,-402.846,0,SENSORY
1021,0,-449.892,3,SENSORY
1022,0,-545.456,6,SENSORY
1023,0,-540.455,6,SENSORY
1024,0,-437.879,3,SENSORY
1025,0,-499.261,5,SENSORY
1026,0,-489.045,5,SENSORY
1027,0,-385.977,0,SENSORY
1028,0,-175.74,7,SENSORY
1029,0,-489.728,5,SENSORY
1030,0,-476.683,5,SENSORY
1031,0,0,1,SENSORY
1032,0,-435.693,3,SENSORY
1033,0,-468.125,5,SENSORY
1034,0,-494.166,5,SENSORY
1035,0,-427.918,3,SENSORY
1036,0,-486.052,5,SENSORY
1037,0,-262.939,4,SENSORY
1038,0,-452.038,3,SENSORY
1039,0,-235.06,4,SENSORY
1040,0,-408.503,0,SENSORY
1041,0,-438.406,3,SENSORY
1042,0,-484.463,5,SENSORY
1043,0,-425.761,3,SENSORY
1044,0,-561.186,6,SENSORY
1045,0,-381.669,0,SENSORY
1046,0,-434.51,3,SENSORY
1047,0,-0.92796,1,SENSORY
1048,0,-306.695,9,SENSORY
1049,0,-138.767,7,SENSORY
1050,0,-475.891,5,SENSORY
1051,0,-0.0329936,1,SENSORY
1052,0,-470.259,5,SENSORY
1053,0,-106.994,2,SENSORY
1054,0,-490.2,5,SENSORY
1055,0,-60.3268,2,SENSORY
1056,0,-593.776,6,SENSORY
1057,0,-496.291,5,SENSORY
1058,0,-497.133,5,SENSORY
1059,0,-377.634,0,SENSORY
1060,0,0,1,SENSORY
1061,0,-414.766,3,SENSORY
1062,0,-373.886,0,SENSORY
1063,0,-361.804,8,SENSORY
1064,0,-360.513,8,SENSORY
1065,0,-403.835,0,SENSORY
1066,0,-4.55704,1,SENSORY
1067,0,0,1,SENSORY
1068,0,-512.722,6,SENSORY
1069,0,-281.417,9,SENSORY
1070,0,-403.835,0,SENSORY
1071,0,-384.877,0,SENSORY
1072,0,-238.059,4,SENSORY
1073,0,-177.185,7,SENSORY
1074,0,-401.788,0,SENSORY
1075,0,-172.001,7,SENSORY
1076,0,-237.111,4,SENSORY
1077,0,-500.813,5,SENSORY
1078,0,0,1,SENSORY
1079,0,-513.872,6,SENSORY
1080,0,-469.044,5,SENSORY
1081,0,-497.404,5,SENSORY
1082,0,-293.404,9,SENSORY
1083,0,0,1,SENSORY
1084,0,0,1,SENSORY
1085,0,0,1,SENSORY
1086,0,-470.273,5,SENSORY
1087,0,-371.707,0,SENSORY
1088,0,-375.978,0,SENSORY
1089,0,-125.952,7,SENSORY
1090,0,-219.592,4,SENSORY
1091,0,-457.867,5,SENSORY
1092,0,-472.631,5,SENSORY
1093,0,0,1,SENSORY
1094,0,-365.045,8,SENSORY
1095,0,-31.4343,1,SENSORY
1096,0,0,1,SENSORY
1097,0,-417.134,3,SENSORY
1098,0,-77.8891,2,SENSORY
1099,0,-0.0329936,1,SENSORY
1100,0,-509.802,6,SENSORY
1101,0,0,1,SENSORY
1102,0,-574.8,6,SENSORY
1103,0,-249.945,4,SENSORY
1104,0,-293.34,9,SENSORY
1105,0,-505.272,5,SENSORY
1106,0,-140.568,7,SENSORY
1107,0,-474.829,5,SENSORY
1108,0,-0.0329936,1,SENSORY
1109,0,-249.672,4,SENSORY
1110,0,-78.2757,2,SENSORY
1111,0,-484.13,5,SENSORY
1112,0,0,1,SENSORY
1113,0,-249.446,4,SENSORY
1114,0,-23.2016,1,SENSORY
1115,0,-425.683,3,SENSORY
1116,0,0,1,SENSORY
1117,0,-419.803,3,SENSORY
1118,0,-473.804,5,SENSORY
1119,0,-489.637,5,SENSORY
1120,0,0,1,SENSORY
1121,0,0,1,SENSORY
1122,0,-216.975,4,SENSORY
1123,0,0,1,SENSORY
1124,0,-378.254,0,SENSORY
1125,0,-324.244,9,SENSORY
1126,0,0,1,SENSORY
1127,0,-429.841,3,SENSORY
1128,0,-365.905,8,SENSORY
1129,0,-440.3,3,SENSORY
1130,0,-346.818,8,SENSORY
1131,0,-453.565,3,SENSORY
1132,0,-414.038,3,SENSORY
1133,0,-431.034,3,SENSORY
1134,0,-516.009,6,SENSORY
1135,0,-361.214,8,SENSORY
1136,0,0,1,SENSORY
1137,0,-293.837,9,SENSORY
1138,0,-308.904,9,SENSORY
1139,0,0,1,SENSORY
1140,0,-526.558,6,SENSORY
1141,0,-492.687,5,SENSORY
1142,0,-316.881,9,SENSORY
1143,0,-422.651,3,SENSORY
1144,0,-177.733,7,SENSORY
1145,0,-0.0329936,1,SENSORY
1146,0,-207.325,4,SENSORY
1147,0,-458.435,5,SENSORY
1148,0,-514.985,6,SENSORY
1149,0,0,1,SENSORY
1150,0,-417.532,3,SENSORY
1151,0,-411.1,0,SENSORY
1152,0,-420.79,3,SENSORY
1153,0,-208.197,4,SENSORY
1154,0,-471.668,5,SENSORY
1155,0,-433.463,3,SENSORY
1156,0,-427.768,3,SENSORY
1157,0,-220.472,4,SENSORY
1158,0,-448.968,3,SENSORY
1159,0,-414.735,3,SENSORY
1160,0,0,1,SENSORY
1161,0,-498.047,5,SENSORY
1162,0,-502.441,5,SENSORY
1163,0,-432.629,3,SENSORY
1164,0,0,1,SENSORY
1165,0,-450.486,3,SENSORY
1166,0,-472.29,5,SENSORY
1167,0,-404.763,0,SENSORY
1168,0,-526.019,6,SENSORY
1169,0,-293.814,9,SENSORY
1170,0,-490.593,5,SENSORY
1171,0,-57.9598,2,SENSORY
1172,0,-420.783,3,SENSORY
1173,0,-456.592,5,SENSORY
1174,0,-342.458,8,SENSORY
1175,0,-389.956,0,SENSORY
1176,0,0,1,SENSORY
1177,0,-106.994,2,SENSORY
1178,0,-333.435,8,SENSORY
1179,0,0,1,SENSORY
1180,0,0,1,SENSORY
1181,0,-236.306,4,SENSORY
1182,0,-382.956,0,SENSORY
1183,0,-431.016,3,SENSORY
1184,0,-337.506,8,SENSORY
1185,0,-504.057,5,SENSORY
1186,0,0,1,SENSORY
1187,0,-335.56,8,SENSORY
1188,0,-60.2595,2,SENSORY
1189,0,-221.179,4,SENSORY
1190,0,-421.914,3,SENSORY
1191,0,-454.234,5,SENSORY
1192,0,-540.299,6,SENSORY
1193,0,-1.25015,1,SENSORY
1194,0,-504.157,5,SENSORY
1195,0,-520.024,6,SENSORY
1196,0,-512.7,6,SENSORY
1197,0,-561.535,6,SENSORY
1198,0,-496.426,5,SENSORY
1199,0,-503.646,5,SENSORY
1200,0,-0.0329936,1,SENSORY
1201,0,0,1,SENSORY
1202,0,-343.078,8,SENSORY
1203,0,0,1,SENSORY
1204,0,-508.225,6,SENSORY
1205,0,-203.846,4,SENSORY
1206,0,-480.893,5,SENSORY
1207,0,-483.619,5,SENSORY
1208,0,-96.6745,2,SENSORY
1209,0,-483.619,5,SENSORY
1210,0,-411.856,3,SENSORY
1211,0,-473.295,5,SENSORY
1212,0,-471.138,5,SENSORY
1213,0,-529.191,6,SENSORY
1214,0,0,1,SENSORY
1215,0,-331.622,8,SENSORY
1216,0,-480.34,5,SENSORY
1217,0,-210.879,4,SENSORY
1218,0,-419.115,3,SENSORY
1219,0,0,1,SENSORY
1220,0,-385.977,0,SENSORY
1221,0,-450.187,3,SENSORY
1222,0,-324.277,9,SENSORY
1223,0,-407.284,0,SENSORY
1224,0,-469.042,5,SENSORY
1225,0,-473.874,5,SENSORY
1226,0,-299.152,9,SENSORY
1227,0,-9.18918,1,SENSORY
1228,0,-458.451,5,SENSORY
1229,0,-431.453,3,SENSORY
1230,0,-520.313,6,SENSORY
1231,0,-446.915,3,SENSORY
1232,0,-58.9076,2,SENSORY
1233,0,-518.269,6,SENSORY
1234,0,-445.175,3,SENSORY
1235,0,-337.853,8,SENSORY
1236,0,-319.87,9,SENSORY
1237,0,-558.04,6,SENSORY
1238,0,-431.548,3,SENSORY
1239,0,-464.391,5,SENSORY
1240,0,-487.055,5,SENSORY
1241,0,-603.906,6,SENSORY
1242,0,-443.569,3,SENSORY
1243,0,-338.95,8,SENSORY
1244,0,-306.678,9,SENSORY
1245,0,-634.359,6,SENSORY
1246,0,-470.511,5,SENSORY
1247,0,-511.518,6,SENSORY
1248,0,-511.827,6,SENSORY
1249,0,-502.451,5,SENSORY
1250,0,-463.494,5,SENSORY
1251,0,0,1,SENSORY
1252,0,-415.642,3,SENSORY
1253,0,-413.434,3,SENSORY
1254,0,-505.872,5,SENSORY
1255,0,-499.025,5,SENSORY
1256,0,-439.555,3,SENSORY
1257,0,-419.484,3,SENSORY
1258,0,-540.183,6,SENSORY
1259,0,-473.29,5,SENSORY
1260,0,-516.381,6,SENSORY
1261,0,-89.8973,2,SENSORY
1262,0,-394.971,0,SENSORY
1263,0,-520.251,6,SENSORY
1264,0,0,1,SENSORY
1265,0,-385.977,0,SENSORY
1266,0,-516.074,6,SENSORY
1267,0,-429.345,3,SENSORY
1268,0,-232.078,4,SENSORY
1269,0,-470.412,5,SENSORY
1270,0,-532.174,6,SENSORY
1271,0,-420.496,3,SENSORY
1272,0,-121.682,7,SENSORY
1273,0,-466.711,5,SENSORY
1274,0,-517.266,6,SENSORY
1275,0,0,1,SENSORY
1276,0,-392.34,0,SENSORY
1277,0,-428.278,3,SENSORY
1278,0,-349.004,8,SENSORY
1279,0,-446.76,3,SENSORY
1280,0,-489.788,5,SENSORY
1281,0,-387.314,0,SENSORY
1282,0,-489.012,5,SENSORY
1283,0,-403.835,0,SENSORY
1284,0,-385.641,0,SENSORY
1285,0,-461.626,5,SENSORY
1286,0,-527.027,6,SENSORY
1287,0,-473.145,5,SENSORY
1288,0,-403.835,0,SENSORY
1289,0,-107.036,2,SENSORY
1290,0,-472.545,5,SENSORY
1291,0,-497.935,5,SENSORY
1292,0,-481.087,5,SENSORY
1293,0,-533.247,6,SENSORY
1294,0,-483.619,5,SENSORY
1295,0,0,1,SENSORY
1296,0,-454.621,5,SENSORY
1297,0,-445.663,3,SENSORY
1298,0,-530.155,6,SENSORY
1299,0,-335.739,8,SENSORY
1300,0,0,1,SENSORY
1301,0,-247.063,4,SENSORY
1302,0,-521.49,6,SENSORY
1303,0,-436.859,3,SENSORY
1304,0,-147.617,7,SENSORY
1305,0,-465.239,5,SENSORY
1306,0,-472.212,5,SENSORY
1307,0,0,1,SENSORY
1308,0,-422.945,3,SENSORY
1309,0,-403.835,0,SENSORY
1310,0,-364.201,8,SENSORY
1311,0,0,1,SENSORY
1312,0,-222.841,4,SENSORY
1313,0,-447.093,3,SENSORY
1314,0,-331.596,8,SENSORY
1315,0,-403.835,0,SENSORY
1316,0,-503.609,5,SENSORY
1317,0,-475.65,5,SENSORY
1318,0,-496.297,5,SENSORY
1319,0,-432.172,3,SENSORY
1320,0,-301.927,9,SENSORY
1321,0,-525.497,6,SENSORY
1322,0,-180.668,7,SENSORY
1323,0,-593.231,6,SENSORY
1324,0,-468.034,5,SENSORY
1325,0,-322.636,9,SENSORY
1326,0,-155.462,7,SENSORY
1327,0,0,1,SENSORY
1328,0,-442.892,3,SENSORY
1329,0,0,1,SENSORY
1330,0,-486.896,5,SENSORY
1331,0,-374.727,0,SENSORY
1332,0,-453.731,5,SENSORY
1333,0,-373.974,0,SENSORY
1334,0,-166.601,7,SENSORY
1335,0,-204.2,4,SENSORY
1336,0,-495.146,5,SENSORY
1337,0,-481.739,5,SENSORY
1338,0,-403.835,0,SENSORY
1339,0,-293.391,9,SENSORY
1340,0,-473.588,5,SENSORY
1341,0,-80.8107,2,SENSORY
1342,0,-398.154,0,SENSORY
1343,0,-471.423,5,SENSORY
1344,0,-518.024,6,SENSORY
1345,0,0,1,SENSORY
1346,0,-425.154,3,SENSORY
1347,0,0,1,SENSORY
1348,0,-363.418,8,SENSORY
1349,0,-593.183,6,SENSORY
1350,0,-493.007,5,SENSORY
1351,0,-472.781,5,SENSORY
1352,0,-59.8123,2,SENSORY
1353,0,-423.603,3,SENSORY
1354,0,-556.874,6,SENSORY
1355,0,-534.011,6,SENSORY
1356,0,0,1,SENSORY
1357,0,-471.531,5,SENSORY
1358,0,-496.921,5,SENSORY
1359,0,-482.031,5,SENSORY
1360,0,-323.476,9,SENSORY
1361,0,-511.022,6,SENSORY
1362,0,-80.7777,2,SENSORY
1363,0,-447.932,3,SENSORY
1364,0,-439.702,3,SENSORY
1365,0,-378.659,0,SENSORY
1366,0,-506.993,5,SENSORY
1367,0,0,1,SENSORY
1368,0,-123.383,7,SENSORY
1369,0,-282.254,9,SENSORY
1370,0,-147.449,7,SENSORY
1371,0,0,1,SENSORY
1372,0,-393.205,0,SENSORY
1373,0,-477.564,5,SENSORY
1374,0,-514.124,6,SENSORY
1375,0,-453.223,3,SENSORY
1376,0,-257.784,4,SENSORY
1377,0,-367.91,8,SENSORY
1378,0,-116.094,2,SENSORY
1379,0,-432.583,3,SENSORY
1380,0,-498.095,5,SENSORY
1381,0,-576.289,6,SENSORY
1382,0,-426.809,3,SENSORY
1383,0,-338.051,8,SENSORY
1384,0,-379.337,0,SENSORY
1385,0,-464.069,5,SENSORY
1386,0,-80.8107,2,SENSORY
1387,0,-566.859,6,SENSORY
1388,0,-496.663,5,SENSORY
1389,0,0,1,SENSORY
1390,0,-524.948,6,SENSORY
1391,0,-445.899,3,SENSORY
1392,0,-385.977,0,SENSORY
1393,0,-502.993,5,SENSORY
1394,0,-385.977,0,SENSORY
1395,0,-115.001,2,SENSORY
1396,0,-336.185,8,SENSORY
1397,0,-334.067,8,SENSORY
1398,0,-312.849,9,SENSORY
1399,0,-403.835,0,SENSORY
1400,0,0,1,SENSORY
1401,0,-58.7115,2,SENSORY
1402,0,-293.58,9,SENSORY
1403,0,-460.235,5,SENSORY
1404,0,-448.65,3,SENSORY
1405,0,-482.236,5,SENSORY
1406,0,-545.57,6,SENSORY
1407,0,-474.658,5,SENSORY
1408,0,-385.977,0,SENSORY
1409,0,-378.604,0,SENSORY
1410,0,-489.646,5,SENSORY
1411,0,-80.8107,2,SENSORY
1412,0,0,1,SENSORY
1413,0,-403.835,0,SENSORY
1414,0,0,1,SENSORY
1415,0,-254.874,4,SENSORY
1416,0,-492.857,5,SENSORY
1417,0,-494.193,5,SENSORY
1418,0,-369.8,8,SENSORY
1419,0,-165.901,7,SENSORY
1420,0,-458.134,5,SENSORY
1421,0,-217.091,4,SENSORY
1422,0,-524.425,6,SENSORY
1423,0,0,1,SENSORY
1424,0,-403.835,0,SENSORY
1425,0,-559.643,6,SENSORY
1426,0,-92.8126,2,SENSORY
1427,0,-383.756,0,SENSORY
1428,0,-332.562,8,SENSORY
1429,0,-356.133,8,SENSORY
1430,0,-455.845,5,SENSORY
1431,0,-464.98,5,SENSORY
1432,0,-209.31,4,SENSORY
1433,0,0,1,SENSORY
1434,0,-192.641,7,SENSORY
1435,0,0,1,SENSORY
1436,0,-410.955,0,SENSORY
1437,0,-530.144,6,SENSORY
1438,0,0,1,SENSORY
1439,0,0,1,SENSORY
1440,0,-271.694,9,SENSORY
1441,0,0,1,SENSORY
1442,0,0,1,SENSORY
1443,0,0,1,SENSORY
1444,0,-470.164,5,SENSORY
1445,0,0,1,SENSORY
1446,0,-294.93,9,SENSORY
1447,0,0,1,SENSORY
1448,0,0,1,SENSORY
1449,0,-252.391,4,SENSORY
1450,0,-441.872,3,SENSORY
1451,0,-306.687,9,SENSORY
1452,0,-479.779,5,SENSORY
1453,0,0,1,SENSORY
1454,0,-538.03,6,SENSORY
1455,0,-464.444,5,SENSORY
1456,0,-335.527,8,SENSORY
1457,0,-390.095,0,SENSORY
1458,0,-327.445,8,SENSORY
1459,0,-492.679,5,SENSORY
1460,0,0,1,SENSORY
1461,0,-0.0329936,1,SENSORY
1462,0,-446.274,3,SENSORY
1463,0,-526.239,6,SENSORY
1464,0,-92.4377,2,SENSORY
1465,0,-427.989,3,SENSORY
1466,0,0,1,SENSORY
1467,0,-365.318,8,SENSORY
1468,0,0,1,SENSORY
1469,0,-1.8341,1,SENSORY
1470,0,-511.159,6,SENSORY
1471,0,-488.014,5,SENSORY
1472,0,-208.241,4,SENSORY
1473,0,-106.994,2,SENSORY
1474,0,-518.363,6,SENSORY
1475,0,-526.047,6,SENSORY
1476,0,-503.597,5,SENSORY
1477,0,-312.361,9,SENSORY
1478,0,-335.527,8,SENSORY
1479,0,-137.718,7,SENSORY
1480,0,-506.282,5,SENSORY
1481,0,-462.635,5,SENSORY
1482,0,-438.133,3,SENSORY
1483,0,-426.264,3,SENSORY
1484,0,-475.579,5,SENSORY
1485,0,-384.322,0,SENSORY
1486,0,-1.87849,1,SENSORY
1487,0,-475.516,5,SENSORY
1488,0,-398.631,0,SENSORY
1489,0,-358.273,8,SENSORY
1490,0,-501.31,5,SENSORY
1491,0,-259.923,4,SENSORY
1492,0,-354.629,8,SENSORY
1493,0,-510.592,6,SENSORY
1494,0,-491.675,5,SENSORY
1495,0,-89.8967,2,SENSORY
1496,0,-519.943,6,SENSORY
1497,0,-225.524,4,SENSORY
1498,0,-57.7934,2,SENSORY
1499,0,-503.428,5,SENSORY
1500,0,-412.923,3,SENSORY
1501,0,-392.102,0,SENSORY
1502,0,-80.8417,2,SENSORY
1503,0,-467.319,5,SENSORY
1504,0,-528.972,6,SENSORY
1505,0,-421.941,3,SENSORY
1506,0,-97.9437,2,SENSORY
1507,0,-483.619,5,SENSORY
1508,0,-608.151,6,SENSORY
1509,0,-483.619,5,SENSORY
1510,0,-493.33,5,SENSORY
1511,0,-509.757,6,SENSORY
1512,0,0,1,SENSORY
1513,0,-371.213,0,SENSORY
1514,0,-490.261,5,SENSORY
1515,0,-406.564,0,SENSORY
1516,0,-476.659,5,SENSORY
1517,0,0,1,SENSORY
1518,0,0,1,SENSORY
1519,0,-113.668,2,SENSORY
1520,0,0,1,SENSORY
1521,0,-548.548,6,SENSORY
1522,0,-356.111,8,SENSORY
1523,0,-367.575,8,SENSORY
1524,0,-426.942,3,SENSORY
1525,0,-494.803,5,SENSORY
1526,0,-480.863,5,SENSORY
1527,0,-180.731,7,SENSORY
1528,0,-448.825,3,SENSORY
1529,0,-497.601,5,SENSORY
1530,0,-0.918709,1,SENSORY
1531,0,-449.845,3,SENSORY
1532,0,0,1,SENSORY
1533,0,-434.451,3,SENSORY
1534,0,-427.072,3,SENSORY
1535,0,0,1,SENSORY
1536,0,-198.593,4,SENSORY
1537,0,-403.835,0,SENSORY
1538,0,-403.835,0,SENSORY
1539,0,-551.375,6,SENSORY
1540,0,-582.384,6,SENSORY
1541,0,-457.851,5,SENSORY
1542,0,-219.554,4,SENSORY
1543,0,-519.252,6,SENSORY
1544,0,-475.409,5,SENSORY
1545,0,-205.345,4,SENSORY
1546,0,-360.783,8,SENSORY
1547,0,-429.331,3,SENSORY
1548,0,-403.847,0,SENSORY
1549,0,-354.843,8,SENSORY
1550,0,-517.072,6,SENSORY
1551,0,-150.402,7,SENSORY
1552,0,0,1,SENSORY
1553,0,-334.145,8,SENSORY
1554,0,-412.934,3,SENSORY
1555,0,-253.526,4,SENSORY
1556,0,-407.21,0,SENSORY
1557,0,-363.288,8,SENSORY
1558,0,-511.503,6,SENSORY
1559,0,-512.125,6,SENSORY
1560,0,-408.335,0,SENSORY
1561,0,-454.394,5,SENSORY
1562,0,-483.55,5,SENSORY
1563,0,-263.104,4,SENSORY
1564,0,-457.957,5,SENSORY
1565,0,-405.889,0,SENSORY
1566,0,-441.275,3,SENSORY
1567,0,-416.14,3,SENSORY
1568,0,-471.148,5,SENSORY
1569,0,-406.71,0,SENSORY
1570,0,-388.52,0,SENSORY
1571,0,-464.252,5,SENSORY
1572,0,-456.576,5,SENSORY
1573,0,-150.453,7,SENSORY
1574,0,-487.158,5,SENSORY
1575,0,-461.536,5,SENSORY
1576,0,-515.158,6,SENSORY
1577,0,-417.748,3,SENSORY
1578,0,-371.272,0,SENSORY
1579,0,-490.446,5,SENSORY
1580,0,0,1,SENSORY
1581,0,-434.381,3,SENSORY
1582,0,-353.975,8,SENSORY
1583,0,-424.048,3,SENSORY
1584,0,-460.793,5,SENSORY
1585,0,-509.911,6,SENSORY
1586,0,-468.211,5,SENSORY
1587,0,0,1,SENSORY
1588,0,-452.063,3,SENSORY
1589,0,-506.084,5,SENSORY
1590,0,-91.2727,2,SENSORY
1591,0,-406.638,0,SENSORY
1592,0,-557.957,6,SENSORY
1593,0,-442.044,3,SENSORY
1594,0,-441.718,3,SENSORY
1595,0,-531.862,6,SENSORY
1596,0,-123.329,7,SENSORY
1597,0,0,1,SENSORY
1598,0,0,1,SENSORY
1599,0,-524.668,6,SENSORY
1600,0,-150.43,7,SENSORY
1601,0,-536.488,6,SENSORY
1602,0,-404.72,0,SENSORY
1603,0,-358.837,8,SENSORY
1604,0,-189.566,7,SENSORY
1605,0,-500.572,5,SENSORY
1606,0,-461.536,5,SENSORY
1607,0,-91.0896,2,SENSORY
1608,0,-469.26,5,SENSORY
1609,0,-403.835,0,SENSORY
1610,0,-336.841,8,SENSORY
1611,0,-663.103,6,SENSORY
1612,0,-486.436,5,SENSORY
1613,0,-440.343,3,SENSORY
1614,0,-487.881,5,SENSORY
1615,0,-514.528,6,SENSORY
1616,0,-640.841,6,SENSORY
1617,0,-476.712,5,SENSORY
1618,0,-242.452,4,SENSORY
1619,0,0,1,SENSORY
1620,0,0,1,SENSORY
1621,0,0,1,SENSORY
1622,0,-57.22,2,SENSORY
1623,0,-446.099,3,SENSORY
1624,0,-478.334,5,SENSORY
1625,0,-364.855,8,SENSORY
1626,0,-439.544,3,SENSORY
1627,0,0,1,SENSORY
1628,0,-500.032,5,SENSORY
1629,0,-389.786,0,SENSORY
1630,0,-438.633,3,SENSORY
1631,0,-550.83,6,SENSORY
1632,0,0,1,SENSORY
1633,0,-504.337,5,SENSORY
1634,0,-420.57,3,SENSORY
1635,0,0,1,SENSORY
1636,0,-500.212,5,SENSORY
1637,0,-69.3703,2,SENSORY
1638,0,-238.628,4,SENSORY
1639,0,-483.263,5,SENSORY
1640,0,-290.248,9,SENSORY
1641,0,-482.297,5,SENSORY
1642,0,-480.398,5,SENSORY
1643,0,-277.184,9,SENSORY
1644,0,-334.986,8,SENSORY
1645,0,-92.7014,2,SENSORY
1646,0,-563.854,6,SENSORY
1647,0,-530.94,6,SENSORY
1648,0,-468.468,5,SENSORY
1649,0,-305.131,9,SENSORY
1650,0,-336.962,8,SENSORY
1651,0,-461.835,5,SENSORY
1652,0,0,1,SENSORY
1653,0,-496.281,5,SENSORY
1654,0,-521.043,6,SENSORY
1655,0,-430.725,3,SENSORY
1656,0,-630.263,6,SENSORY
1657,0,-368.128,8,SENSORY
1658,0,-172.363,7,SENSORY
1659,0,-433.488,3,SENSORY
1660,0,-403.835,0,SENSORY
1661,0,-360.235,8,SENSORY
1662,0,0,1,SENSORY
1663,0,-508.609,6,SENSORY
1664,0,0,1,SENSORY
1665,0,-375.126,0,SENSORY
1666,0,-456.509,5,SENSORY
1667,0,-106.994,2,SENSORY
1668,0,-276.587,9,SENSORY
1669,0,-0.0329936,1,SENSORY
1670,0,-403.835,0,SENSORY
1671,0,-450.948,3,SENSORY
1672,0,-420.515,3,SENSORY
1673,0,0,1,SENSORY
1674,0,-218.843,4,SENSORY
1675,0,-393.015,0,SENSORY
1676,0,-186.813,7,SENSORY
1677,0,-366.425,8,SENSORY
1678,0,-498.374,5,SENSORY
1679,0,-568.4,6,SENSORY
1680,0,-241.153,4,SENSORY
1681,0,-500.048,5,SENSORY
1682,0,-391.418,0,SENSORY
1683,0,-246.383,4,SENSORY
1684,0,-29.231,1,SENSORY
1685,0,-79.7137,2,SENSORY
1686,0,-503.378,5,SENSORY
1687,0,-559.383,6,SENSORY
1688,0,-184.989,7,SENSORY
1689,0,-466.047,5,SENSORY
1690,0,-413.851,3,SENSORY
1691,0,-375.78,0,SENSORY
1692,0,-476.643,5,SENSORY
1693,0,-474.588,5,SENSORY
1694,0,-85.488,2,SENSORY
1695,0,-489.689,5,SENSORY
1696,0,-122.422,7,SENSORY
1697,0,-549.648,6,SENSORY
1698,0,-489.687,5,SENSORY
1699,0,-345.666,8,SENSORY
1700,0,-396.383,0,SENSORY
1701,0,-415.224,3,SENSORY
1702,0,-354.021,8,SENSORY
1703,0,-360.466,8,SENSORY
1704,0,-406.7,0,SENSORY
1705,0,-364.512,8,SENSORY
1706,0,-63.3122,2,SENSORY
1707,0,-504.97,5,SENSORY
1708,0,-488.209,5,SENSORY
1709,0,-516.4,6,SENSORY
1710,0,-437.702,3,SENSORY
1711,0,-250.16,4,SENSORY
1712,0,-473.895,5,SENSORY
1713,0,0,1,SENSORY
1714,0,-263.19,4,SENSORY
1715,0,-375.425,0,SENSORY
1716,0,0,1,SENSORY
1717,0,-438.869,3,SENSORY
1718,0,0,1,SENSORY
1719,0,-0.0329936,1,SENSORY
1720,0,-503.23,5,SENSORY
1721,0,0,1,SENSORY
1722,0,-403.835,0,SENSORY
1723,0,-414.214,3,SENSORY
1724,0,-230.755,4,SENSORY
1725,0,-446.277,3,SENSORY
1726,0,-364.334,8,SENSORY
1727,0,-564.706,6,SENSORY
1728,0,-485.886,5,SENSORY
1729,0,-419.258,3,SENSORY
1730,0,-574.049,6,SENSORY
1731,0,-454.857,5,SENSORY
1732,0,0,1,SENSORY
1733,0,-489.989,5,SENSORY
1734,0,-281.731,9,SENSORY
1735,0,-565.675,6,SENSORY
1736,0,-539.439,6,SENSORY
1737,0,-469.84,5,SENSORY
1738,0,-58.2122,2,SENSORY
1739,0,0,1,SENSORY
1740,0,0,1,SENSORY
1741,0,-428.845,3,SENSORY
1742,0,0,1,SENSORY
1743,0,-233.739,4,SENSORY
1744,0,-503.295,5,SENSORY
1745,0,-412.066,3,SENSORY
1746,0,-403.835,0,SENSORY
1747,0,-0.116646,1,SENSORY
1748,0,-470.288,5,SENSORY
1749,0,-405.324,0,SENSORY
1750,0,-403.835,0,SENSORY
1751,0,-473.154,5,SENSORY
1752,0,-451.739,3,SENSORY
1753,0,-426.6,3,SENSORY
1754,0,-376.294,0,SENSORY
1755,0,-479.056,5,SENSORY
1756,0,-421.14,3,SENSORY
1757,0,-508.852,6,SENSORY
1758,0,-503.667,5,SENSORY
1759,0,-505.313,5,SENSORY
1760,0,-489.182,5,SENSORY
1761,0,-421.861,3,SENSORY
1762,0,-588.454,6,SENSORY
1763,0,-512.283,6,SENSORY
1764,0,-1.8341,1,SENSORY
1765,0,-278.603,9,SENSORY
1766,0,-468.52,5,SENSORY
1767,0,-189.667,7,SENSORY
1768,0,-450.862,3,SENSORY
1769,0,-492.412,5,SENSORY
1770,0,0,1,SENSORY
1771,0,-14.592,1,SENSORY
1772,0,-485.453,5,SENSORY
1773,0,-386.992,0,SENSORY
1774,0,-339.206,8,SENSORY
1775,0,-489.695,5,SENSORY
1776,0,-437.593,3,SENSORY
1777,0,-419.497,3,SENSORY
1778,0,-381.604,0,SENSORY
1779,0,-80.7777,2,SENSORY
1780,0,-385.977,0,SENSORY
1781,0,-242.667,4,SENSORY
1782,0,-476.281,5,SENSORY
1783,0,-490.205,5,SENSORY
1784,0,-412.061,3,SENSORY
1785,0,-238.143,4,SENSORY
1786,0,-385.977,0,SENSORY
1787,0,-360.13,8,SENSORY
1788,0,0,1,SENSORY
1789,0,-494.519,5,SENSORY
1790,0,-462.369,5,SENSORY
1791,0,-429.897,3,SENSORY
1792,0,-436.766,3,SENSORY
1793,0,0,1,SENSORY
1794,0,-420.449,3,SENSORY
1795,0,0,1,SENSORY
1796,0,-397.374,0,SENSORY
1797,0,-349.156,8,SENSORY
1798,0,-351.1,8,SENSORY
1799,0,0,1,SENSORY
1800,0,-483.619,5,SENSORY
1801,0,-485.134,5,SENSORY
1802,0,-567.299,6,SENSORY
1803,0,-542.472,6,SENSORY
1804,0,-436.509,3,SENSORY
1805,0,-507.175,5,SENSORY
1806,0,-419.894,3,SENSORY
1807,0,-576.375,6,SENSORY
1808,0,-267.167,4,SENSORY
1809,0,-483.619,5,SENSORY
1810,0,-475.896,5,SENSORY
1811,0,-343.439,8,SENSORY
1812,0,-562.169,6,SENSORY
1813,0,-417.282,3,SENSORY
1814,0,-510.405,6,SENSORY
1815,0,-460.634,5,SENSORY
1816,0,-350.527,8,SENSORY
1817,0,-497.455,5,SENSORY
1818,0,-486.705,5,SENSORY
1819,0,-471.635,5,SENSORY
1820,0,-541.991,6,SENSORY
1821,0,-366.246,8,SENSORY
1822,0,-468.927,5,SENSORY
1823,0,-59.3388,2,SENSORY
1824,0,-499.802,5,SENSORY
1825,0,-403.835,0,SENSORY
1826,0,-369.684,8,SENSORY
1827,0,-341.993,8,SENSORY
1828,0,-403.835,0,SENSORY
1829,0,-354.636,8,SENSORY
1830,0,-426.135,3,SENSORY
1831,0,-115.877,2,SENSORY
1832,0,-483.754,5,SENSORY
1833,0,-536.865,6,SENSORY
1834,0,0,1,SENSORY
1835,0,0,1,SENSORY
1836,0,-416.016,3,SENSORY
1837,0,-113.494,2,SENSORY
1838,0,-397.495,0,SENSORY
1839,0,-498.999,5,SENSORY
1840,0,-528.524,6,SENSORY
1841,0,0,1,SENSORY
1842,0,-407.457,0,SENSORY
1843,0,-432.883,3,SENSORY
1844,0,0,1,SENSORY
1845,0,-318.96,9,SENSORY
1846,0,-377.719,0,SENSORY
1847,0,-470.263,5,SENSORY
1848,0,-462.721,5,SENSORY
1849,0,-173.909,7,SENSORY
1850,0,-354.371,8,SENSORY
1851,0,-1.8341,1,SENSORY
1852,0,-355.689,8,SENSORY
1853,0,-477.115,5,SENSORY
1854,0,-66.3532,2,SENSORY
1855,0,-471.428,5,SENSORY
1856,0,-416.631,3,SENSORY
1857,0,-398.249,0,SENSORY
1858,0,0,1,SENSORY
1859,0,-0.0329936,1,SENSORY
1860,0,-472.748,5,SENSORY
1861,0,-483.619,5,SENSORY
1862,0,-535.663,6,SENSORY
1863,0,-431.723,3,SENSORY
1864,0,-222.199,4,SENSORY
1865,0,-118.311,2,SENSORY
1866,0,-156.281,7,SENSORY
1867,0,-298.182,9,SENSORY
1868,0,-166.717,7,SENSORY
1869,0,-516.297,6,SENSORY
1870,0,-492.514,5,SENSORY
1871,0,-517.851,6,SENSORY
1872,0,-431.877,3,SENSORY
1873,0,-436.327,3,SENSORY
1874,0,-425.683,3,SENSORY
1875,0,0,1,SENSORY
1876,0,-411.896,3,SENSORY
1877,0,0,1,SENSORY
1878,0,-528.928,6,SENSORY
1879,0,-142.492,7,SENSORY
1880,0,-333.666,8,SENSORY
1881,0,-328.171,8,SENSORY
1882,0,-310.051,9,SENSORY
1883,0,-0.917052,1,SENSORY
1884,0,-450.858,3,SENSORY
1885,0,-403.835,0,SENSORY
1886,0,-489.86,5,SENSORY
1887,0,-225.405,4,SENSORY
1888,0,-512.692,6,SENSORY
1889,0,0,1,SENSORY
1890,0,-571.203,6,SENSORY
1891,0,-456.17,5,SENSORY
1892,0,-0.0329936,1,SENSORY
1893,0,-472.585,5,SENSORY
1894,0,0,1,SENSORY
1895,0,-206.104,4,SENSORY
1896,0,-453.528,3,SENSORY
1897,0,-354.255,8,SENSORY
1898,0,-461.762,5,SENSORY
1899,0,-481.744,5,SENSORY
1900,0,-231.837,4,SENSORY
1901,0,-324.47,9,SENSORY
1902,0,-411.094,0,SENSORY
1903,0,-455.218,5,SENSORY
1904,0,-94.5597,2,SENSORY
1905,0,-456.946,5,SENSORY
1906,0,0,1,SENSORY
1907,0,0,1,SENSORY
1908,0,-430.57,3,SENSORY
1909,0,-68.4174,2,SENSORY
1910,0,-253.706,4,SENSORY
1911,0,-503.478,5,SENSORY
1912,0,0,1,SENSORY
1913,0,-227.102,4,SENSORY
1914,0,-457.617,5,SENSORY
1915,0,-385.977,0,SENSORY
1916,0,-364.297,8,SENSORY
1917,0,-502.462,5,SENSORY
1918,0,-533.177,6,SENSORY
1919,0,-490.984,5,SENSORY
1920,0,-502.992,5,SENSORY
1921,0,-464.643,5,SENSORY
1922,0,-469.818,5,SENSORY
1923,0,-535.557,6,SENSORY
1924,0,-1.8341,1,SENSORY
1925,0,-475.595,5,SENSORY
1926,0,-372.641,0,SENSORY
1927,0,-320.69,9,SENSORY
1928,0,-365.622,8,SENSORY
1929,0,-487.767,5,SENSORY
1930,0,-285.314,9,SENSORY
1931,0,-473.884,5,SENSORY
1932,0,-460.575,5,SENSORY
1933,0,-213.612,4,SENSORY
1934,0,-449.16,3,SENSORY
1935,0,-307.571,9,SENSORY
1936,0,-209.498,4,SENSORY
1937,0,-372.103,0,SENSORY
1938,0,-353.174,8,SENSORY
1939,0,-417.793,3,SENSORY
1940,0,-518.635,6,SENSORY
1941,0,-385.028,0,SENSORY
1942,0,-300.546,9,SENSORY
1943,0,-597.51,6,SENSORY
1944,0,-470.273,5,SENSORY
1945,0,-533.668,6,SENSORY
1946,0,-403.835,0,SENSORY
1947,0,-533.901,6,SENSORY
1948,0,-58.6992,2,SENSORY
1949,0,-456.118,5,SENSORY
1950,0,-384.014,0,SENSORY
1951,0,-489.791,5,SENSORY
1952,0,-424.426,3,SENSORY
1953,0,-478.909,5,SENSORY
1954,0,-483.619,5,SENSORY
1955,0,0,1,SENSORY
1956,0,-0.0329936,1,SENSORY
1957,0,-515.49,6,SENSORY
1958,0,-427.175,3,SENSORY
1959,0,-470.579,5,SENSORY
1960,0,-458.865,5,SENSORY
1961,0,-513.659,6,SENSORY
1962,0,-213.046,4,SENSORY
1963,0,-407.285,0,SENSORY
1964,0,-519.269,6,SENSORY
1965,0,-490.034,5,SENSORY
1966,0,0,1,SENSORY
1967,0,-421.582,3,SENSORY
1968,0,-472.585,5,SENSORY
1969,0,-491.842,5,SENSORY
1970,0,-546.347,6,SENSORY
1971,0,-403.824,0,SENSORY
1972,0,-341.508,8,SENSORY
1973,0,-463.253,5,SENSORY
1974,0,-419.121,3,SENSORY
1975,0,-173.088,7,SENSORY
1976,0,-342.229,8,SENSORY
1977,0,-483.958,5,SENSORY
1978,0,-90.2684,2,SENSORY
1979,0,0,1,SENSORY
1980,0,-58.6915,2,SENSORY
1981,0,-157.992,7,SENSORY
1982,0,-411.304,0,SENSORY
1983,0,0,1,SENSORY
1984,0,-200.789,4,SENSORY
1985,0,0,1,SENSORY
1986,0,-489.695,5,SENSORY
1987,0,-213.12,4,SENSORY
1988,0,-456.596,5,SENSORY
1989,0,-407.422,0,SENSORY
1990,0,0,1,SENSORY
1991,0,0,1,SENSORY
1992,0,-323.805,9,SENSORY
1993,0,-168.422,7,SENSORY
1994,0,-330.784,8,SENSORY
1995,0,0,1,SENSORY
1996,0,-339.437,8,SENSORY
1997,0,-392.446,0,SENSORY
1998,0,-216.269,4,SENSORY
1999,0,-385.977,0,SENSORY
2000,0,-306.401,9,ASSOCIATION
2001,0,-480.309,5,ASSOCIATION
2002,0,-332.08,8,ASSOCIATION
2003,0,-388.414,0,ASSOCIATION
2004,0,-286.732,9,ASSOCIATION
2005,0,-400.329,0,ASSOCIATION
2006,0,-336.683,8,ASSOCIATION
2007,0,-133.734,7,ASSOCIATION
2008,0,-443.394,3,ASSOCIATION
2009,0,-454.736,5,ASSOCIATION
2010,0,-418.161,3,ASSOCIATION
2011,0,-269.201,9,ASSOCIATION
2012,0,-0.116646,1,ASSOCIATION
2013,0,0,1,ASSOCIATION
2014,0,-352.327,8,ASSOCIATION
2015,0,-312.359,9,ASSOCIATION
2016,0,-322.384,9,ASSOCIATION
2017,0,-389.267,0,ASSOCIATION
2018,0,-65.2116,2,ASSOCIATION
2019,0,-212.142,4,ASSOCIATION
2020,0,-386.414,0,ASSOCIATION
2021,0,-388.414,0,ASSOCIATION
2022,0,0,1,ASSOCIATION
2023,0,-319.245,9,ASSOCIATION
2024,0,-341.472,8,ASSOCIATION
2025,0,-331.001,8,ASSOCIATION
2026,0,-230.071,4,ASSOCIATION
2027,0,-393.297,0,ASSOCIATION
2028,0,-327.739,8,ASSOCIATION
2029,0,-294.392,9,ASSOCIATION
2030,0,0,1,ASSOCIATION
2031,0,0,1,ASSOCIATION
2032,0,-378.493,0,ASSOCIATION
2033,0,-415.21,3,ASSOCIATION
2034,0,-369.927,8,ASSOCIATION
2035,0,0,1,ASSOCIATION
2036,0,-279.942,9,ASSOCIATION
2037,0,-383.675,0,ASSOCIATION
2038,0,-464.94,5,ASSOCIATION
2039,0,-414.342,3,ASSOCIATION
2040,0,-472.369,5,ASSOCIATION
2041,0,-275.178,9,ASSOCIATION
2042,0,-326.198,8,ASSOCIATION
2043,0,-152.013,7,ASSOCIATION
2044,0,-402.029,0,ASSOCIATION
2045,0,-386.416,0,ASSOCIATION
2046,0,0,1,ASSOCIATION
2047,0,-322.434,9,ASSOCIATION
2048,0,-464.833,5,ASSOCIATION
2049,0,-252.155,4,ASSOCIATION
2050,0,-439.521,3,ASSOCIATION
2051,0,-242.024,4,ASSOCIATION
2052,0,-331.396,8,ASSOCIATION
2053,0,-299.72,9,ASSOCIATION
2054,0,-372.653,0,ASSOCIATION
2055,0,-376.76,0,ASSOCIATION
2056,0,-313.032,9,ASSOCIATION
2057,0,-454.495,5,ASSOCIATION
2058,0,-388.662,0,ASSOCIATION
2059,0,-300.276,9,ASSOCIATION
2060,0,-288.403,9,ASSOCIATION
2061,0,-411.837,3,ASSOCIATION
2062,0,-300.782,9,ASSOCIATION
2063,0,-362.321,8,ASSOCIATION
2064,0,-287.801,9,ASSOCIATION
2065,0,-417.692,3,ASSOCIATION
2066,0,-369.557,8,ASSOCIATION
2067,0,-384.371,0,ASSOCIATION
2068,0,0,1,ASSOCIATION
2069,0,-372.134,0,ASSOCIATION
2070,0,-389.333,0,ASSOCIATION
2071,0,-325.736,8,ASSOCIATION
2072,0,-365.585,8,ASSOCIATION
2073,0,-300.128,9,ASSOCIATION
2074,0,-304.275,9,ASSOCIATION
2075,0,-44.5246,2,ASSOCIATION
2076,0,0,1,ASSOCIATION
2077,0,-187.732,7,ASSOCIATION
2078,0,-353.912,8,ASSOCIATION
2079,0,-302.241,9,ASSOCIATION
2080,0,-430.608,3,ASSOCIATION
2081,0,-335.355,8,ASSOCIATION
2082,0,-372.139,0,ASSOCIATION
2083,0,-210.127,4,ASSOCIATION
2084,0,-311.822,9,ASSOCIATION
2085,0,-185.455,7,ASSOCIATION
2086,0,-205.325,4,ASSOCIATION
2087,0,-323.387,9,ASSOCIATION
2088,0,-294.514,9,ASSOCIATION
2089,0,0,1,ASSOCIATION
2090,0,-334.965,8,ASSOCIATION
2091,0,-358.96,8,ASSOCIATION
2092,0,-383.487,0,ASSOCIATION
2093,0,-271.55,9,ASSOCIATION
2094,0,-330.851,8,ASSOCIATION
2095,0,-429.102,3,ASSOCIATION
2096,0,-406.508,0,ASSOCIATION
2097,0,-266.424,4,ASSOCIATION
2098,0,-399.532,0,ASSOCIATION
2099,0,-386.821,0,ASSOCIATION
2100,0,-13.8624,1,ASSOCIATION
2101,0,-453.007,3,ASSOCIATION
2102,0,-301.171,9,ASSOCIATION
2103,0,-392.68,0,ASSOCIATION
2104,0,-251.107,4,ASSOCIATION
2105,0,-322.873,9,ASSOCIATION
2106,0,-0.116646,1,ASSOCIATION
2107,0,-231.544,4,ASSOCIATION
2108,0,-458.724,5,ASSOCIATION
2109,0,-359.959,8,ASSOCIATION
2110,0,-370.31,8,ASSOCIATION
2111,0,-61.0761,2,ASSOCIATION
2112,0,-43.9615,2,ASSOCIATION
2113,0,-43.2109,2,ASSOCIATION
2114,0,-334.924,8,ASSOCIATION
2115,0,-0.917052,1,ASSOCIATION
2116,0,-250.054,4,ASSOCIATION
2117,0,-320.706,9,ASSOCIATION
2118,0,-442.779,3,ASSOCIATION
2119,0,-456.633,5,ASSOCIATION
2120,0,0,1,ASSOCIATION
2121,0,-330.645,8,ASSOCIATION
2122,0,0,1,ASSOCIATION
2123,0,-420.579,3,ASSOCIATION
2124,0,-442.549,3,ASSOCIATION
2125,0,-338.116,8,ASSOCIATION
2126,0,-435.531,3,ASSOCIATION
2127,0,-11.9073,1,ASSOCIATION
2128,0,-340.165,8,ASSOCIATION
2129,0,0,1,ASSOCIATION
2130,0,-441.088,3,ASSOCIATION
2131,0,-325.245,8,ASSOCIATION
2132,0,-125.378,7,ASSOCIATION
2133,0,-381.803,0,ASSOCIATION
2134,0,-328.005,8,ASSOCIATION
2135,0,-448.742,3,ASSOCIATION
2136,0,-270.16,9,ASSOCIATION
2137,0,-387.263,0,ASSOCIATION
2138,0,-442.577,3,ASSOCIATION
2139,0,-360.267,8,ASSOCIATION
2140,0,-394.058,0,ASSOCIATION
2141,0,-376.324,0,ASSOCIATION
2142,0,0,1,ASSOCIATION
2143,0,-383.253,0,ASSOCIATION
2144,0,-396.976,0,ASSOCIATION
2145,0,-308.064,9,ASSOCIATION
2146,0,-330.595,8,ASSOCIATION
2147,0,-426.281,3,ASSOCIATION
2148,0,-338.81,8,ASSOCIATION
2149,0,-322.659,9,ASSOCIATION
2150,0,-356.173,8,ASSOCIATION
2151,0,-297.741,9,ASSOCIATION
2152,0,-380.493,0,ASSOCIATION
2153,0,0,1,ASSOCIATION
2154,0,-223.851,4,ASSOCIATION
2155,0,-300.276,9,ASSOCIATION
2156,0,-292.707,9,ASSOCIATION
2157,0,-265.804,4,ASSOCIATION
2158,0,-300.276,9,ASSOCIATION
2159,0,-396.285,0,ASSOCIATION
2160,0,-309.309,9,ASSOCIATION
2161,0,-429.834,3,ASSOCIATION
2162,0,-315.834,9,ASSOCIATION
2163,0,-350.219,8,ASSOCIATION
2164,0,0,1,ASSOCIATION
2165,0,-84.8634,2,ASSOCIATION
2166,0,-190.627,7,ASSOCIATION
2167,0,-358.589,8,ASSOCIATION
2168,0,-346.787,8,ASSOCIATION
2169,0,-350.005,8,ASSOCIATION
2170,0,-383.467,0,ASSOCIATION
2171,0,-405.242,0,ASSOCIATION
2172,0,-429.419,3,ASSOCIATION
2173,0,-322.051,9,ASSOCIATION
2174,0,0,1,ASSOCIATION
2175,0,-429.807,3,ASSOCIATION
2176,0,-356.35,8,ASSOCIATION
2177,0,-412.787,3,ASSOCIATION
2178,0,-271.551,9,ASSOCIATION
2179,0,0,1,ASSOCIATION
2180,0,-299.937,9,ASSOCIATION
2181,0,-458.558,5,ASSOCIATION
2182,0,-431.044,3,ASSOCIATION
2183,0,-327.217,8,ASSOCIATION
2184,0,-422.724,3,ASSOCIATION
2185,0,-379.954,0,ASSOCIATION
2186,0,-361.148,8,ASSOCIATION
2187,0,-313.662,9,ASSOCIATION
2188,0,-431.766,3,ASSOCIATION
2189,0,-100.223,2,ASSOCIATION
2190,0,0,1,ASSOCIATION
2191,0,-393.871,0,ASSOCIATION
2192,0,-406.508,0,ASSOCIATION
2193,0,-393.952,0,ASSOCIATION
2194,0,-358.113,8,ASSOCIATION
2195,0,-144.706,7,ASSOCIATION
2196,0,-445.379,3,ASSOCIATION
2197,0,-364.263,8,ASSOCIATION
2198,0,-382.411,0,ASSOCIATION
2199,0,-372.067,0,ASSOCIATION
2200,0,-360.637,8,ASSOCIATION
2201,0,-405.759,0,ASSOCIATION
2202,0,-438.04,3,ASSOCIATION
2203,0,-366.811,8,ASSOCIATION
2204,0,-323.752,9,ASSOCIATION
2205,0,-390.177,0,ASSOCIATION
2206,0,-382.529,0,ASSOCIATION
2207,0,-385.5,0,ASSOCIATION
2208,0,-280.698,9,ASSOCIATION
2209,0,-375.348,0,ASSOCIATION
2210,0,-160.827,7,ASSOCIATION
2211,0,0,1,ASSOCIATION
2212,0,-389.453,0,ASSOCIATION
2213,0,-310.184,9,ASSOCIATION
2214,0,-380.12,0,ASSOCIATION
2215,0,-278.883,9,ASSOCIATION
2216,0,-380.012,0,ASSOCIATION
2217,0,-258.548,4,ASSOCIATION
2218,0,-283.205,9,ASSOCIATION
2219,0,-458.939,5,ASSOCIATION
2220,0,-276.34,9,ASSOCIATION
2221,0,-423.191,3,ASSOCIATION
2222,0,-373.543,0,ASSOCIATION
2223,0,-432.393,3,ASSOCIATION
2224,0,-264.644,4,ASSOCIATION
2225,0,-409.705,0,ASSOCIATION
2226,0,-329.004,8,ASSOCIATION
2227,0,-414.248,3,ASSOCIATION
2228,0,-287.467,9,ASSOCIATION
2229,0,0,1,ASSOCIATION
2230,0,-206.987,4,ASSOCIATION
2231,0,0,1,ASSOCIATION
2232,0,-103.747,2,ASSOCIATION
2233,0,-454.495,5,ASSOCIATION
2234,0,-424.396,3,ASSOCIATION
2235,0,-213.392,4,ASSOCIATION
2236,0,-336.871,8,ASSOCIATION
2237,0,-30.7266,1,ASSOCIATION
2238,0,-253,4,ASSOCIATION
2239,0,-56.7071,2,ASSOCIATION
2240,0,-381.37,0,ASSOCIATION
2241,0,-299.441,9,ASSOCIATION
2242,0,-300.276,9,ASSOCIATION
2243,0,-329.333,8,ASSOCIATION
2244,0,-388.255,0,ASSOCIATION
2245,0,-53.1302,2,ASSOCIATION
2246,0,-315.661,9,ASSOCIATION
2247,0,-2.03339,1,ASSOCIATION
2248,0,0,1,ASSOCIATION
2249,0,-428.85,3,ASSOCIATION
2250,0,0,1,ASSOCIATION
2251,0,-173.417,7,ASSOCIATION
2252,0,0,1,ASSOCIATION
2253,0,-346.028,8,ASSOCIATION
2254,0,-364.943,8,ASSOCIATION
2255,0,-242.064,4,ASSOCIATION
2256,0,-420.309,3,ASSOCIATION
2257,0,-192.8,7,ASSOCIATION
2258,0,-408.105,0,ASSOCIATION
2259,0,-298.936,9,ASSOCIATION
2260,0,-192.583,7,ASSOCIATION
2261,0,0,1,ASSOCIATION
2262,0,-406.508,0,ASSOCIATION
2263,0,-286.983,9,ASSOCIATION
2264,0,-369.706,8,ASSOCIATION
2265,0,0,1,ASSOCIATION
2266,0,-298.908,9,ASSOCIATION
2267,0,-267.045,4,ASSOCIATION
2268,0,0,1,ASSOCIATION
2269,0,-408.297,0,ASSOCIATION
2270,0,-22.003,1,ASSOCIATION
2271,0,-420.065,3,ASSOCIATION
2272,0,-29.5274,1,ASSOCIATION
2273,0,-348.589,8,ASSOCIATION
2274,0,-189.316,7,ASSOCIATION
2275,0,-445.755,3,ASSOCIATION
2276,0,-341.141,8,ASSOCIATION
2277,0,-51.1361,2,ASSOCIATION
2278,0,-294.856,9,ASSOCIATION
2279,0,-419.651,3,ASSOCIATION
2280,0,-401.73,0,ASSOCIATION
2281,0,-287.323,9,ASSOCIATION
2282,0,0,1,ASSOCIATION
2283,0,-330.565,8,ASSOCIATION
2284,0,-324.046,9,ASSOCIATION
2285,0,-119.27,2,ASSOCIATION
2286,0,-458.939,5,ASSOCIATION
2287,0,-428.184,3,ASSOCIATION
2288,0,-362.117,8,ASSOCIATION
2289,0,0,1,ASSOCIATION
2290,0,-0.0158973,1,ASSOCIATION
2291,0,-449.744,3,ASSOCIATION
2292,0,-293.632,9,ASSOCIATION
2293,0,-452.761,3,ASSOCIATION
2294,0,-330.183,8,ASSOCIATION
2295,0,-369.363,8,ASSOCIATION
2296,0,-264.721,4,ASSOCIATION
2297,0,-325.067,9,ASSOCIATION
2298,0,-344.563,8,ASSOCIATION
2299,0,-430.703,3,ASSOCIATION
2300,0,-420.661,3,ASSOCIATION
2301,0,-402.319,0,ASSOCIATION
2302,0,-289.465,9,ASSOCIATION
2303,0,-442.136,3,ASSOCIATION
2304,0,-110.528,2,ASSOCIATION
2305,0,0,1,ASSOCIATION
2306,0,-68.049,2,ASSOCIATION
2307,0,-88.29,2,ASSOCIATION
2308,0,-360.153,8,ASSOCIATION
2309,0,-423.226,3,ASSOCIATION
2310,0,-300.276,9,ASSOCIATION
2311,0,-365.883,8,ASSOCIATION
2312,0,-131.96,7,ASSOCIATION
2313,0,-435.929,3,ASSOCIATION
2314,0,-406.474,0,ASSOCIATION
2315,0,-74.8808,2,ASSOCIATION
2316,0,-284.742,9,ASSOCIATION
2317,0,-326.853,8,ASSOCIATION
2318,0,-405.499,0,ASSOCIATION
2319,0,-319.391,9,ASSOCIATION
2320,0,0,1,ASSOCIATION
2321,0,-368.729,8,ASSOCIATION
2322,0,-406.508,0,ASSOCIATION
2323,0,-370.705,8,ASSOCIATION
2324,0,-422.643,3,ASSOCIATION
2325,0,-446.739,3,ASSOCIATION
2326,0,-411.194,0,ASSOCIATION
2327,0,-273.79,9,ASSOCIATION
2328,0,-300.276,9,ASSOCIATION
2329,0,-368.73,8,ASSOCIATION
2330,0,0,1,ASSOCIATION
2331,0,-257.385,4,ASSOCIATION
2332,0,-283.582,9,ASSOCIATION
2333,0,-154.859,7,ASSOCIATION
2334,0,-414.262,3,ASSOCIATION
2335,0,-207.237,4,ASSOCIATION
2336,0,-382.437,0,ASSOCIATION
2337,0,-402.555,0,ASSOCIATION
2338,0,0,1,ASSOCIATION
2339,0,-406.508,0,ASSOCIATION
2340,0,-67.1319,2,ASSOCIATION
2341,0,0,1,ASSOCIATION
2342,0,-385.547,0,ASSOCIATION
2343,0,0,1,ASSOCIATION
2344,0,-386.024,0,ASSOCIATION
2345,0,-345.67,8,ASSOCIATION
2346,0,-218.232,4,ASSOCIATION
2347,0,-377.799,0,ASSOCIATION
2348,0,-357.843,8,ASSOCIATION
2349,0,-370.006,8,ASSOCIATION
2350,0,-426.181,3,ASSOCIATION
2351,0,-365.407,8,ASSOCIATION
2352,0,-342.15,8,ASSOCIATION
2353,0,-189.677,7,ASSOCIATION
2354,0,-411.052,0,ASSOCIATION
2355,0,-406.508,0,ASSOCIATION
2356,0,0,1,ASSOCIATION
2357,0,-377.585,0,ASSOCIATION
2358,0,-432.95,3,ASSOCIATION
2359,0,-284.666,9,ASSOCIATION
2360,0,-99.9738,2,ASSOCIATION
2361,0,-244.301,4,ASSOCIATION
2362,0,-365.933,8,ASSOCIATION
2363,0,-88.1083,2,ASSOCIATION
2364,0,-423.641,3,ASSOCIATION
2365,0,-83.5819,2,ASSOCIATION
2366,0,-345.551,8,ASSOCIATION
2367,0,-129.952,7,ASSOCIATION
2368,0,-413.455,3,ASSOCIATION
2369,0,0,1,ASSOCIATION
2370,0,-339.608,8,ASSOCIATION
2371,0,-362.905,8,ASSOCIATION
2372,0,-300.292,9,ASSOCIATION
2373,0,-437.643,3,ASSOCIATION
2374,0,-431.422,3,ASSOCIATION
2375,0,0,1,ASSOCIATION
2376,0,-400.01,0,ASSOCIATION
2377,0,-367.64,8,ASSOCIATION
2378,0,-394.887,0,ASSOCIATION
2379,0,-445.09,3,ASSOCIATION
2380,0,-268.307,9,ASSOCIATION
2381,0,-330.368,8,ASSOCIATION
2382,0,-366.528,8,ASSOCIATION
2383,0,-235.652,4,ASSOCIATION
2384,0,-374.632,0,ASSOCIATION
2385,0,-387.272,0,ASSOCIATION
2386,0,-237.058,4,ASSOCIATION
2387,0,-388.414,0,ASSOCIATION
2388,0,-442.54,3,ASSOCIATION
2389,0,-341.549,8,ASSOCIATION
2390,0,-342.906,8,ASSOCIATION
2391,0,-409.402,0,ASSOCIATION
2392,0,0,1,ASSOCIATION
2393,0,-311.269,9,ASSOCIATION
2394,0,-357.153,8,ASSOCIATION
2395,0,-300.276,9,ASSOCIATION
2396,0,-310.204,9,ASSOCIATION
2397,0,-129.12,7,ASSOCIATION
2398,0,-380.507,0,ASSOCIATION
2399,0,-410.1,0,ASSOCIATION
2400,0,-405.512,0,ASSOCIATION
2401,0,-365.275,8,ASSOCIATION
2402,0,-400.011,0,ASSOCIATION
2403,0,-0.917052,1,ASSOCIATION
2404,0,-441.154,3,ASSOCIATION
2405,0,-259.694,4,ASSOCIATION
2406,0,-402.495,0,ASSOCIATION
2407,0,-103.457,2,ASSOCIATION
2408,0,-422.7,3,ASSOCIATION
2409,0,-444.322,3,ASSOCIATION
2410,0,-388.414,0,ASSOCIATION
2411,0,-458.933,5,ASSOCIATION
2412,0,-225.028,4,ASSOCIATION
2413,0,-425.927,3,ASSOCIATION
2414,0,-61.0028,2,ASSOCIATION
2415,0,-322.646,9,ASSOCIATION
2416,0,0,1,ASSOCIATION
2417,0,-366.037,8,ASSOCIATION
2418,0,-406.554,0,ASSOCIATION
2419,0,-71.7063,2,ASSOCIATION
2420,0,-387.27,0,ASSOCIATION
2421,0,-457.571,5,ASSOCIATION
2422,0,-427.779,3,ASSOCIATION
2423,0,-374.203,0,ASSOCIATION
2424,0,-350.994,8,ASSOCIATION
2425,0,0,1,ASSOCIATION
2426,0,-440.526,3,ASSOCIATION
2427,0,0,1,ASSOCIATION
2428,0,-472.098,5,ASSOCIATION
2429,0,-269.146,9,ASSOCIATION
2430,0,0,1,ASSOCIATION
2431,0,0,1,ASSOCIATION
2432,0,-408.478,0,ASSOCIATION
2433,0,-300.276,9,ASSOCIATION
2434,0,-288.953,9,ASSOCIATION
2435,0,-323.28,9,ASSOCIATION
2436,0,-416.09,3,ASSOCIATION
2437,0,-225.776,4,ASSOCIATION
2438,0,-373.896,0,ASSOCIATION
2439,0,-356.575,8,ASSOCIATION
2440,0,-346.9,8,ASSOCIATION
2441,0,-405.233,0,ASSOCIATION
2442,0,-439.093,3,ASSOCIATION
2443,0,-100.878,2,ASSOCIATION
2444,0,-293.2,9,ASSOCIATION
2445,0,-293.078,9,ASSOCIATION
2446,0,0,1,ASSOCIATION
2447,0,0,1,ASSOCIATION
2448,0,-202.458,4,ASSOCIATION
2449,0,-436.775,3,ASSOCIATION
2450,0,-361.02,8,ASSOCIATION
2451,0,-80.2243,2,ASSOCIATION
2452,0,-295.598,9,ASSOCIATION
2453,0,-351.055,8,ASSOCIATION
2454,0,-462.009,5,ASSOCIATION
2455,0,-335.524,8,ASSOCIATION
2456,0,-380.625,0,ASSOCIATION
2457,0,-37.975,1,ASSOCIATION
2458,0,-158.693,7,ASSOCIATION
2459,0,-364.921,8,ASSOCIATION
2460,0,-333.463,8,ASSOCIATION
2461,0,-362.128,8,ASSOCIATION
2462,0,-388.414,0,ASSOCIATION
2463,0,-199.359,4,ASSOCIATION
2464,0,-327.83,8,ASSOCIATION
2465,0,-532.635,6,ASSOCIATION
2466,0,-388.414,0,ASSOCIATION
2467,0,-364.939,8,ASSOCIATION
2468,0,-352.543,8,ASSOCIATION
2469,0,-386.252,0,ASSOCIATION
2470,0,-12.8173,1,ASSOCIATION
2471,0,-298.378,9,ASSOCIATION
2472,0,0,1,ASSOCIATION
2473,0,-376.751,0,ASSOCIATION
2474,0,-168.241,7,ASSOCIATION
2475,0,-451.333,3,ASSOCIATION
2476,0,-409.988,0,ASSOCIATION
2477,0,-430.562,3,ASSOCIATION
2478,0,-376.425,0,ASSOCIATION
2479,0,-415.527,3,ASSOCIATION
2480,0,-370.665,8,ASSOCIATION
2481,0,-370.083,8,ASSOCIATION
2482,0,-340.54,8,ASSOCIATION
2483,0,-363.483,8,ASSOCIATION
2484,0,-388.414,0,ASSOCIATION
2485,0,-457.056,5,ASSOCIATION
2486,0,-391.243,0,ASSOCIATION
2487,0,-321.723,9,ASSOCIATION
2488,0,-329.006,8,ASSOCIATION
2489,0,-238.079,4,ASSOCIATION
2490,0,-380.354,0,ASSOCIATION
2491,0,-439.598,3,ASSOCIATION
2492,0,-354.237,8,ASSOCIATION
2493,0,0,1,ASSOCIATION
2494,0,-447.93,3,ASSOCIATION
2495,0,0,1,ASSOCIATION
2496,0,-449.993,3,ASSOCIATION
2497,0,-402.588,0,ASSOCIATION
2498,0,-283.284,9,ASSOCIATION
2499,0,-427.408,3,ASSOCIATION
2500,0,-423.782,3,ASSOCIATION
2501,0,-286.707,9,ASSOCIATION
2502,0,-388.942,0,ASSOCIATION
2503,0,0,1,ASSOCIATION
2504,0,-421.558,3,ASSOCIATION
2505,0,-257.96,4,ASSOCIATION
2506,0,-399.912,0,ASSOCIATION
2507,0,-100.017,2,ASSOCIATION
2508,0,0,1,ASSOCIATION
2509,0,-327.933,8,ASSOCIATION
2510,0,-328.455,8,ASSOCIATION
2511,0,0,1,ASSOCIATION
2512,0,-346.906,8,ASSOCIATION
2513,0,0,1,ASSOCIATION
2514,0,-362.475,8,ASSOCIATION
2515,0,-390.879,0,ASSOCIATION
2516,0,-274.232,9,ASSOCIATION
2517,0,0,1,ASSOCIATION
2518,0,-458.544,5,ASSOCIATION
2519,0,-395.492,0,ASSOCIATION
2520,0,-209.876,4,ASSOCIATION
2521,0,-341.913,8,ASSOCIATION
2522,0,-322.864,9,ASSOCIATION
2523,0,-273.29,9,ASSOCIATION
2524,0,-232.548,4,ASSOCIATION
2525,0,0,1,ASSOCIATION
2526,0,-393.959,0,ASSOCIATION
2527,0,-187.105,7,ASSOCIATION
2528,0,-373.893,0,ASSOCIATION
2529,0,0,1,ASSOCIATION
2530,0,0,1,ASSOCIATION
2531,0,-377.511,0,ASSOCIATION
2532,0,-408.722,0,ASSOCIATION
2533,0,-283.86,9,ASSOCIATION
2534,0,-267.374,4,ASSOCIATION
2535,0,-63.8824,2,ASSOCIATION
2536,0,-141.48,7,ASSOCIATION
2537,0,-413.995,3,ASSOCIATION
2538,0,-389.088,0,ASSOCIATION
2539,0,-313.63,9,ASSOCIATION
2540,0,-338.401,8,ASSOCIATION
2541,0,-336.647,8,ASSOCIATION
2542,0,-151.849,7,ASSOCIATION
2543,0,-393.404,0,ASSOCIATION
2544,0,-469.096,5,ASSOCIATION
2545,0,-264.347,4,ASSOCIATION
2546,0,-394.337,0,ASSOCIATION
2547,0,0,1,ASSOCIATION
2548,0,-90.396,2,ASSOCIATION
2549,0,-0.917052,1,ASSOCIATION
2550,0,-398.113,0,ASSOCIATION
2551,0,-425.898,3,ASSOCIATION
2552,0,-348.369,8,ASSOCIATION
2553,0,0,1,ASSOCIATION
2554,0,-28.957,1,ASSOCIATION
2555,0,-464.34,5,ASSOCIATION
2556,0,-257.653,4,ASSOCIATION
2557,0,-387.509,0,ASSOCIATION
2558,0,-431.525,3,ASSOCIATION
2559,0,-406.508,0,ASSOCIATION
2560,0,-444.424,3,ASSOCIATION
2561,0,0,1,ASSOCIATION
2562,0,0,1,ASSOCIATION
2563,0,-406.55,0,ASSOCIATION
2564,0,-156.686,7,ASSOCIATION
2565,0,-272.208,9,ASSOCIATION
2566,0,-227.976,4,ASSOCIATION
2567,0,-385.375,0,ASSOCIATION
2568,0,-447.566,3,ASSOCIATION
2569,0,-361.458,8,ASSOCIATION
2570,0,-236.091,4,ASSOCIATION
2571,0,-329.728,8,ASSOCIATION
2572,0,-320.536,9,ASSOCIATION
2573,0,-82.0766,2,ASSOCIATION
2574,0,-429.933,3,ASSOCIATION
2575,0,-324.727,9,ASSOCIATION
2576,0,0,1,ASSOCIATION
2577,0,-236.502,4,ASSOCIATION
2578,0,-185.194,7,ASSOCIATION
2579,0,-437.898,3,ASSOCIATION
2580,0,-371.079,8,ASSOCIATION
2581,0,0,1,ASSOCIATION
2582,0,-362.069,8,ASSOCIATION
2583,0,-323.944,9,ASSOCIATION
2584,0,-186.141,7,ASSOCIATION
2585,0,-302.882,9,ASSOCIATION
2586,0,-87.3202,2,ASSOCIATION
2587,0,0,1,ASSOCIATION
2588,0,0,1,ASSOCIATION
2589,0,-413.639,3,ASSOCIATION
2590,0,-311.921,9,ASSOCIATION
2591,0,-230.346,4,ASSOCIATION
2592,0,-302.28,9,ASSOCIATION
2593,0,-302.891,9,ASSOCIATION
2594,0,-297.095,9,ASSOCIATION
2595,0,-371.792,0,ASSOCIATION
2596,0,-408.166,0,ASSOCIATION
2597,0,-434.95,3,ASSOCIATION
2598,0,-374.863,0,ASSOCIATION
2599,0,-408.787,0,ASSOCIATION
2600,0,-50.6329,2,ASSOCIATION
2601,0,-349.058,8,ASSOCIATION
2602,0,-458.046,5,ASSOCIATION
2603,0,-423.118,3,ASSOCIATION
2604,0,-113.22,2,ASSOCIATION
2605,0,-475.747,5,ASSOCIATION
2606,0,-227.937,4,ASSOCIATION
2607,0,-117.704,2,ASSOCIATION
2608,0,-388.662,0,ASSOCIATION
2609,0,-123.064,7,ASSOCIATION
2610,0,-356.85,8,ASSOCIATION
2611,0,-299.616,9,ASSOCIATION
2612,0,-425.753,3,ASSOCIATION
2613,0,-348.081,8,ASSOCIATION
2614,0,0,1,ASSOCIATION
2615,0,-209.215,4,ASSOCIATION
2616,0,0,1,ASSOCIATION
2617,0,-304.535,9,ASSOCIATION
2618,0,-464.149,5,ASSOCIATION
2619,0,-362.501,8,ASSOCIATION
2620,0,-361.375,8,ASSOCIATION
2621,0,0,1,ASSOCIATION
2622,0,-408.061,0,ASSOCIATION
2623,0,0,1,ASSOCIATION
2624,0,-376.046,0,ASSOCIATION
2625,0,-318.486,9,ASSOCIATION
2626,0,-364.84,8,ASSOCIATION
2627,0,0,1,ASSOCIATION
2628,0,-388.414,0,ASSOCIATION
2629,0,-446.35,3,ASSOCIATION
2630,0,-268.07,9,ASSOCIATION
2631,0,-305.36,9,ASSOCIATION
2632,0,0,1,ASSOCIATION
2633,0,-0.233682,1,ASSOCIATION
2634,0,-429.178,3,ASSOCIATION
2635,0,-404.345,0,ASSOCIATION
2636,0,-296.501,9,ASSOCIATION
2637,0,-373.892,0,ASSOCIATION
2638,0,-384.549,0,ASSOCIATION
2639,0,-478.172,5,ASSOCIATION
2640,0,0,1,ASSOCIATION
2641,0,-419.54,3,ASSOCIATION
2642,0,0,1,ASSOCIATION
2643,0,-406.508,0,ASSOCIATION
2644,0,-408.996,0,ASSOCIATION
2645,0,-372.838,0,ASSOCIATION
2646,0,0,1,ASSOCIATION
2647,0,0,1,ASSOCIATION
2648,0,-351.25,8,ASSOCIATION
2649,0,-416.405,3,ASSOCIATION
2650,0,0,1,ASSOCIATION
2651,0,-210.082,4,ASSOCIATION
2652,0,-264.307,4,ASSOCIATION
2653,0,-315.845,9,ASSOCIATION
2654,0,-368.378,8,ASSOCIATION
2655,0,-300.276,9,ASSOCIATION
2656,0,-345.208,8,ASSOCIATION
2657,0,-430.618,3,ASSOCIATION
2658,0,-32.0098,1,ASSOCIATION
2659,0,0,1,ASSOCIATION
2660,0,-389.014,0,ASSOCIATION
2661,0,-366.877,8,ASSOCIATION
2662,0,-318.363,9,ASSOCIATION
2663,0,-28.0399,1,ASSOCIATION
2664,0,-458.533,5,ASSOCIATION
2665,0,-400.656,0,ASSOCIATION
2666,0,-411.909,3,ASSOCIATION
2667,0,-149.803,7,ASSOCIATION
2668,0,-145.214,7,ASSOCIATION
2669,0,-387.712,0,ASSOCIATION
2670,0,0,1,ASSOCIATION
2671,0,-394.196,0,ASSOCIATION
2672,0,-64.4686,2,ASSOCIATION
2673,0,-438.916,3,ASSOCIATION
2674,0,-231.971,4,ASSOCIATION
2675,0,-422.298,3,ASSOCIATION
2676,0,-1.0337,1,ASSOCIATION
2677,0,-358.384,8,ASSOCIATION
2678,0,0,1,ASSOCIATION
2679,0,-371.831,0,ASSOCIATION
2680,0,-224.058,4,ASSOCIATION
2681,0,-384.418,0,ASSOCIATION
2682,0,-125.143,7,ASSOCIATION
2683,0,-79.4453,2,ASSOCIATION
2684,0,-413.262,3,ASSOCIATION
2685,0,-258.665,4,ASSOCIATION
2686,0,-163.659,7,ASSOCIATION
2687,0,-334.819,8,ASSOCIATION
2688,0,-362.934,8,ASSOCIATION
2689,0,-344.063,8,ASSOCIATION
2690,0,-459.029,5,ASSOCIATION
2691,0,-418.935,3,ASSOCIATION
2692,0,0,1,ASSOCIATION
2693,0,0,1,ASSOCIATION
2694,0,-400.766,0,ASSOCIATION
2695,0,-346,8,ASSOCIATION
2696,0,-307.479,9,ASSOCIATION
2697,0,-386.554,0,ASSOCIATION
2698,0,0,1,ASSOCIATION
2699,0,-203.611,4,ASSOCIATION
2700,0,-7.72386,1,ASSOCIATION
2701,0,-428.045,3,ASSOCIATION
2702,0,-386.245,0,ASSOCIATION
2703,0,0,1,ASSOCIATION
2704,0,-341.285,8,ASSOCIATION
2705,0,-263.079,4,ASSOCIATION
2706,0,-377.309,0,ASSOCIATION
2707,0,0,1,ASSOCIATION
2708,0,0,1,ASSOCIATION
2709,0,-301.233,9,ASSOCIATION
2710,0,-371.285,0,ASSOCIATION
2711,0,-319.745,9,ASSOCIATION
2712,0,-383.023,0,ASSOCIATION
2713,0,0,1,ASSOCIATION
2714,0,-377.814,0,ASSOCIATION
2715,0,0,1,ASSOCIATION
2716,0,-351.829,8,ASSOCIATION
2717,0,-290.545,9,ASSOCIATION
2718,0,-300.276,9,ASSOCIATION
2719,0,-459.572,5,ASSOCIATION
2720,0,-175.592,7,ASSOCIATION
2721,0,-191.123,7,ASSOCIATION
2722,0,0,1,ASSOCIATION
2723,0,-244.836,4,ASSOCIATION
2724,0,-288.213,9,ASSOCIATION
2725,0,-12.0169,1,ASSOCIATION
2726,0,-267.42,4,ASSOCIATION
2727,0,-384.969,0,ASSOCIATION
2728,0,-388.414,0,ASSOCIATION
2729,0,-366.416,8,ASSOCIATION
2730,0,-320.549,9,ASSOCIATION
2731,0,-468.195,5,ASSOCIATION
2732,0,-324.177,9,ASSOCIATION
2733,0,-376.075,0,ASSOCIATION
2734,0,0,1,ASSOCIATION
2735,0,0,1,ASSOCIATION
2736,0,-263.3,4,ASSOCIATION
2737,0,-388.492,0,ASSOCIATION
2738,0,-104.001,2,ASSOCIATION
2739,0,-406.508,0,ASSOCIATION
2740,0,-365.89,8,ASSOCIATION
2741,0,-318.106,9,ASSOCIATION
2742,0,-430.175,3,ASSOCIATION
2743,0,-353.413,8,ASSOCIATION
2744,0,-390.842,0,ASSOCIATION
2745,0,-403.858,0,ASSOCIATION
2746,0,0,1,ASSOCIATION
2747,0,-28.0399,1,ASSOCIATION
2748,0,-370.225,8,ASSOCIATION
2749,0,-395.6,0,ASSOCIATION
2750,0,-306.586,9,ASSOCIATION
2751,0,-373.991,0,ASSOCIATION
2752,0,-231.52,4,ASSOCIATION
2753,0,-406.508,0,ASSOCIATION
2754,0,-239.372,4,ASSOCIATION
2755,0,0,1,ASSOCIATION
2756,0,-458.901,5,ASSOCIATION
2757,0,-388.531,0,ASSOCIATION
2758,0,-409.89,0,ASSOCIATION
2759,0,-355.956,8,ASSOCIATION
2760,0,0,1,ASSOCIATION
2761,0,-429.529,3,ASSOCIATION
2762,0,-284.943,9,ASSOCIATION
2763,0,-386.397,0,ASSOCIATION
2764,0,-366.487,8,ASSOCIATION
2765,0,-356.124,8,ASSOCIATION
2766,0,-481.656,5,ASSOCIATION
2767,0,-78.3939,2,ASSOCIATION
2768,0,0,1,ASSOCIATION
2769,0,-388.414,0,ASSOCIATION
2770,0,-378.14,0,ASSOCIATION
2771,0,-311.673,9,ASSOCIATION
2772,0,-339.311,8,ASSOCIATION
2773,0,-412.486,3,ASSOCIATION
2774,0,-367.347,8,ASSOCIATION
2775,0,-348.091,8,ASSOCIATION
2776,0,-260.997,4,ASSOCIATION
2777,0,0,1,ASSOCIATION
2778,0,-404.851,0,ASSOCIATION
2779,0,-202.903,4,ASSOCIATION
2780,0,-372.838,0,ASSOCIATION
2781,0,0,1,ASSOCIATION
2782,0,-375.35,0,ASSOCIATION
2783,0,-179.299,7,ASSOCIATION
2784,0,0,1,ASSOCIATION
2785,0,-391.298,0,ASSOCIATION
2786,0,-337.659,8,ASSOCIATION
2787,0,-358.207,8,ASSOCIATION
2788,0,-446.936,3,ASSOCIATION
2789,0,-366.41,8,ASSOCIATION
2790,0,-343.414,8,ASSOCIATION
2791,0,-39.1253,1,ASSOCIATION
2792,0,-440.322,3,ASSOCIATION
2793,0,-145.121,7,ASSOCIATION
2794,0,0,1,ASSOCIATION
2795,0,-300.276,9,ASSOCIATION
2796,0,0,1,ASSOCIATION
2797,0,-343.17,8,ASSOCIATION
2798,0,-287.407,9,ASSOCIATION
2799,0,-185.528,7,ASSOCIATION
2800,0,-421.493,3,ASSOCIATION
2801,0,-402.349,0,ASSOCIATION
2802,0,0,1,ASSOCIATION
2803,0,-329.606,8,ASSOCIATION
2804,0,-298.169,9,ASSOCIATION
2805,0,-74.9138,2,ASSOCIATION
2806,0,-336.482,8,ASSOCIATION
2807,0,-444.439,3,ASSOCIATION
2808,0,-413.857,3,ASSOCIATION
2809,0,-445.151,3,ASSOCIATION
2810,0,-393.213,0,ASSOCIATION
2811,0,-398.937,0,ASSOCIATION
2812,0,-388.414,0,ASSOCIATION
2813,0,-193.285,7,ASSOCIATION
2814,0,-0.116646,1,ASSOCIATION
2815,0,-382.56,0,ASSOCIATION
2816,0,-402.956,0,ASSOCIATION
2817,0,-459.861,5,ASSOCIATION
2818,0,-350.341,8,ASSOCIATION
2819,0,-419.834,3,ASSOCIATION
2820,0,-264.697,4,ASSOCIATION
2821,0,-395.889,0,ASSOCIATION
2822,0,-373.357,0,ASSOCIATION
2823,0,-458.537,5,ASSOCIATION
2824,0,-394.975,0,ASSOCIATION
2825,0,-377.837,0,ASSOCIATION
2826,0,-296.501,9,ASSOCIATION
2827,0,-435.377,3,ASSOCIATION
2828,0,0,1,ASSOCIATION
2829,0,-300.276,9,ASSOCIATION
2830,0,-235.347,4,ASSOCIATION
2831,0,-284.993,9,ASSOCIATION
2832,0,0,1,ASSOCIATION
2833,0,-423.914,3,ASSOCIATION
2834,0,0,1,ASSOCIATION
2835,0,-297.273,9,ASSOCIATION
2836,0,-395.901,0,ASSOCIATION
2837,0,-316.871,9,ASSOCIATION
2838,0,-0.116646,1,ASSOCIATION
2839,0,-429.176,3,ASSOCIATION
2840,0,-318.544,9,ASSOCIATION
2841,0,-450.142,3,ASSOCIATION
2842,0,-2.86759,1,ASSOCIATION
2843,0,-406.82,0,ASSOCIATION
2844,0,-389.333,0,ASSOCIATION
2845,0,-389.902,0,ASSOCIATION
2846,0,-154.399,7,ASSOCIATION
2847,0,-275.863,9,ASSOCIATION
2848,0,-347.083,8,ASSOCIATION
2849,0,-388.414,0,ASSOCIATION
2850,0,-313.779,9,ASSOCIATION
2851,0,-360.983,8,ASSOCIATION
2852,0,-259.121,4,ASSOCIATION
2853,0,-284.789,9,ASSOCIATION
2854,0,-372.077,0,ASSOCIATION
2855,0,-392.186,0,ASSOCIATION
2856,0,-292.19,9,ASSOCIATION
2857,0,-149.653,7,ASSOCIATION
2858,0,-165.9,7,ASSOCIATION
2859,0,-302.625,9,ASSOCIATION
2860,0,-389.239,0,ASSOCIATION
2861,0,-340.888,8,ASSOCIATION
2862,0,-300.28,9,ASSOCIATION
2863,0,-418.726,3,ASSOCIATION
2864,0,-391.268,0,ASSOCIATION
2865,0,-504.413,5,ASSOCIATION
2866,0,-388.414,0,ASSOCIATION
2867,0,-426.7,3,ASSOCIATION
2868,0,0,1,ASSOCIATION
2869,0,-446.716,3,ASSOCIATION
2870,0,-363.012,8,ASSOCIATION
2871,0,-300.276,9,ASSOCIATION
2872,0,-335.2,8,ASSOCIATION
2873,0,0,1,ASSOCIATION
2874,0,-362.666,8,ASSOCIATION
2875,0,-310.94,9,ASSOCIATION
2876,0,-35.6023,1,ASSOCIATION
2877,0,-246.848,4,ASSOCIATION
2878,0,-410.419,0,ASSOCIATION
2879,0,-418.926,3,ASSOCIATION
2880,0,-300.276,9,ASSOCIATION
2881,0,-390.516,0,ASSOCIATION
2882,0,-356.291,8,ASSOCIATION
2883,0,-300.276,9,ASSOCIATION
2884,0,-362.013,8,ASSOCIATION
2885,0,-256.15,4,ASSOCIATION
2886,0,-334.846,8,ASSOCIATION
2887,0,-420.104,3,ASSOCIATION
2888,0,-354.011,8,ASSOCIATION
2889,0,-330.12,8,ASSOCIATION
2890,0,-395.246,0,ASSOCIATION
2891,0,0,1,ASSOCIATION
2892,0,-364.092,8,ASSOCIATION
2893,0,-391.191,0,ASSOCIATION
2894,0,-338.165,8,ASSOCIATION
2895,0,-450.984,3,ASSOCIATION
2896,0,-377.699,0,ASSOCIATION
2897,0,-370.608,8,ASSOCIATION
2898,0,-67.1319,2,ASSOCIATION
2899,0,-392.875,0,ASSOCIATION
2900,0,0,1,ASSOCIATION
2901,0,-402.269,0,ASSOCIATION
2902,0,-307.746,9,ASSOCIATION
2903,0,-370.322,8,ASSOCIATION
2904,0,-402.871,0,ASSOCIATION
2905,0,-388.414,0,ASSOCIATION
2906,0,-219.387,4,ASSOCIATION
2907,0,-447.317,3,ASSOCIATION
2908,0,-406.508,0,ASSOCIATION
2909,0,-402.619,0,ASSOCIATION
2910,0,-426.255,3,ASSOCIATION
2911,0,-58.584,2,ASSOCIATION
2912,0,-406.508,0,ASSOCIATION
2913,0,-266.667,4,ASSOCIATION
2914,0,-293.378,9,ASSOCIATION
2915,0,-388.414,0,ASSOCIATION
2916,0,-456.43,5,ASSOCIATION
2917,0,-395.143,0,ASSOCIATION
2918,0,-346.272,8,ASSOCIATION
2919,0,-404.495,0,ASSOCIATION
2920,0,-394.266,0,ASSOCIATION
2921,0,-238.861,4,ASSOCIATION
2922,0,0,1,ASSOCIATION
2923,0,-425.698,3,ASSOCIATION
2924,0,-75.6557,2,ASSOCIATION
2925,0,-478.707,5,ASSOCIATION
2926,0,-195.017,7,ASSOCIATION
2927,0,-217.947,4,ASSOCIATION
2928,0,-300.276,9,ASSOCIATION
2929,0,-231.283,4,ASSOCIATION
2930,0,-484.681,5,ASSOCIATION
2931,0,-401.563,0,ASSOCIATION
2932,0,-366.142,8,ASSOCIATION
2933,0,-339.714,8,ASSOCIATION
2934,0,-331.056,8,ASSOCIATION
2935,0,-408.265,0,ASSOCIATION
2936,0,-333.308,8,ASSOCIATION
2937,0,-474.109,5,ASSOCIATION
2938,0,-406.508,0,ASSOCIATION
2939,0,-1.26738,1,ASSOCIATION
2940,0,-451.202,3,ASSOCIATION
2941,0,0,1,ASSOCIATION
2942,0,-292.871,9,ASSOCIATION
2943,0,-376.821,0,ASSOCIATION
2944,0,0,1,ASSOCIATION
2945,0,-192.81,7,ASSOCIATION
2946,0,-287.862,9,ASSOCIATION
2947,0,-298.816,9,ASSOCIATION
2948,0,-351.654,8,ASSOCIATION
2949,0,-279.922,9,ASSOCIATION
2950,0,-119.922,2,ASSOCIATION
2951,0,-310.695,9,ASSOCIATION
2952,0,-324.708,9,ASSOCIATION
2953,0,-360.044,8,ASSOCIATION
2954,0,0,1,ASSOCIATION
2955,0,-50.2267,2,ASSOCIATION
2956,0,-300.276,9,ASSOCIATION
2957,0,-24.3271,1,ASSOCIATION
2958,0,0,1,ASSOCIATION
2959,0,-172.284,7,ASSOCIATION
2960,0,-348.248,8,ASSOCIATION
2961,0,-38.0744,1,ASSOCIATION
2962,0,-389.934,0,ASSOCIATION
2963,0,-334.269,8,ASSOCIATION
2964,0,0,1,ASSOCIATION
2965,0,0,1,ASSOCIATION
2966,0,0,1,ASSOCIATION
2967,0,-433.659,3,ASSOCIATION
2968,0,-462.264,5,ASSOCIATION
2969,0,-409.421,0,ASSOCIATION
2970,0,-438.223,3,ASSOCIATION
2971,0,-186.942,7,ASSOCIATION
2972,0,-170.167,7,ASSOCIATION
2973,0,-327.582,8,ASSOCIATION
2974,0,-348.909,8,ASSOCIATION
2975,0,0,1,ASSOCIATION
2976,0,-61.113,2,ASSOCIATION
2977,0,-300.276,9,ASSOCIATION
2978,0,-208.947,4,ASSOCIATION
2979,0,-377.236,0,ASSOCIATION
2980,0,-279.616,9,ASSOCIATION
2981,0,-450.461,3,ASSOCIATION
2982,0,-468.334,5,ASSOCIATION
2983,0,-317.327,9,ASSOCIATION
2984,0,-290.534,9,ASSOCIATION
2985,0,0,1,ASSOCIATION
2986,0,-340.453,8,ASSOCIATION
2987,0,-28.5946,1,ASSOCIATION
2988,0,-330.747,8,ASSOCIATION
2989,0,-347.996,8,ASSOCIATION
2990,0,-330.598,8,ASSOCIATION
2991,0,-280.571,9,ASSOCIATION
2992,0,-300.276,9,ASSOCIATION
2993,0,-300.276,9,ASSOCIATION
2994,0,-455.619,5,ASSOCIATION
2995,0,-419.404,3,ASSOCIATION
2996,0,-431.525,3,ASSOCIATION
2997,0,-316.499,9,ASSOCIATION
2998,0,-393.158,0,ASSOCIATION
2999,0,0,1,ASSOCIATION
3000,0,-457.911,5,ASSOCIATION
3001,0,-412.927,3,ASSOCIATION
3002,0,-4.39638,1,ASSOCIATION
3003,0,-33.5113,1,ASSOCIATION
3004,0,-317.962,9,ASSOCIATION
3005,0,-224.247,4,ASSOCIATION
3006,0,-264.62,4,ASSOCIATION
3007,0,-386.676,0,ASSOCIATION
3008,0,-403.739,0,ASSOCIATION
3009,0,-153.944,7,ASSOCIATION
3010,0,-429.554,3,ASSOCIATION
3011,0,-451.492,3,ASSOCIATION
3012,0,-407.802,0,ASSOCIATION
3013,0,-247.46,4,ASSOCIATION
3014,0,-256.294,4,ASSOCIATION
3015,0,-390.213,0,ASSOCIATION
3016,0,-292.951,9,ASSOCIATION
3017,0,-0.112781,1,ASSOCIATION
3018,0,-412.02,3,ASSOCIATION
3019,0,0,1,ASSOCIATION
3020,0,-239.714,4,ASSOCIATION
3021,0,-442.82,3,ASSOCIATION
3022,0,-373.837,0,ASSOCIATION
3023,0,-337.668,8,ASSOCIATION
3024,0,-389.027,0,ASSOCIATION
3025,0,0,1,ASSOCIATION
3026,0,0,1,ASSOCIATION
3027,0,-523.349,6,ASSOCIATION
3028,0,-423.982,3,ASSOCIATION
3029,0,-2.2508,1,ASSOCIATION
3030,0,0,1,ASSOCIATION
3031,0,-378.155,0,ASSOCIATION
3032,0,0,1,ASSOCIATION
3033,0,-408.779,0,ASSOCIATION
3034,0,-443.084,3,ASSOCIATION
3035,0,-415.579,3,ASSOCIATION
3036,0,-403.573,0,ASSOCIATION
3037,0,-129.066,7,ASSOCIATION
3038,0,0,1,ASSOCIATION
3039,0,-365.482,8,ASSOCIATION
3040,0,-392.208,0,ASSOCIATION
3041,0,0,1,ASSOCIATION
3042,0,-450.668,3,ASSOCIATION
3043,0,-354.975,8,ASSOCIATION
3044,0,-440.337,3,ASSOCIATION
3045,0,-0.0164539,1,ASSOCIATION
3046,0,-328.462,8,ASSOCIATION
3047,0,-401.543,0,ASSOCIATION
3048,0,0,1,ASSOCIATION
3049,0,0,1,ASSOCIATION
3050,0,-381.19,0,ASSOCIATION
3051,0,-144.738,7,ASSOCIATION
3052,0,-444.983,3,ASSOCIATION
3053,0,-171.211,7,ASSOCIATION
3054,0,-124.465,7,ASSOCIATION
3055,0,-1.0496,1,ASSOCIATION
3056,0,-410.684,0,ASSOCIATION
3057,0,0,1,ASSOCIATION
3058,0,0,1,ASSOCIATION
3059,0,-401.543,0,ASSOCIATION
3060,0,-403.337,0,ASSOCIATION
3061,0,-410.317,0,ASSOCIATION
3062,0,-434.631,3,ASSOCIATION
3063,0,-406.071,0,ASSOCIATION
3064,0,-382.065,0,ASSOCIATION
3065,0,-427.501,3,ASSOCIATION
3066,0,-435.434,3,ASSOCIATION
3067,0,-383.626,0,ASSOCIATION
3068,0,-272.715,9,ASSOCIATION
3069,0,-402.389,0,ASSOCIATION
3070,0,-124.949,7,ASSOCIATION
3071,0,-434.582,3,ASSOCIATION
3072,0,-375.673,0,ASSOCIATION
3073,0,-264.035,4,ASSOCIATION
3074,0,-382.827,0,ASSOCIATION
3075,0,-393.838,0,ASSOCIATION
3076,0,-85.7052,2,ASSOCIATION
3077,0,-466.591,5,ASSOCIATION
3078,0,-355.534,8,ASSOCIATION
3079,0,-302.899,9,ASSOCIATION
3080,0,-232.262,4,ASSOCIATION
3081,0,0,1,ASSOCIATION
3082,0,0,1,ASSOCIATION
3083,0,0,1,ASSOCIATION
3084,0,-162.837,7,ASSOCIATION
3085,0,-405.433,0,ASSOCIATION
3086,0,-373.887,0,ASSOCIATION
3087,0,-306.28,9,ASSOCIATION
3088,0,0,1,ASSOCIATION
3089,0,-307.097,9,ASSOCIATION
3090,0,-266.508,4,ASSOCIATION
3091,0,-32.3477,1,ASSOCIATION
3092,0,-403.817,0,ASSOCIATION
3093,0,0,1,ASSOCIATION
3094,0,-383.248,0,ASSOCIATION
3095,0,-414.084,3,ASSOCIATION
3096,0,-358.099,8,ASSOCIATION
3097,0,-192.031,7,ASSOCIATION
3098,0,-312.011,9,ASSOCIATION
3099,0,-383.61,0,ASSOCIATION
3100,0,-423.903,3,ASSOCIATION
3101,0,0,1,ASSOCIATION
3102,0,-101.135,2,ASSOCIATION
3103,0,-191.694,7,ASSOCIATION
3104,0,-349.984,8,ASSOCIATION
3105,0,-183.54,7,ASSOCIATION
3106,0,-452.759,3,ASSOCIATION
3107,0,-511.5,6,ASSOCIATION
3108,0,-398.711,0,ASSOCIATION
3109,0,-36.3689,1,ASSOCIATION
3110,0,-412.554,3,ASSOCIATION
3111,0,-454.545,5,ASSOCIATION
3112,0,-418.646,3,ASSOCIATION
3113,0,-364.928,8,ASSOCIATION
3114,0,-6.58902,1,ASSOCIATION
3115,0,-381.861,0,ASSOCIATION
3116,0,-424.546,3,ASSOCIATION
3117,0,-395.447,0,ASSOCIATION
3118,0,-338.278,8,ASSOCIATION
3119,0,-341.492,8,ASSOCIATION
3120,0,-343.094,8,ASSOCIATION
3121,0,-403.732,0,ASSOCIATION
3122,0,-394.545,0,ASSOCIATION
3123,0,-375.497,0,ASSOCIATION
3124,0,-229.074,4,ASSOCIATION
3125,0,-374.73,0,ASSOCIATION
3126,0,-387.44,0,ASSOCIATION
3127,0,-394.38,0,ASSOCIATION
3128,0,0,1,ASSOCIATION
3129,0,-416.792,3,ASSOCIATION
3130,0,-274.974,9,ASSOCIATION
3131,0,-441.761,3,ASSOCIATION
3132,0,-408.092,0,ASSOCIATION
3133,0,-402.43,0,ASSOCIATION
3134,0,-380.666,0,ASSOCIATION
3135,0,-298.171,9,ASSOCIATION
3136,0,0,1,ASSOCIATION
3137,0,-147.247,7,ASSOCIATION
3138,0,-364.725,8,ASSOCIATION
3139,0,-81.1751,2,ASSOCIATION
3140,0,-441.122,3,ASSOCIATION
3141,0,-97.6843,2,ASSOCIATION
3142,0,-325.69,8,ASSOCIATION
3143,0,-437.331,3,ASSOCIATION
3144,0,-369.021,8,ASSOCIATION
3145,0,0,1,ASSOCIATION
3146,0,-417.451,3,ASSOCIATION
3147,0,-391.05,0,ASSOCIATION
3148,0,-382.732,0,ASSOCIATION
3149,0,-143.957,7,ASSOCIATION
3150,0,-23.1086,1,ASSOCIATION
3151,0,-404.544,0,ASSOCIATION
3152,0,-443.152,3,ASSOCIATION
3153,0,-395.985,0,ASSOCIATION
3154,0,-289.878,9,ASSOCIATION
3155,0,-247.458,4,ASSOCIATION
3156,0,-173.612,7,ASSOCIATION
3157,0,-374.708,0,ASSOCIATION
3158,0,-314.404,9,ASSOCIATION
3159,0,-394.705,0,ASSOCIATION
3160,0,-394.237,0,ASSOCIATION
3161,0,-387.627,0,ASSOCIATION
3162,0,-401.66,0,ASSOCIATION
3163,0,-223.597,4,ASSOCIATION
3164,0,0,1,ASSOCIATION
3165,0,-218.187,4,ASSOCIATION
3166,0,-386.708,0,ASSOCIATION
3167,0,0,1,ASSOCIATION
3168,0,-395.882,0,ASSOCIATION
3169,0,-362.377,8,ASSOCIATION
3170,0,-364.914,8,ASSOCIATION
3171,0,-302.557,9,ASSOCIATION
3172,0,-173.748,7,ASSOCIATION
3173,0,-425.978,3,ASSOCIATION
3174,0,-6.44967,1,ASSOCIATION
3175,0,-283.066,9,ASSOCIATION
3176,0,-281.266,9,ASSOCIATION
3177,0,0,1,ASSOCIATION
3178,0,-409.335,0,ASSOCIATION
3179,0,0,1,ASSOCIATION
3180,0,-401.543,0,ASSOCIATION
3181,0,-378.363,0,ASSOCIATION
3182,0,-361.228,8,ASSOCIATION
3183,0,-401.543,0,ASSOCIATION
3184,0,-419.966,3,ASSOCIATION
3185,0,-386.297,0,ASSOCIATION
3186,0,-212.932,4,ASSOCIATION
3187,0,-434.117,3,ASSOCIATION
3188,0,-428.403,3,ASSOCIATION
3189,0,-384.304,0,ASSOCIATION
3190,0,-341.84,8,ASSOCIATION
3191,0,-417.6,3,ASSOCIATION
3192,0,-280.895,9,ASSOCIATION
3193,0,0,1,ASSOCIATION
3194,0,-377.207,0,ASSOCIATION
3195,0,-397.857,0,ASSOCIATION
3196,0,-401.718,0,ASSOCIATION
3197,0,-32.0654,1,ASSOCIATION
3198,0,-325.121,9,ASSOCIATION
3199,0,-337.385,8,ASSOCIATION
3200,0,-288.108,9,ASSOCIATION
3201,0,-422.761,3,ASSOCIATION
3202,0,-411.049,0,ASSOCIATION
3203,0,-99.3643,2,ASSOCIATION
3204,0,-380.866,0,ASSOCIATION
3205,0,-427.443,3,ASSOCIATION
3206,0,-330.534,8,ASSOCIATION
3207,0,-103.12,2,ASSOCIATION
3208,0,-401.543,0,ASSOCIATION
3209,0,0,1,ASSOCIATION
3210,0,-342.776,8,ASSOCIATION
3211,0,-219.265,4,ASSOCIATION
3212,0,-409.139,0,ASSOCIATION
3213,0,-143.998,7,ASSOCIATION
3214,0,-376.564,0,ASSOCIATION
3215,0,0,1,ASSOCIATION
3216,0,-304.434,9,ASSOCIATION
3217,0,-236.441,4,ASSOCIATION
3218,0,-248.211,4,ASSOCIATION
3219,0,-50.7675,2,ASSOCIATION
3220,0,-343.021,8,ASSOCIATION
3221,0,-70.6646,2,ASSOCIATION
3222,0,-411.415,0,ASSOCIATION
3223,0,-404.882,0,ASSOCIATION
3224,0,-395.14,0,ASSOCIATION
3225,0,0,1,ASSOCIATION
3226,0,-384.304,0,ASSOCIATION
3227,0,-408.316,0,ASSOCIATION
3228,0,-353.238,8,ASSOCIATION
3229,0,-339.804,8,ASSOCIATION
3230,0,-301.631,9,ASSOCIATION
3231,0,-168.113,7,ASSOCIATION
3232,0,-334.985,8,ASSOCIATION
3233,0,-172.041,7,ASSOCIATION
3234,0,0,1,ASSOCIATION
3235,0,-327.482,8,ASSOCIATION
3236,0,0,1,ASSOCIATION
3237,0,0,1,ASSOCIATION
3238,0,0,1,ASSOCIATION
3239,0,0,1,ASSOCIATION
3240,0,-405.255,0,ASSOCIATION
3241,0,-217.647,4,ASSOCIATION
3242,0,-383.793,0,ASSOCIATION
3243,0,-439.732,3,ASSOCIATION
3244,0,-403.712,0,ASSOCIATION
3245,0,-85.2259,2,ASSOCIATION
3246,0,0,1,ASSOCIATION
3247,0,-154.498,7,ASSOCIATION
3248,0,-384.022,0,ASSOCIATION
3249,0,-419.785,3,ASSOCIATION
3250,0,0,1,ASSOCIATION
3251,0,-80.3516,2,ASSOCIATION
3252,0,-358.232,8,ASSOCIATION
3253,0,-445.351,3,ASSOCIATION
3254,0,0,1,ASSOCIATION
3255,0,-384.304,0,ASSOCIATION
3256,0,-396.694,0,ASSOCIATION
3257,0,-388.767,0,ASSOCIATION
3258,0,-504.548,5,ASSOCIATION
3259,0,-358.013,8,ASSOCIATION
3260,0,0,1,ASSOCIATION
3261,0,-153.967,7,ASSOCIATION
3262,0,0,1,ASSOCIATION
3263,0,-406.98,0,ASSOCIATION
3264,0,-453.573,3,ASSOCIATION
3265,0,-332.071,8,ASSOCIATION
3266,0,-330.535,8,ASSOCIATION
3267,0,-383.415,0,ASSOCIATION
3268,0,-406.407,0,ASSOCIATION
3269,0,-425.668,3,ASSOCIATION
3270,0,-409.796,0,ASSOCIATION
3271,0,-286.895,9,ASSOCIATION
3272,0,-352.719,8,ASSOCIATION
3273,0,-425.569,3,ASSOCIATION
3274,0,-442.272,3,ASSOCIATION
3275,0,-93.285,2,ASSOCIATION
3276,0,-426.521,3,ASSOCIATION
3277,0,-107.398,2,ASSOCIATION
3278,0,-421.392,3,ASSOCIATION
3279,0,-303.534,9,ASSOCIATION
3280,0,-300.194,9,ASSOCIATION
3281,0,0,1,ASSOCIATION
3282,0,-428.655,3,ASSOCIATION
3283,0,-422.155,3,ASSOCIATION
3284,0,-339.748,8,ASSOCIATION
3285,0,0,1,ASSOCIATION
3286,0,-422.445,3,ASSOCIATION
3287,0,-450.058,3,ASSOCIATION
3288,0,-416.073,3,ASSOCIATION
3289,0,0,1,ASSOCIATION
3290,0,-32.3675,1,ASSOCIATION
3291,0,-394.587,0,ASSOCIATION
3292,0,0,1,ASSOCIATION
3293,0,-0.0700174,1,ASSOCIATION
3294,0,-435.33,3,ASSOCIATION
3295,0,-439.068,3,ASSOCIATION
3296,0,-288.157,9,ASSOCIATION
3297,0,-210.345,4,ASSOCIATION
3298,0,-48.8793,2,ASSOCIATION
3299,0,-132.595,7,ASSOCIATION
3300,0,-0.0340346,1,ASSOCIATION
3301,0,-424.523,3,ASSOCIATION
3302,0,-235.902,4,ASSOCIATION
3303,0,-377.894,0,ASSOCIATION
3304,0,-373.837,0,ASSOCIATION
3305,0,0,1,ASSOCIATION
3306,0,-78.2469,2,ASSOCIATION
3307,0,-378.433,0,ASSOCIATION
3308,0,-208.45,4,ASSOCIATION
3309,0,-437.321,3,ASSOCIATION
3310,0,-421.468,3,ASSOCIATION
3311,0,-346.534,8,ASSOCIATION
3312,0,-155.454,7,ASSOCIATION
3313,0,-277.906,9,ASSOCIATION
3314,0,-368.879,8,ASSOCIATION
3315,0,-428.684,3,ASSOCIATION
3316,0,-395.873,0,ASSOCIATION
3317,0,-208.49,4,ASSOCIATION
3318,0,-421.684,3,ASSOCIATION
3319,0,0,1,ASSOCIATION
3320,0,-403.416,0,ASSOCIATION
3321,0,0,1,ASSOCIATION
3322,0,0,1,ASSOCIATION
3323,0,-383.812,0,ASSOCIATION
3324,0,-235.689,4,ASSOCIATION
3325,0,-351.602,8,ASSOCIATION
3326,0,-377.204,0,ASSOCIATION
3327,0,-179.186,7,ASSOCIATION
3328,0,-401.543,0,ASSOCIATION
3329,0,-217.008,4,ASSOCIATION
3330,0,-3.44929,1,ASSOCIATION
3331,0,-356.271,8,ASSOCIATION
3332,0,0,1,ASSOCIATION
3333,0,-384.304,0,ASSOCIATION
3334,0,-373.837,0,ASSOCIATION
3335,0,-472.094,5,ASSOCIATION
3336,0,-290.043,9,ASSOCIATION
3337,0,-271.217,9,ASSOCIATION
3338,0,0,1,ASSOCIATION
3339,0,-88.2718,2,ASSOCIATION
3340,0,-363.006,8,ASSOCIATION
3341,0,-369.833,8,ASSOCIATION
3342,0,-92.6233,2,ASSOCIATION
3343,0,-327.8,8,ASSOCIATION
3344,0,0,1,ASSOCIATION
3345,0,-373.837,0,ASSOCIATION
3346,0,-454.716,5,ASSOCIATION
3347,0,-379.71,0,ASSOCIATION
3348,0,-375.733,0,ASSOCIATION
3349,0,-342.364,8,ASSOCIATION
3350,0,-485.57,5,ASSOCIATION
3351,0,-396.375,0,ASSOCIATION
3352,0,-395.456,0,ASSOCIATION
3353,0,-449.136,3,ASSOCIATION
3354,0,-381.707,0,ASSOCIATION
3355,0,-402.876,0,ASSOCIATION
3356,0,-288.655,9,ASSOCIATION
3357,0,-377.204,0,ASSOCIATION
3358,0,-502.021,5,ASSOCIATION
3359,0,0,1,ASSOCIATION
3360,0,-411.826,3,ASSOCIATION
3361,0,-404.22,0,ASSOCIATION
3362,0,-424.637,3,ASSOCIATION
3363,0,-411.252,0,ASSOCIATION
3364,0,0,1,ASSOCIATION
3365,0,-380.038,0,ASSOCIATION
3366,0,-215.014,4,ASSOCIATION
3367,0,-258.317,4,ASSOCIATION
3368,0,-72.6176,2,ASSOCIATION
3369,0,0,1,ASSOCIATION
3370,0,0,1,ASSOCIATION
3371,0,-435.507,3,ASSOCIATION
3372,0,-195.1,7,ASSOCIATION
3373,0,-455.732,5,ASSOCIATION
3374,0,-441.112,3,ASSOCIATION
3375,0,-416.624,3,ASSOCIATION
3376,0,-432.537,3,ASSOCIATION
3377,0,-443.235,3,ASSOCIATION
3378,0,-195.612,7,ASSOCIATION
3379,0,-296.647,9,ASSOCIATION
3380,0,-177.553,7,ASSOCIATION
3381,0,-385.074,0,ASSOCIATION
3382,0,-407.013,0,ASSOCIATION
3383,0,-381.701,0,ASSOCIATION
3384,0,0,1,ASSOCIATION
3385,0,-7.25008,1,ASSOCIATION
3386,0,-290.225,9,ASSOCIATION
3387,0,-403.423,0,ASSOCIATION
3388,0,-254.954,4,ASSOCIATION
3389,0,-51.6941,2,ASSOCIATION
3390,0,-386.366,0,ASSOCIATION
3391,0,-380.48,0,ASSOCIATION
3392,0,-395.226,0,ASSOCIATION
3393,0,-443.024,3,ASSOCIATION
3394,0,-390.078,0,ASSOCIATION
3395,0,-406.639,0,ASSOCIATION
3396,0,-409.339,0,ASSOCIATION
3397,0,-360.878,8,ASSOCIATION
3398,0,-390.766,0,ASSOCIATION
3399,0,-401.513,0,ASSOCIATION
3400,0,-275.877,9,ASSOCIATION
3401,0,-425.42,3,ASSOCIATION
3402,0,0,1,ASSOCIATION
3403,0,-152.522,7,ASSOCIATION
3404,0,-441.154,3,ASSOCIATION
3405,0,-323.578,9,ASSOCIATION
3406,0,-397.586,0,ASSOCIATION
3407,0,-450.835,3,ASSOCIATION
3408,0,-55.4767,2,ASSOCIATION
3409,0,-363.132,8,ASSOCIATION
3410,0,-427.36,3,ASSOCIATION
3411,0,-477.484,5,ASSOCIATION
3412,0,-398.924,0,ASSOCIATION
3413,0,-403.236,0,ASSOCIATION
3414,0,-324.703,9,ASSOCIATION
3415,0,-314.875,9,ASSOCIATION
3416,0,0,1,ASSOCIATION
3417,0,0,1,ASSOCIATION
3418,0,-421.084,3,ASSOCIATION
3419,0,-401.227,0,ASSOCIATION
3420,0,-479.251,5,ASSOCIATION
3421,0,-410.008,0,ASSOCIATION
3422,0,0,1,ASSOCIATION
3423,0,-347.392,8,ASSOCIATION
3424,0,-330.75,8,ASSOCIATION
3425,0,-369.424,8,ASSOCIATION
3426,0,-97.2091,2,ASSOCIATION
3427,0,-356.341,8,ASSOCIATION
3428,0,-464.391,5,ASSOCIATION
3429,0,0,1,ASSOCIATION
3430,0,-384.304,0,ASSOCIATION
3431,0,-394.741,0,ASSOCIATION
3432,0,-384.304,0,ASSOCIATION
3433,0,-389.077,0,ASSOCIATION
3434,0,-468.853,5,ASSOCIATION
3435,0,-321.558,9,ASSOCIATION
3436,0,-224.315,4,ASSOCIATION
3437,0,-367.678,8,ASSOCIATION
3438,0,0,1,ASSOCIATION
3439,0,-462.78,5,ASSOCIATION
3440,0,-261.092,4,ASSOCIATION
3441,0,-276.108,9,ASSOCIATION
3442,0,-166.678,7,ASSOCIATION
3443,0,-6.70567,1,ASSOCIATION
3444,0,-373.837,0,ASSOCIATION
3445,0,-0.116646,1,ASSOCIATION
3446,0,-301.821,9,ASSOCIATION
3447,0,0,1,ASSOCIATION
3448,0,-131.413,7,ASSOCIATION
3449,0,-459.725,5,ASSOCIATION
3450,0,-215.947,4,ASSOCIATION
3451,0,-377.99,0,ASSOCIATION
3452,0,-0.116646,1,ASSOCIATION
3453,0,-329.752,8,ASSOCIATION
3454,0,-435.51,3,ASSOCIATION
3455,0,-149.267,7,ASSOCIATION
3456,0,-394.854,0,ASSOCIATION
3457,0,-421.176,3,ASSOCIATION
3458,0,0,1,ASSOCIATION
3459,0,-408.481,0,ASSOCIATION
3460,0,-471.845,5,ASSOCIATION
3461,0,-0.184049,1,ASSOCIATION
3462,0,-349.845,8,ASSOCIATION
3463,0,-242.164,4,ASSOCIATION
3464,0,-425.788,3,ASSOCIATION
3465,0,-400.327,0,ASSOCIATION
3466,0,-373.837,0,ASSOCIATION
3467,0,-236.395,4,ASSOCIATION
3468,0,-293.087,9,ASSOCIATION
3469,0,-460.42,5,ASSOCIATION
3470,0,0,1,ASSOCIATION
3471,0,-429.168,3,ASSOCIATION
3472,0,-414.07,3,ASSOCIATION
3473,0,-400.072,0,ASSOCIATION
3474,0,-407.526,0,ASSOCIATION
3475,0,0,1,ASSOCIATION
3476,0,-227.538,4,ASSOCIATION
3477,0,-452.098,3,ASSOCIATION
3478,0,-360.731,8,ASSOCIATION
3479,0,-364.49,8,ASSOCIATION
3480,0,-384.304,0,ASSOCIATION
3481,0,-4.45232,1,ASSOCIATION
3482,0,-0.116646,1,ASSOCIATION
3483,0,-375.963,0,ASSOCIATION
3484,0,0,1,ASSOCIATION
3485,0,-376.318,0,ASSOCIATION
3486,0,-257.854,4,ASSOCIATION
3487,0,-449.514,3,ASSOCIATION
3488,0,-486.041,5,ASSOCIATION
3489,0,-394.695,0,ASSOCIATION
3490,0,-400.052,0,ASSOCIATION
3491,0,-173.665,7,ASSOCIATION
3492,0,-468.714,5,ASSOCIATION
3493,0,-386.017,0,ASSOCIATION
3494,0,-245.827,4,ASSOCIATION
3495,0,-147.9,7,ASSOCIATION
3496,0,0,1,ASSOCIATION
3497,0,-378.138,0,ASSOCIATION
3498,0,0,1,ASSOCIATION
3499,0,-370.757,8,ASSOCIATION
3500,0,-319.363,9,ASSOCIATION
3501,0,-235.868,4,ASSOCIATION
3502,0,-469.302,5,ASSOCIATION
3503,0,-183.569,7,ASSOCIATION
3504,0,-297.929,9,ASSOCIATION
3505,0,-474.252,5,ASSOCIATION
3506,0,-414.058,3,ASSOCIATION
3507,0,-152.092,7,ASSOCIATION
3508,0,-338.281,8,ASSOCIATION
3509,0,-424.216,3,ASSOCIATION
3510,0,-395.601,0,ASSOCIATION
3511,0,-355.483,8,ASSOCIATION
3512,0,-70.4005,2,ASSOCIATION
3513,0,-328.571,8,ASSOCIATION
3514,0,-361.715,8,ASSOCIATION
3515,0,-451.483,3,ASSOCIATION
3516,0,-135.084,7,ASSOCIATION
3517,0,-118.777,2,ASSOCIATION
3518,0,-398.157,0,ASSOCIATION
3519,0,-430.497,3,ASSOCIATION
3520,0,-152.11,7,ASSOCIATION
3521,0,-392.252,0,ASSOCIATION
3522,0,-435.462,3,ASSOCIATION
3523,0,-62.0458,2,ASSOCIATION
3524,0,-422.965,3,ASSOCIATION
3525,0,-244.515,4,ASSOCIATION
3526,0,-273.401,9,ASSOCIATION
3527,0,-384.304,0,ASSOCIATION
3528,0,-167.56,7,ASSOCIATION
3529,0,-440.247,3,ASSOCIATION
3530,0,-16.621,1,ASSOCIATION
3531,0,-349.343,8,ASSOCIATION
3532,0,0,1,ASSOCIATION
3533,0,-0.116646,1,ASSOCIATION
3534,0,-394.845,0,ASSOCIATION
3535,0,0,1,ASSOCIATION
3536,0,-404.035,0,ASSOCIATION
3537,0,-169.828,7,ASSOCIATION
3538,0,-421.975,3,ASSOCIATION
3539,0,-83.3318,2,ASSOCIATION
3540,0,-207.066,4,ASSOCIATION
3541,0,-303.596,9,ASSOCIATION
3542,0,-410.432,0,ASSOCIATION
3543,0,-362.052,8,ASSOCIATION
3544,0,-216.771,4,ASSOCIATION
3545,0,-48.8793,2,ASSOCIATION
3546,0,-326.163,8,ASSOCIATION
3547,0,-0.0559442,1,ASSOCIATION
3548,0,-435.016,3,ASSOCIATION
3549,0,-0.917052,1,ASSOCIATION
3550,0,-405.418,0,ASSOCIATION
3551,0,-35.819,1,ASSOCIATION
3552,0,0,1,ASSOCIATION
3553,0,-388.514,0,ASSOCIATION
3554,0,0,1,ASSOCIATION
3555,0,-401.66,0,ASSOCIATION
3556,0,-402.42,0,ASSOCIATION
3557,0,-331.121,8,ASSOCIATION
3558,0,-173.404,7,ASSOCIATION
3559,0,-389.779,0,ASSOCIATION
3560,0,-465.557,5,ASSOCIATION
3561,0,0,1,ASSOCIATION
3562,0,-448.751,3,ASSOCIATION
3563,0,-319.804,9,ASSOCIATION
3564,0,-373.434,0,ASSOCIATION
3565,0,-396.617,0,ASSOCIATION
3566,0,-263.573,4,ASSOCIATION
3567,0,0,1,ASSOCIATION
3568,0,-316.86,9,ASSOCIATION
3569,0,-363.889,8,ASSOCIATION
3570,0,-333.42,8,ASSOCIATION
3571,0,-162.999,7,ASSOCIATION
3572,0,-401.543,0,ASSOCIATION
3573,0,-418.768,3,ASSOCIATION
3574,0,-217.2,4,ASSOCIATION
3575,0,0,1,ASSOCIATION
3576,0,-470.531,5,ASSOCIATION
3577,0,-393.497,0,ASSOCIATION
3578,0,-389.844,0,ASSOCIATION
3579,0,-426.945,3,ASSOCIATION
3580,0,-503.235,5,ASSOCIATION
3581,0,-381.859,0,ASSOCIATION
3582,0,-417.493,3,ASSOCIATION
3583,0,-384.304,0,ASSOCIATION
3584,0,-352.672,8,ASSOCIATION
3585,0,-417.024,3,ASSOCIATION
3586,0,-446.058,3,ASSOCIATION
3587,0,0,1,ASSOCIATION
3588,0,-383.37,0,ASSOCIATION
3589,0,-343.66,8,ASSOCIATION
3590,0,0,1,ASSOCIATION
3591,0,-342.53,8,ASSOCIATION
3592,0,-340.771,8,ASSOCIATION
3593,0,-331.34,8,ASSOCIATION
3594,0,-408.257,0,ASSOCIATION
3595,0,0,1,ASSOCIATION
3596,0,-403.712,0,ASSOCIATION
3597,0,0,1,ASSOCIATION
3598,0,-381.861,0,ASSOCIATION
3599,0,-422.026,3,ASSOCIATION
3600,0,-414.084,3,ASSOCIATION
3601,0,0,1,ASSOCIATION
3602,0,-241.406,4,ASSOCIATION
3603,0,-374.552,0,ASSOCIATION
3604,0,0,1,ASSOCIATION
3605,0,-397.039,0,ASSOCIATION
3606,0,-455.873,5,ASSOCIATION
3607,0,-0.116646,1,ASSOCIATION
3608,0,-370.786,8,ASSOCIATION
3609,0,-16.5044,1,ASSOCIATION
3610,0,-456.303,5,ASSOCIATION
3611,0,-0.917052,1,ASSOCIATION
3612,0,-1.26738,1,ASSOCIATION
3613,0,-291.006,9,ASSOCIATION
3614,0,-48.8779,2,ASSOCIATION
3615,0,-341.788,8,ASSOCIATION
3616,0,-238.033,4,ASSOCIATION
3617,0,-24.5109,1,ASSOCIATION
3618,0,-322.23,9,ASSOCIATION
3619,0,0,1,ASSOCIATION
3620,0,-421.09,3,ASSOCIATION
3621,0,-254.913,4,ASSOCIATION
3622,0,-437.112,3,ASSOCIATION
3623,0,-414.084,3,ASSOCIATION
3624,0,-72.828,2,ASSOCIATION
3625,0,-432.932,3,ASSOCIATION
3626,0,-284.938,9,ASSOCIATION
3627,0,-237.793,4,ASSOCIATION
3628,0,-442.202,3,ASSOCIATION
3629,0,-403.59,0,ASSOCIATION
3630,0,-195.26,7,ASSOCIATION
3631,0,-384.304,0,ASSOCIATION
3632,0,-187.736,7,ASSOCIATION
3633,0,-400.261,0,ASSOCIATION
3634,0,-338.693,8,ASSOCIATION
3635,0,-87.0602,2,ASSOCIATION
3636,0,-394.695,0,ASSOCIATION
3637,0,-348.164,8,ASSOCIATION
3638,0,-432.645,3,ASSOCIATION
3639,0,-320.492,9,ASSOCIATION
3640,0,-440.185,3,ASSOCIATION
3641,0,-224.984,4,ASSOCIATION
3642,0,-42.7103,2,ASSOCIATION
3643,0,-409.91,0,ASSOCIATION
3644,0,-453.293,3,ASSOCIATION
3645,0,-377.994,0,ASSOCIATION
3646,0,-412.664,3,ASSOCIATION
3647,0,0,1,ASSOCIATION
3648,0,-191.593,7,ASSOCIATION
3649,0,-375.729,0,ASSOCIATION
3650,0,-418.743,3,ASSOCIATION
3651,0,-479.332,5,ASSOCIATION
3652,0,-302.244,9,ASSOCIATION
3653,0,-441.333,3,ASSOCIATION
3654,0,-422.937,3,ASSOCIATION
3655,0,-380.534,0,ASSOCIATION
3656,0,-428.201,3,ASSOCIATION
3657,0,-423.005,3,ASSOCIATION
3658,0,-388.234,0,ASSOCIATION
3659,0,-403.674,0,ASSOCIATION
3660,0,-413.228,3,ASSOCIATION
3661,0,-401.543,0,ASSOCIATION
3662,0,-288.708,9,ASSOCIATION
3663,0,-354.322,8,ASSOCIATION
3664,0,-432.78,3,ASSOCIATION
3665,0,-391.117,0,ASSOCIATION
3666,0,-437.44,3,ASSOCIATION
3667,0,-122.092,7,ASSOCIATION
3668,0,-385.835,0,ASSOCIATION
3669,0,-237.507,4,ASSOCIATION
3670,0,-478.797,5,ASSOCIATION
3671,0,-299.181,9,ASSOCIATION
3672,0,0,1,ASSOCIATION
3673,0,-381.81,0,ASSOCIATION
3674,0,-464.079,5,ASSOCIATION
3675,0,-369.539,8,ASSOCIATION
3676,0,-318.01,9,ASSOCIATION
3677,0,-396.617,0,ASSOCIATION
3678,0,-166.612,7,ASSOCIATION
3679,0,-278.111,9,ASSOCIATION
3680,0,-375.002,0,ASSOCIATION
3681,0,-331.007,8,ASSOCIATION
3682,0,-486.161,5,ASSOCIATION
3683,0,-408.257,0,ASSOCIATION
3684,0,-211.74,4,ASSOCIATION
3685,0,-384.304,0,ASSOCIATION
3686,0,-460.384,5,ASSOCIATION
3687,0,-128.718,7,ASSOCIATION
3688,0,-255.269,4,ASSOCIATION
3689,0,0,1,ASSOCIATION
3690,0,-448.414,3,ASSOCIATION
3691,0,-416.753,3,ASSOCIATION
3692,0,-412.898,3,ASSOCIATION
3693,0,-413.405,3,ASSOCIATION
3694,0,-287.721,9,ASSOCIATION
3695,0,0,1,ASSOCIATION
3696,0,-400.021,0,ASSOCIATION
3697,0,-471.747,5,ASSOCIATION
3698,0,-388.371,0,ASSOCIATION
3699,0,-235.835,4,ASSOCIATION
3700,0,-449.425,3,ASSOCIATION
3701,0,-358.927,8,ASSOCIATION
3702,0,-102.803,2,ASSOCIATION
3703,0,-338.395,8,ASSOCIATION
3704,0,-72.5059,2,ASSOCIATION
3705,0,-384.304,0,ASSOCIATION
3706,0,-324.373,9,ASSOCIATION
3707,0,-368.472,8,ASSOCIATION
3708,0,-393.68,0,ASSOCIATION
3709,0,-205.243,4,ASSOCIATION
3710,0,0,1,ASSOCIATION
3711,0,0,1,ASSOCIATION
3712,0,-395.697,0,ASSOCIATION
3713,0,-401.543,0,ASSOCIATION
3714,0,-349.642,8,ASSOCIATION
3715,0,-466.288,5,ASSOCIATION
3716,0,-133.834,7,ASSOCIATION
3717,0,-300.641,9,ASSOCIATION
3718,0,-354.163,8,ASSOCIATION
3719,0,-373.837,0,ASSOCIATION
3720,0,-398.831,0,ASSOCIATION
3721,0,-384.28,0,ASSOCIATION
3722,0,-178.649,7,ASSOCIATION
3723,0,-401.543,0,ASSOCIATION
3724,0,0,1,ASSOCIATION
3725,0,-394.741,0,ASSOCIATION
3726,0,-381.782,0,ASSOCIATION
3727,0,-399.255,0,ASSOCIATION
3728,0,-281.932,9,ASSOCIATION
3729,0,-425.543,3,ASSOCIATION
3730,0,-242.008,4,ASSOCIATION
3731,0,-345.378,8,ASSOCIATION
3732,0,-338.263,8,ASSOCIATION
3733,0,-450.771,3,ASSOCIATION
3734,0,0,1,ASSOCIATION
3735,0,-378.337,0,ASSOCIATION
3736,0,0,1,ASSOCIATION
3737,0,-375.137,0,ASSOCIATION
3738,0,0,1,ASSOCIATION
3739,0,-288.622,9,ASSOCIATION
3740,0,-467.513,5,ASSOCIATION
3741,0,-280.752,9,ASSOCIATION
3742,0,-65.253,2,ASSOCIATION
3743,0,-412.69,3,ASSOCIATION
3744,0,-437.449,3,ASSOCIATION
3745,0,-389.443,0,ASSOCIATION
3746,0,-314.922,9,ASSOCIATION
3747,0,-326.131,8,ASSOCIATION
3748,0,-348.873,8,ASSOCIATION
3749,0,-0.116646,1,ASSOCIATION
3750,0,-312.819,9,ASSOCIATION
3751,0,0,1,ASSOCIATION
3752,0,-429.879,3,ASSOCIATION
3753,0,-401.623,0,ASSOCIATION
3754,0,-422.48,3,ASSOCIATION
3755,0,-363.893,8,ASSOCIATION
3756,0,-420.653,3,ASSOCIATION
3757,0,0,1,ASSOCIATION
3758,0,-370.787,8,ASSOCIATION
3759,0,-248.376,4,ASSOCIATION
3760,0,-409.453,0,ASSOCIATION
3761,0,-401.543,0,ASSOCIATION
3762,0,-334.085,8,ASSOCIATION
3763,0,-434.788,3,ASSOCIATION
3764,0,-449.181,3,ASSOCIATION
3765,0,-352.338,8,ASSOCIATION
3766,0,-26.8056,1,ASSOCIATION
3767,0,-317.164,9,ASSOCIATION
3768,0,-397.815,0,ASSOCIATION
3769,0,-32.2216,1,ASSOCIATION
3770,0,-525.241,6,ASSOCIATION
3771,0,-363.217,8,ASSOCIATION
3772,0,0,1,ASSOCIATION
3773,0,-432.841,3,ASSOCIATION
3774,0,-239.872,4,ASSOCIATION
3775,0,-361.669,8,ASSOCIATION
3776,0,-70.2812,2,ASSOCIATION
3777,0,-441.466,3,ASSOCIATION
3778,0,-493.562,5,ASSOCIATION
3779,0,-392.296,0,ASSOCIATION
3780,0,-114.167,2,ASSOCIATION
3781,0,-389.195,0,ASSOCIATION
3782,0,-361.732,8,ASSOCIATION
3783,0,-287.705,9,ASSOCIATION
3784,0,-451.508,3,ASSOCIATION
3785,0,-452.473,3,ASSOCIATION
3786,0,-389.941,0,ASSOCIATION
3787,0,-356.736,8,ASSOCIATION
3788,0,0,1,ASSOCIATION
3789,0,-239.809,4,ASSOCIATION
3790,0,-391.887,0,ASSOCIATION
3791,0,-335.499,8,ASSOCIATION
3792,0,-384.304,0,ASSOCIATION
3793,0,-438.299,3,ASSOCIATION
3794,0,-427.197,3,ASSOCIATION
3795,0,-143.479,7,ASSOCIATION
3796,0,-385.413,0,ASSOCIATION
3797,0,-240.013,4,ASSOCIATION
3798,0,-282.112,9,ASSOCIATION
3799,0,-205.277,4,ASSOCIATION
3800,0,0,1,ASSOCIATION
3801,0,-299.018,9,ASSOCIATION
3802,0,-422.12,3,ASSOCIATION
3803,0,-444.712,3,ASSOCIATION
3804,0,-363.362,8,ASSOCIATION
3805,0,-373.606,0,ASSOCIATION
3806,0,-127.074,7,ASSOCIATION
3807,0,-345.22,8,ASSOCIATION
3808,0,0,1,ASSOCIATION
3809,0,-56.1201,2,ASSOCIATION
3810,0,-345.842,8,ASSOCIATION
3811,0,-196.355,7,ASSOCIATION
3812,0,-48.8551,2,ASSOCIATION
3813,0,-40.8212,2,ASSOCIATION
3814,0,-355.152,8,ASSOCIATION
3815,0,-339.756,8,ASSOCIATION
3816,0,-300.005,9,ASSOCIATION
3817,0,-242.673,4,ASSOCIATION
3818,0,-393.872,0,ASSOCIATION
3819,0,-158.479,7,ASSOCIATION
3820,0,-421.947,3,ASSOCIATION
3821,0,0,1,ASSOCIATION
3822,0,-245.347,4,ASSOCIATION
3823,0,-345.879,8,ASSOCIATION
3824,0,-55.8201,2,ASSOCIATION
3825,0,-318.274,9,ASSOCIATION
3826,0,-461.237,5,ASSOCIATION
3827,0,-456.312,5,ASSOCIATION
3828,0,-384.304,0,ASSOCIATION
3829,0,-160.746,7,ASSOCIATION
3830,0,-430.406,3,ASSOCIATION
3831,0,-299.615,9,ASSOCIATION
3832,0,0,1,ASSOCIATION
3833,0,-401.543,0,ASSOCIATION
3834,0,-439.199,3,ASSOCIATION
3835,0,-373.837,0,ASSOCIATION
3836,0,-152.578,7,ASSOCIATION
3837,0,-390.566,0,ASSOCIATION
3838,0,-0.217784,1,ASSOCIATION
3839,0,-441.59,3,ASSOCIATION
3840,0,-141.146,7,ASSOCIATION
3841,0,-450.601,3,ASSOCIATION
3842,0,-373.718,0,ASSOCIATION
3843,0,-341.882,8,ASSOCIATION
3844,0,-438.22,3,ASSOCIATION
3845,0,-370.256,8,ASSOCIATION
3846,0,-403.873,0,ASSOCIATION
3847,0,-454.068,5,ASSOCIATION
3848,0,0,1,ASSOCIATION
3849,0,-408.039,0,ASSOCIATION
3850,0,-198.671,4,ASSOCIATION
3851,0,-397.854,0,ASSOCIATION
3852,0,-81.6657,2,ASSOCIATION
3853,0,-371.762,0,ASSOCIATION
3854,0,-287.705,9,ASSOCIATION
3855,0,-247.583,4,ASSOCIATION
3856,0,-377.713,0,ASSOCIATION
3857,0,-187.884,7,ASSOCIATION
3858,0,-344.009,8,ASSOCIATION
3859,0,-1.0496,1,ASSOCIATION
3860,0,0,1,ASSOCIATION
3861,0,-374.177,0,ASSOCIATION
3862,0,-414.065,3,ASSOCIATION
3863,0,-345.771,8,ASSOCIATION
3864,0,-6.58902,1,ASSOCIATION
3865,0,0,1,ASSOCIATION
3866,0,-469.251,5,ASSOCIATION
3867,0,-341.811,8,ASSOCIATION
3868,0,0,1,ASSOCIATION
3869,0,-399.092,0,ASSOCIATION
3870,0,-7.50607,1,ASSOCIATION
3871,0,-395.337,0,ASSOCIATION
3872,0,-419.061,3,ASSOCIATION
3873,0,-238.817,4,ASSOCIATION
3874,0,-437.099,3,ASSOCIATION
3875,0,0,1,ASSOCIATION
3876,0,-391.587,0,ASSOCIATION
3877,0,0,1,ASSOCIATION
3878,0,-379.613,0,ASSOCIATION
3879,0,-389.005,0,ASSOCIATION
3880,0,0,1,ASSOCIATION
3881,0,-380.573,0,ASSOCIATION
3882,0,-446.836,3,ASSOCIATION
3883,0,-390.866,0,ASSOCIATION
3884,0,-401.543,0,ASSOCIATION
3885,0,-352.228,8,ASSOCIATION
3886,0,-326.624,8,ASSOCIATION
3887,0,-389.972,0,ASSOCIATION
3888,0,-381.533,0,ASSOCIATION
3889,0,-87.0342,2,ASSOCIATION
3890,0,-315.59,9,ASSOCIATION
3891,0,-203.288,4,ASSOCIATION
3892,0,-384.304,0,ASSOCIATION
3893,0,-233.44,4,ASSOCIATION
3894,0,-412.755,3,ASSOCIATION
3895,0,-373.837,0,ASSOCIATION
3896,0,-214.005,4,ASSOCIATION
3897,0,0,1,ASSOCIATION
3898,0,-400.298,0,ASSOCIATION
3899,0,-262.46,4,ASSOCIATION
3900,0,-393.68,0,ASSOCIATION
3901,0,-362.496,8,ASSOCIATION
3902,0,-68.2622,2,ASSOCIATION
3903,0,-432.555,3,ASSOCIATION
3904,0,-330.633,8,ASSOCIATION
3905,0,-418.347,3,ASSOCIATION
3906,0,-417.255,3,ASSOCIATION
3907,0,0,1,ASSOCIATION
3908,0,-271.03,9,ASSOCIATION
3909,0,-385.687,0,ASSOCIATION
3910,0,-408.534,0,ASSOCIATION
3911,0,-412.002,3,ASSOCIATION
3912,0,-11.8469,1,ASSOCIATION
3913,0,-64.5966,2,ASSOCIATION
3914,0,-411.267,0,ASSOCIATION
3915,0,-349.196,8,ASSOCIATION
3916,0,-420.064,3,ASSOCIATION
3917,0,-309.484,9,ASSOCIATION
3918,0,-384.304,0,ASSOCIATION
3919,0,-49.8185,2,ASSOCIATION
3920,0,-384.304,0,ASSOCIATION
3921,0,-355.67,8,ASSOCIATION
3922,0,-381.198,0,ASSOCIATION
3923,0,-346.626,8,ASSOCIATION
3924,0,-407.115,0,ASSOCIATION
3925,0,-365.137,8,ASSOCIATION
3926,0,-336.569,8,ASSOCIATION
3927,0,-56.6042,2,ASSOCIATION
3928,0,-400.888,0,ASSOCIATION
3929,0,-413.291,3,ASSOCIATION
3930,0,-401.543,0,ASSOCIATION
3931,0,-394.845,0,ASSOCIATION
3932,0,-374.615,0,ASSOCIATION
3933,0,0,1,ASSOCIATION
3934,0,-203.944,4,ASSOCIATION
3935,0,-385.06,0,ASSOCIATION
3936,0,-399.302,0,ASSOCIATION
3937,0,-364.77,8,ASSOCIATION
3938,0,-114.941,2,ASSOCIATION
3939,0,-405.935,0,ASSOCIATION
3940,0,-401.049,0,ASSOCIATION
3941,0,-360.459,8,ASSOCIATION
3942,0,0,1,ASSOCIATION
3943,0,-373.837,0,ASSOCIATION
3944,0,-293.824,9,ASSOCIATION
3945,0,-354.427,8,ASSOCIATION
3946,0,-32.973,1,ASSOCIATION
3947,0,-388.705,0,ASSOCIATION
3948,0,-459.227,5,ASSOCIATION
3949,0,-271.898,9,ASSOCIATION
3950,0,0,1,ASSOCIATION
3951,0,-438.506,3,ASSOCIATION
3952,0,-161.396,7,ASSOCIATION
3953,0,-420.162,3,ASSOCIATION
3954,0,-473.594,5,ASSOCIATION
3955,0,-392.506,0,ASSOCIATION
3956,0,-443.058,3,ASSOCIATION
3957,0,-437.44,3,ASSOCIATION
3958,0,0,1,ASSOCIATION
3959,0,-350.948,8,ASSOCIATION
3960,0,-147.509,7,ASSOCIATION
3961,0,-412.739,3,ASSOCIATION
3962,0,-296.997,9,ASSOCIATION
3963,0,-373.837,0,ASSOCIATION
3964,0,-379.41,0,ASSOCIATION
3965,0,-376.892,0,ASSOCIATION
3966,0,-417.179,3,ASSOCIATION
3967,0,-432.264,3,ASSOCIATION
3968,0,-251.554,4,ASSOCIATION
3969,0,-221.197,4,ASSOCIATION
3970,0,-324.651,9,ASSOCIATION
3971,0,-384.531,0,ASSOCIATION
3972,0,-414.371,3,ASSOCIATION
3973,0,0,1,ASSOCIATION
3974,0,-300.941,9,ASSOCIATION
3975,0,-411.628,3,ASSOCIATION
3976,0,-412.147,3,ASSOCIATION
3977,0,-173.612,7,ASSOCIATION
3978,0,-413.874,3,ASSOCIATION
3979,0,-343.427,8,ASSOCIATION
3980,0,-487.559,5,ASSOCIATION
3981,0,-393.608,0,ASSOCIATION
3982,0,0,1,ASSOCIATION
3983,0,-274.749,9,ASSOCIATION
3984,0,0,1,ASSOCIATION
3985,0,-335.469,8,ASSOCIATION
3986,0,-316.408,9,ASSOCIATION
3987,0,-2.22443,1,ASSOCIATION
3988,0,0,1,ASSOCIATION
3989,0,-197.607,7,ASSOCIATION
3990,0,-395.779,0,ASSOCIATION
3991,0,-442.799,3,ASSOCIATION
3992,0,-359.354,8,ASSOCIATION
3993,0,-397.719,0,ASSOCIATION
3994,0,-320.062,9,ASSOCIATION
3995,0,-61.2938,2,ASSOCIATION
3996,0,-349.549,8,ASSOCIATION
3997,0,-4.45232,1,ASSOCIATION
3998,0,-367.799,8,ASSOCIATION
3999,0,0,1,ASSOCIATION
4000,0,0,1,ASSOCIATION
4001,0,0,1,ASSOCIATION
4002,0,0,1,ASSOCIATION
4003,0,0,1,ASSOCIATION
4004,0,0,1,ASSOCIATION
4005,0,0,1,ASSOCIATION
4006,0,0,1,ASSOCIATION
4007,0,0,1,ASSOCIATION
4008,0,0,1,ASSOCIATION
4009,0,0,1,ASSOCIATION
4010,0,0,1,ASSOCIATION
4011,0,0,1,ASSOCIATION
4012,0,0,1,ASSOCIATION
4013,0,0,1,ASSOCIATION
4014,0,0,1,ASSOCIATION
4015,0,0,1,ASSOCIATION
4016,0,0,1,ASSOCIATION
4017,0,0,1,ASSOCIATION
4018,0,0,1,ASSOCIATION
4019,0,0,1,ASSOCIATION
4020,0,0,1,ASSOCIATION
4021,0,0,1,ASSOCIATION
4022,0,0,1,ASSOCIATION
4023,0,0,1,ASSOCIATION
4024,0,0,1,ASSOCIATION
4025,0,0,1,ASSOCIATION
4026,0,0,1,ASSOCIATION
4027,0,0,1,ASSOCIATION
4028,0,0,1,ASSOCIATION
4029,0,0,1,ASSOCIATION
4030,0,0,1,ASSOCIATION
4031,0,0,1,ASSOCIATION
4032,0,0,1,ASSOCIATION
4033,0,0,1,ASSOCIATION
4034,0,0,1,ASSOCIATION
4035,0,0,1,ASSOCIATION
4036,0,0,1,ASSOCIATION
4037,0,0,1,ASSOCIATION
4038,0,0,1,ASSOCIATION
4039,0,0,1,ASSOCIATION
4040,0,0,1,ASSOCIATION
4041,0,0,1,ASSOCIATION
4042,0,0,1,ASSOCIATION
4043,0,0,1,ASSOCIATION
4044,0,0,1,ASSOCIATION
4045,0,0,1,ASSOCIATION
4046,0,0,1,ASSOCIATION
4047,0,0,1,ASSOCIATION
4048,0,0,1,ASSOCIATION
4049,0,0,1,ASSOCIATION
4050,0,0,1,ASSOCIATION
4051,0,0,1,ASSOCIATION
4052,0,0,1,ASSOCIATION
4053,0,0,1,ASSOCIATION
4054,0,0,1,ASSOCIATION
4055,0,0,1,ASSOCIATION
4056,0,0,1,ASSOCIATION
4057,0,0,1,ASSOCIATION
4058,0,0,1,ASSOCIATION
4059,0,0,1,ASSOCIATION
4060,0,0,1,ASSOCIATION
4061,0,0,1,ASSOCIATION
4062,0,0,1,ASSOCIATION
4063,0,0,1,ASSOCIATION
4064,0,0,1,ASSOCIATION
4065,0,0,1,ASSOCIATION
4066,0,0,1,ASSOCIATION
4067,0,0,1,ASSOCIATION
4068,0,0,1,ASSOCIATION
4069,0,0,1,ASSOCIATION
4070,0,0,1,ASSOCIATION
4071,0,0,1,ASSOCIATION
4072,0,0,1,ASSOCIATION
4073,0,0,1,ASSOCIATION
4074,0,0,1,ASSOCIATION
4075,0,0,1,ASSOCIATION
4076,0,0,1,ASSOCIATION
4077,0,0,1,ASSOCIATION
4078,0,0,1,ASSOCIATION
4079,0,0,1,ASSOCIATION
4080,0,0,1,ASSOCIATION
4081,0,0,1,ASSOCIATION
4082,0,0,1,ASSOCIATION
4083,0,0,1,ASSOCIATION
4084,0,0,1,ASSOCIATION
4085,0,0,1,ASSOCIATION
4086,0,0,1,ASSOCIATION
4087,0,0,1,ASSOCIATION
4088,0,0,1,ASSOCIATION
4089,0,0,1,ASSOCIATION
4090,0,0,1,ASSOCIATION
4091,0,0,1,ASSOCIATION
4092,0,0,1,ASSOCIATION
4093,0,0,1,ASSOCIATION
4094,0,0,1,ASSOCIATION
4095,0,0,1,ASSOCIATION
4096,0,0,1,ASSOCIATION
4097,0,0,1,ASSOCIATION
4098,0,0,1,ASSOCIATION
4099,0,0,1,ASSOCIATION
4100,0,0,1,ASSOCIATION
4101,0,0,1,ASSOCIATION
4102,0,0,1,ASSOCIATION
4103,0,0,1,ASSOCIATION
4104,0,0,1,ASSOCIATION
4105,0,0,1,ASSOCIATION
4106,0,0,1,ASSOCIATION
4107,0,0,1,ASSOCIATION
4108,0,0,1,ASSOCIATION
4109,0,0,1,ASSOCIATION
4110,0,0,1,ASSOCIATION
4111,0,0,1,ASSOCIATION
4112,0,0,1,ASSOCIATION
4113,0,0,1,ASSOCIATION
4114,0,0,1,ASSOCIATION
4115,0,0,1,ASSOCIATION
4116,0,0,1,ASSOCIATION
4117,0,0,1,ASSOCIATION
4118,0,0,1,ASSOCIATION
4119,0,0,1,ASSOCIATION
4120,0,0,1,ASSOCIATION
4121,0,0,1,ASSOCIATION
4122,0,0,1,ASSOCIATION
4123,0,0,1,ASSOCIATION
4124,0,0,1,ASSOCIATION
4125,0,0,1,ASSOCIATION
4126,0,0,1,ASSOCIATION
4127,0,0,1,ASSOCIATION
4128,0,0,1,ASSOCIATION
4129,0,0,1,ASSOCIATION
4130,0,0,1,ASSOCIATION
4131,0,0,1,ASSOCIATION
4132,0,0,1,ASSOCIATION
4133,0,0,1,ASSOCIATION
4134,0,0,1,ASSOCIATION
4135,0,0,1,ASSOCIATION
4136,0,0,1,ASSOCIATION
4137,0,0,1,ASSOCIATION
4138,0,0,1,ASSOCIATION
4139,0,0,1,ASSOCIATION
4140,0,0,1,ASSOCIATION
4141,0,0,1,ASSOCIATION
4142,0,0,1,ASSOCIATION
4143,0,0,1,ASSOCIATION
4144,0,0,1,ASSOCIATION
4145,0,0,1,ASSOCIATION
4146,0,0,1,ASSOCIATION
4147,0,0,1,ASSOCIATION
4148,0,0,1,ASSOCIATION
4149,0,0,1,ASSOCIATION
4150,0,0,1,ASSOCIATION
4151,0,0,1,ASSOCIATION
4152,0,0,1,ASSOCIATION
4153,0,0,1,ASSOCIATION
4154,0,0,1,ASSOCIATION
4155,0,0,1,ASSOCIATION
4156,0,0,1,ASSOCIATION
4157,0,0,1,ASSOCIATION
4158,0,0,1,ASSOCIATION
4159,0,0,1,ASSOCIATION
4160,0,0,1,ASSOCIATION
4161,0,0,1,ASSOCIATION
4162,0,0,1,ASSOCIATION
4163,0,0,1,ASSOCIATION
4164,0,0,1,ASSOCIATION
4165,0,0,1,ASSOCIATION
4166,0,0,1,ASSOCIATION
4167,0,0,1,ASSOCIATION
4168,0,0,1,ASSOCIATION
4169,0,0,1,ASSOCIATION
4170,0,0,1,ASSOCIATION
4171,0,0,1,ASSOCIATION
4172,0,0,1,ASSOCIATION
4173,0,0,1,ASSOCIATION
4174,0,0,1,ASSOCIATION
4175,0,0,1,ASSOCIATION
4176,0,0,1,ASSOCIATION
4177,0,0,1,ASSOCIATION
4178,0,0,1,ASSOCIATION
4179,0,0,1,ASSOCIATION
4180,0,0,1,ASSOCIATION
4181,0,0,1,ASSOCIATION
4182,0,0,1,ASSOCIATION
4183,0,0,1,ASSOCIATION
4184,0,0,1,ASSOCIATION
4185,0,0,1,ASSOCIATION
4186,0,0,1,ASSOCIATION
4187,0,0,1,ASSOCIATION
4188,0,0,1,ASSOCIATION
4189,0,0,1,ASSOCIATION
4190,0,0,1,ASSOCIATION
4191,0,0,1,ASSOCIATION
4192,0,0,1,ASSOCIATION
4193,0,0,1,ASSOCIATION
4194,0,0,1,ASSOCIATION
4195,0,0,1,ASSOCIATION
4196,0,0,1,ASSOCIATION
4197,0,0,1,ASSOCIATION
4198,0,0,1,ASSOCIATION
4199,0,0,1,ASSOCIATION
4200,0,0,1,ASSOCIATION
4201,0,0,1,ASSOCIATION
4202,0,0,1,ASSOCIATION
4203,0,0,1,ASSOCIATION
4204,0,0,1,ASSOCIATION
4205,0,0,1,ASSOCIATION
4206,0,0,1,ASSOCIATION
4207,0,0,1,ASSOCIATION
4208,0,0,1,ASSOCIATION
4209,0,0,1,ASSOCIATION
4210,0,0,1,ASSOCIATION
4211,0,0,1,ASSOCIATION
4212,0,0,1,ASSOCIATION
4213,0,0,1,ASSOCIATION
4214,0,0,1,ASSOCIATION
4215,0,0,1,ASSOCIATION
4216,0,0,1,ASSOCIATION
4217,0,0,1,ASSOCIATION
4218,0,0,1,ASSOCIATION
4219,0,0,1,ASSOCIATION
4220,0,0,1,ASSOCIATION
4221,0,0,1,ASSOCIATION
4222,0,0,1,ASSOCIATION
4223,0,0,1,ASSOCIATION
4224,0,0,1,ASSOCIATION
4225,0,0,1,ASSOCIATION
4226,0,0,1,ASSOCIATION
4227,0,0,1,ASSOCIATION
4228,0,0,1,ASSOCIATION
4229,0,0,1,ASSOCIATION
4230,0,0,1,ASSOCIATION
4231,0,0,1,ASSOCIATION
4232,0,0,1,ASSOCIATION
4233,0,0,1,ASSOCIATION
4234,0,0,1,ASSOCIATION
4235,0,0,1,ASSOCIATION
4236,0,0,1,ASSOCIATION
4237,0,0,1,ASSOCIATION
4238,0,0,1,ASSOCIATION
4239,0,0,1,ASSOCIATION
4240,0,0,1,ASSOCIATION
4241,0,0,1,ASSOCIATION
4242,0,0,1,ASSOCIATION
4243,0,0,1,ASSOCIATION
4244,0,0,1,ASSOCIATION
4245,0,0,1,ASSOCIATION
4246,0,0,1,ASSOCIATION
4247,0,0,1,ASSOCIATION
4248,0,0,1,ASSOCIATION
4249,0,0,1,ASSOCIATION
4250,0,0,1,ASSOCIATION
4251,0,0,1,ASSOCIATION
4252,0,0,1,ASSOCIATION
4253,0,0,1,ASSOCIATION
4254,0,0,1,ASSOCIATION
4255,0,0,1,ASSOCIATION
4256,0,0,1,ASSOCIATION
4257,0,0,1,ASSOCIATION
4258,0,0,1,ASSOCIATION
4259,0,0,1,ASSOCIATION
4260,0,0,1,ASSOCIATION
4261,0,0,1,ASSOCIATION
4262,0,0,1,ASSOCIATION
4263,0,0,1,ASSOCIATION
4264,0,0,1,ASSOCIATION
4265,0,0,1,ASSOCIATION
4266,0,0,1,ASSOCIATION
4267,0,0,1,ASSOCIATION
4268,0,0,1,ASSOCIATION
4269,0,0,1,ASSOCIATION
4270,0,0,1,ASSOCIATION
4271,0,0,1,ASSOCIATION
4272,0,0,1,ASSOCIATION
4273,0,0,1,ASSOCIATION
4274,0,0,1,ASSOCIATION
4275,0,0,1,ASSOCIATION
4276,0,0,1,ASSOCIATION
4277,0,0,1,ASSOCIATION
4278,0,0,1,ASSOCIATION
4279,0,0,1,ASSOCIATION
4280,0,0,1,ASSOCIATION
4281,0,0,1,ASSOCIATION
4282,0,0,1,ASSOCIATION
4283,0,0,1,ASSOCIATION
4284,0,0,1,ASSOCIATION
4285,0,0,1,ASSOCIATION
4286,0,0,1,ASSOCIATION
4287,0,0,1,ASSOCIATION
4288,0,0,1,ASSOCIATION
4289,0,0,1,ASSOCIATION
4290,0,0,1,ASSOCIATION
4291,0,0,1,ASSOCIATION
4292,0,0,1,ASSOCIATION
4293,0,0,1,ASSOCIATION
4294,0,0,1,ASSOCIATION
4295,0,0,1,ASSOCIATION
4296,0,0,1,ASSOCIATION
4297,0,0,1,ASSOCIATION
4298,0,0,1,ASSOCIATION
4299,0,0,1,ASSOCIATION
4300,0,0,1,ASSOCIATION
4301,0,0,1,ASSOCIATION
4302,0,0,1,ASSOCIATION
4303,0,0,1,ASSOCIATION
4304,0,0,1,ASSOCIATION
4305,0,0,1,ASSOCIATION
4306,0,0,1,ASSOCIATION
4307,0,0,1,ASSOCIATION
4308,0,0,1,ASSOCIATION
4309,0,0,1,ASSOCIATION
4310,0,0,1,ASSOCIATION
4311,0,0,1,ASSOCIATION
4312,0,0,1,ASSOCIATION
4313,0,0,1,ASSOCIATION
4314,0,0,1,ASSOCIATION
4315,0,0,1,ASSOCIATION
4316,0,0,1,ASSOCIATION
4317,0,0,1,ASSOCIATION
4318,0,0,1,ASSOCIATION
4319,0,0,1,ASSOCIATION
4320,0,0,1,ASSOCIATION
4321,0,0,1,ASSOCIATION
4322,0,0,1,ASSOCIATION
4323,0,0,1,ASSOCIATION
4324,0,0,1,ASSOCIATION
4325,0,0,1,ASSOCIATION
4326,0,0,1,ASSOCIATION
4327,0,0,1,ASSOCIATION
4328,0,0,1,ASSOCIATION
4329,0,0,1,ASSOCIATION
4330,0,0,1,ASSOCIATION
4331,0,0,1,ASSOCIATION
4332,0,0,1,ASSOCIATION
4333,0,0,1,ASSOCIATION
4334,0,0,1,ASSOCIATION
4335,0,0,1,ASSOCIATION
4336,0,0,1,ASSOCIATION
4337,0,0,1,ASSOCIATION
4338,0,0,1,ASSOCIATION
4339,0,0,1,ASSOCIATION
4340,0,0,1,ASSOCIATION
4341,0,0,1,ASSOCIATION
4342,0,0,1,ASSOCIATION
4343,0,0,1,ASSOCIATION
4344,0,0,1,ASSOCIATION
4345,0,0,1,ASSOCIATION
4346,0,0,1,ASSOCIATION
4347,0,0,1,ASSOCIATION
4348,0,0,1,ASSOCIATION
4349,0,0,1,ASSOCIATION
4350,0,0,1,ASSOCIATION
4351,0,0,1,ASSOCIATION
4352,0,0,1,ASSOCIATION
4353,0,0,1,ASSOCIATION
4354,0,0,1,ASSOCIATION
4355,0,0,1,ASSOCIATION
4356,0,0,1,ASSOCIATION
4357,0,0,1,ASSOCIATION
4358,0,0,1,ASSOCIATION
4359,0,0,1,ASSOCIATION
4360,0,0,1,ASSOCIATION
4361,0,0,1,ASSOCIATION
4362,0,0,1,ASSOCIATION
4363,0,0,1,ASSOCIATION
4364,0,0,1,ASSOCIATION
4365,0,0,1,ASSOCIATION
4366,0,0,1,ASSOCIATION
4367,0,0,1,ASSOCIATION
4368,0,0,1,ASSOCIATION
4369,0,0,1,ASSOCIATION
4370,0,0,1,ASSOCIATION
4371,0,0,1,ASSOCIATION
4372,0,0,1,ASSOCIATION
4373,0,0,1,ASSOCIATION
4374,0,0,1,ASSOCIATION
4375,0,0,1,ASSOCIATION
4376,0,0,1,ASSOCIATION
4377,0,0,1,ASSOCIATION
4378,0,0,1,ASSOCIATION
4379,0,0,1,ASSOCIATION
4380,0,0,1,ASSOCIATION
4381,0,0,1,ASSOCIATION
4382,0,0,1,ASSOCIATION
4383,0,0,1,ASSOCIATION
4384,0,0,1,ASSOCIATION
4385,0,0,1,ASSOCIATION
4386,0,0,1,ASSOCIATION
4387,0,0,1,ASSOCIATION
4388,0,0,1,ASSOCIATION
4389,0,0,1,ASSOCIATION
4390,0,0,1,ASSOCIATION
4391,0,0,1,ASSOCIATION
4392,0,0,1,ASSOCIATION
4393,0,0,1,ASSOCIATION
4394,0,0,1,ASSOCIATION
4395,0,0,1,ASSOCIATION
4396,0,0,1,ASSOCIATION
4397,0,0,1,ASSOCIATION
4398,0,0,1,ASSOCIATION
4399,0,0,1,ASSOCIATION
4400,0,0,1,ASSOCIATION
4401,0,0,1,ASSOCIATION
4402,0,0,1,ASSOCIATION
4403,0,0,1,ASSOCIATION
4404,0,0,1,ASSOCIATION
4405,0,0,1,ASSOCIATION
4406,0,0,1,ASSOCIATION
4407,0,0,1,ASSOCIATION
4408,0,0,1,ASSOCIATION
4409,0,0,1,ASSOCIATION
4410,0,0,1,ASSOCIATION
4411,0,0,1,ASSOCIATION
4412,0,0,1,ASSOCIATION
4413,0,0,1,ASSOCIATION
4414,0,0,1,ASSOCIATION
4415,0,0,1,ASSOCIATION
4416,0,0,1,ASSOCIATION
4417,0,0,1,ASSOCIATION
4418,0,0,1,ASSOCIATION
4419,0,0,1,ASSOCIATION
4420,0,0,1,ASSOCIATION
4421,0,0,1,ASSOCIATION
4422,0,0,1,ASSOCIATION
4423,0,0,1,ASSOCIATION
4424,0,0,1,ASSOCIATION
4425,0,0,1,ASSOCIATION
4426,0,0,1,ASSOCIATION
4427,0,0,1,ASSOCIATION
4428,0,0,1,ASSOCIATION
4429,0,0,1,ASSOCIATION
4430,0,0,1,ASSOCIATION
4431,0,0,1,ASSOCIATION
4432,0,0,1,ASSOCIATION
4433,0,0,1,ASSOCIATION
4434,0,0,1,ASSOCIATION
4435,0,0,1,ASSOCIATION
4436,0,0,1,ASSOCIATION
4437,0,0,1,ASSOCIATION
4438,0,0,1,ASSOCIATION
4439,0,0,1,ASSOCIATION
4440,0,0,1,ASSOCIATION
4441,0,0,1,ASSOCIATION
4442,0,0,1,ASSOCIATION
4443,0,0,1,ASSOCIATION
4444,0,0,1,ASSOCIATION
4445,0,0,1,ASSOCIATION
4446,0,0,1,ASSOCIATION
4447,0,0,1,ASSOCIATION
4448,0,0,1,ASSOCIATION
4449,0,0,1,ASSOCIATION
4450,0,0,1,ASSOCIATION
4451,0,0,1,ASSOCIATION
4452,0,0,1,ASSOCIATION
4453,0,0,1,ASSOCIATION
4454,0,0,1,ASSOCIATION
4455,0,0,1,ASSOCIATION
4456,0,0,1,ASSOCIATION
4457,0,0,1,ASSOCIATION
4458,0,0,1,ASSOCIATION
4459,0,0,1,ASSOCIATION
4460,0,0,1,ASSOCIATION
4461,0,0,1,ASSOCIATION
4462,0,0,1,ASSOCIATION
4463,0,0,1,ASSOCIATION
4464,0,0,1,ASSOCIATION
4465,0,0,1,ASSOCIATION
4466,0,0,1,ASSOCIATION
4467,0,0,1,ASSOCIATION
4468,0,0,1,ASSOCIATION
4469,0,0,1,ASSOCIATION
4470,0,0,1,ASSOCIATION
4471,0,0,1,ASSOCIATION
4472,0,0,1,ASSOCIATION
4473,0,0,1,ASSOCIATION
4474,0,0,1,ASSOCIATION
4475,0,0,1,ASSOCIATION
4476,0,0,1,ASSOCIATION
4477,0,0,1,ASSOCIATION
4478,0,0,1,ASSOCIATION
4479,0,0,1,ASSOCIATION
4480,0,0,1,ASSOCIATION
4481,0,0,1,ASSOCIATION
4482,0,0,1,ASSOCIATION
4483,0,0,1,ASSOCIATION
4484,0,0,1,ASSOCIATION
4485,0,0,1,ASSOCIATION
4486,0,0,1,ASSOCIATION
4487,0,0,1,ASSOCIATION
4488,0,0,1,ASSOCIATION
4489,0,0,1,ASSOCIATION
4490,0,0,1,ASSOCIATION
4491,0,0,1,ASSOCIATION
4492,0,0,1,ASSOCIATION
4493,0,0,1,ASSOCIATION
4494,0,0,1,ASSOCIATION
4495,0,0,1,ASSOCIATION
4496,0,0,1,ASSOCIATION
4497,0,0,1,ASSOCIATION
4498,0,0,1,ASSOCIATION
4499,0,0,1,ASSOCIATION
4500,0,0,1,ASSOCIATION
4501,0,0,1,ASSOCIATION
4502,0,0,1,ASSOCIATION
4503,0,0,1,ASSOCIATION
4504,0,0,1,ASSOCIATION
4505,0,0,1,ASSOCIATION
4506,0,0,1,ASSOCIATION
4507,0,0,1,ASSOCIATION
4508,0,0,1,ASSOCIATION
4509,0,0,1,ASSOCIATION
4510,0,0,1,ASSOCIATION
4511,0,0,1,ASSOCIATION
4512,0,0,1,ASSOCIATION
4513,0,0,1,ASSOCIATION
4514,0,0,1,ASSOCIATION
4515,0,0,1,ASSOCIATION
4516,0,0,1,ASSOCIATION
4517,0,0,1,ASSOCIATION
4518,0,0,1,ASSOCIATION
4519,0,0,1,ASSOCIATION
4520,0,0,1,ASSOCIATION
4521,0,0,1,ASSOCIATION
4522,0,0,1,ASSOCIATION
4523,0,0,1,ASSOCIATION
4524,0,0,1,ASSOCIATION
4525,0,0,1,ASSOCIATION
4526,0,0,1,ASSOCIATION
4527,0,0,1,ASSOCIATION
4528,0,0,1,ASSOCIATION
4529,0,0,1,ASSOCIATION
4530,0,0,1,ASSOCIATION
4531,0,0,1,ASSOCIATION
4532,0,0,1,ASSOCIATION
4533,0,0,1,ASSOCIATION
4534,0,0,1,ASSOCIATION
4535,0,0,1,ASSOCIATION
4536,0,0,1,ASSOCIATION
4537,0,0,1,ASSOCIATION
4538,0,0,1,ASSOCIATION
4539,0,0,1,ASSOCIATION
4540,0,0,1,ASSOCIATION
4541,0,0,1,ASSOCIATION
4542,0,0,1,ASSOCIATION
4543,0,0,1,ASSOCIATION
4544,0,0,1,ASSOCIATION
4545,0,0,1,ASSOCIATION
4546,0,0,1,ASSOCIATION
4547,0,0,1,ASSOCIATION
4548,0,0,1,ASSOCIATION
4549,0,0,1,ASSOCIATION
4550,0,0,1,ASSOCIATION
4551,0,0,1,ASSOCIATION
4552,0,0,1,ASSOCIATION
4553,0,0,1,ASSOCIATION
4554,0,0,1,ASSOCIATION
4555,0,0,1,ASSOCIATION
4556,0,0,1,ASSOCIATION
4557,0,0,1,ASSOCIATION
4558,0,0,1,ASSOCIATION
4559,0,0,1,ASSOCIATION
4560,0,0,1,ASSOCIATION
4561,0,0,1,ASSOCIATION
4562,0,0,1,ASSOCIATION
4563,0,0,1,ASSOCIATION
4564,0,0,1,ASSOCIATION
4565,0,0,1,ASSOCIATION
4566,0,0,1,ASSOCIATION
4567,0,0,1,ASSOCIATION
4568,0,0,1,ASSOCIATION
4569,0,0,1,ASSOCIATION
4570,0,0,1,ASSOCIATION
4571,0,0,1,ASSOCIATION
4572,0,0,1,ASSOCIATION
4573,0,0,1,ASSOCIATION
4574,0,0,1,ASSOCIATION
4575,0,0,1,ASSOCIATION
4576,0,0,1,ASSOCIATION
4577,0,0,1,ASSOCIATION
4578,0,0,1,ASSOCIATION
4579,0,0,1,ASSOCIATION
4580,0,0,1,ASSOCIATION
4581,0,0,1,ASSOCIATION
4582,0,0,1,ASSOCIATION
4583,0,0,1,ASSOCIATION
4584,0,0,1,ASSOCIATION
4585,0,0,1,ASSOCIATION
4586,0,0,1,ASSOCIATION
4587,0,0,1,ASSOCIATION
4588,0,0,1,ASSOCIATION
4589,0,0,1,ASSOCIATION
4590,0,0,1,ASSOCIATION
4591,0,0,1,ASSOCIATION
4592,0,0,1,ASSOCIATION
4593,0,0,1,ASSOCIATION
4594,0,0,1,ASSOCIATION
4595,0,0,1,ASSOCIATION
4596,0,0,1,ASSOCIATION
4597,0,0,1,ASSOCIATION
4598,0,0,1,ASSOCIATION
4599,0,0,1,ASSOCIATION
4600,0,0,1,ASSOCIATION
4601,0,0,1,ASSOCIATION
4602,0,0,1,ASSOCIATION
4603,0,0,1,ASSOCIATION
4604,0,0,1,ASSOCIATION
4605,0,0,1,ASSOCIATION
4606,0,0,1,ASSOCIATION
4607,0,0,1,ASSOCIATION
4608,0,0,1,ASSOCIATION
4609,0,0,1,ASSOCIATION
4610,0,0,1,ASSOCIATION
4611,0,0,1,ASSOCIATION
4612,0,0,1,ASSOCIATION
4613,0,0,1,ASSOCIATION
4614,0,0,1,ASSOCIATION
4615,0,0,1,ASSOCIATION
4616,0,0,1,ASSOCIATION
4617,0,0,1,ASSOCIATION
4618,0,0,1,ASSOCIATION
4619,0,0,1,ASSOCIATION
4620,0,0,1,ASSOCIATION
4621,0,0,1,ASSOCIATION
4622,0,0,1,ASSOCIATION
4623,0,0,1,ASSOCIATION
4624,0,0,1,ASSOCIATION
4625,0,0,1,ASSOCIATION
4626,0,0,1,ASSOCIATION
4627,0,0,1,ASSOCIATION
4628,0,0,1,ASSOCIATION
4629,0,0,1,ASSOCIATION
4630,0,0,1,ASSOCIATION
4631,0,0,1,ASSOCIATION
4632,0,0,1,ASSOCIATION
4633,0,0,1,ASSOCIATION
4634,0,0,1,ASSOCIATION
4635,0,0,1,ASSOCIATION
4636,0,0,1,ASSOCIATION
4637,0,0,1,ASSOCIATION
4638,0,0,1,ASSOCIATION
4639,0,0,1,ASSOCIATION
4640,0,0,1,ASSOCIATION
4641,0,0,1,ASSOCIATION
4642,0,0,1,ASSOCIATION
4643,0,0,1,ASSOCIATION
4644,0,0,1,ASSOCIATION
4645,0,0,1,ASSOCIATION
4646,0,0,1,ASSOCIATION
4647,0,0,1,ASSOCIATION
4648,0,0,1,ASSOCIATION
4649,0,0,1,ASSOCIATION
4650,0,0,1,ASSOCIATION
4651,0,0,1,ASSOCIATION
4652,0,0,1,ASSOCIATION
4653,0,0,1,ASSOCIATION
4654,0,0,1,ASSOCIATION
4655,0,0,1,ASSOCIATION
4656,0,0,1,ASSOCIATION
4657,0,0,1,ASSOCIATION
4658,0,0,1,ASSOCIATION
4659,0,0,1,ASSOCIATION
4660,0,0,1,ASSOCIATION
4661,0,0,1,ASSOCIATION
4662,0,0,1,ASSOCIATION
4663,0,0,1,ASSOCIATION
4664,0,0,1,ASSOCIATION
4665,0,0,1,ASSOCIATION
4666,0,0,1,ASSOCIATION
4667,0,0,1,ASSOCIATION
4668,0,0,1,ASSOCIATION
4669,0,0,1,ASSOCIATION
4670,0,0,1,ASSOCIATION
4671,0,0,1,ASSOCIATION
4672,0,0,1,ASSOCIATION
4673,0,0,1,ASSOCIATION
4674,0,0,1,ASSOCIATION
4675,0,0,1,ASSOCIATION
4676,0,0,1,ASSOCIATION
4677,0,0,1,ASSOCIATION
4678,0,0,1,ASSOCIATION
4679,0,0,1,ASSOCIATION
4680,0,0,1,ASSOCIATION
4681,0,0,1,ASSOCIATION
4682,0,0,1,ASSOCIATION
4683,0,0,1,ASSOCIATION
4684,0,0,1,ASSOCIATION
4685,0,0,1,ASSOCIATION
4686,0,0,1,ASSOCIATION
4687,0,0,1,ASSOCIATION
4688,0,0,1,ASSOCIATION
4689,0,0,1,ASSOCIATION
4690,0,0,1,ASSOCIATION
4691,0,0,1,ASSOCIATION
4692,0,0,1,ASSOCIATION
4693,0,0,1,ASSOCIATION
4694,0,0,1,ASSOCIATION
4695,0,0,1,ASSOCIATION
4696,0,0,1,ASSOCIATION
4697,0,0,1,ASSOCIATION
4698,0,0,1,ASSOCIATION
4699,0,0,1,ASSOCIATION
4700,0,0,1,ASSOCIATION
4701,0,0,1,ASSOCIATION
4702,0,0,1,ASSOCIATION
4703,0,0,1,ASSOCIATION
4704,0,0,1,ASSOCIATION
4705,0,0,1,ASSOCIATION
4706,0,0,1,ASSOCIATION
4707,0,0,1,ASSOCIATION
4708,0,0,1,ASSOCIATION
4709,0,0,1,ASSOCIATION
4710,0,0,1,ASSOCIATION
4711,0,0,1,ASSOCIATION
4712,0,0,1,ASSOCIATION
4713,0,0,1,ASSOCIATION
4714,0,0,1,ASSOCIATION
4715,0,0,1,ASSOCIATION
4716,0,0,1,ASSOCIATION
4717,0,0,1,ASSOCIATION
4718,0,0,1,ASSOCIATION
4719,0,0,1,ASSOCIATION
4720,0,0,1,ASSOCIATION
4721,0,0,1,ASSOCIATION
4722,0,0,1,ASSOCIATION
4723,0,0,1,ASSOCIATION
4724,0,0,1,ASSOCIATION
4725,0,0,1,ASSOCIATION
4726,0,0,1,ASSOCIATION
4727,0,0,1,ASSOCIATION
4728,0,0,1,ASSOCIATION
4729,0,0,1,ASSOCIATION
4730,0,0,1,ASSOCIATION
4731,0,0,1,ASSOCIATION
4732,0,0,1,ASSOCIATION
4733,0,0,1,ASSOCIATION
4734,0,0,1,ASSOCIATION
4735,0,0,1,ASSOCIATION
4736,0,0,1,ASSOCIATION
4737,0,0,1,ASSOCIATION
4738,0,0,1,ASSOCIATION
4739,0,0,1,ASSOCIATION
4740,0,0,1,ASSOCIATION
4741,0,0,1,ASSOCIATION
4742,0,0,1,ASSOCIATION
4743,0,0,1,ASSOCIATION
4744,0,0,1,ASSOCIATION
4745,0,0,1,ASSOCIATION
4746,0,0,1,ASSOCIATION
4747,0,0,1,ASSOCIATION
4748,0,0,1,ASSOCIATION
4749,0,0,1,ASSOCIATION
4750,0,0,1,ASSOCIATION
4751,0,0,1,ASSOCIATION
4752,0,0,1,ASSOCIATION
4753,0,0,1,ASSOCIATION
4754,0,0,1,ASSOCIATION
4755,0,0,1,ASSOCIATION
4756,0,0,1,ASSOCIATION
4757,0,0,1,ASSOCIATION
4758,0,0,1,ASSOCIATION
4759,0,0,1,ASSOCIATION
4760,0,0,1,ASSOCIATION
4761,0,0,1,ASSOCIATION
4762,0,0,1,ASSOCIATION
4763,0,0,1,ASSOCIATION
4764,0,0,1,ASSOCIATION
4765,0,0,1,ASSOCIATION
4766,0,0,1,ASSOCIATION
4767,0,0,1,ASSOCIATION
4768,0,0,1,ASSOCIATION
4769,0,0,1,ASSOCIATION
4770,0,0,1,ASSOCIATION
4771,0,0,1,ASSOCIATION
4772,0,0,1,ASSOCIATION
4773,0,0,1,ASSOCIATION
4774,0,0,1,ASSOCIATION
4775,0,0,1,ASSOCIATION
4776,0,0,1,ASSOCIATION
4777,0,0,1,ASSOCIATION
4778,0,0,1,ASSOCIATION
4779,0,0,1,ASSOCIATION
4780,0,0,1,ASSOCIATION
4781,0,0,1,ASSOCIATION
4782,0,0,1,ASSOCIATION
4783,0,0,1,ASSOCIATION
4784,0,0,1,ASSOCIATION
4785,0,0,1,ASSOCIATION
4786,0,0,1,ASSOCIATION
4787,0,0,1,ASSOCIATION
4788,0,0,1,ASSOCIATION
4789,0,0,1,ASSOCIATION
4790,0,0,1,ASSOCIATION
4791,0,0,1,ASSOCIATION
4792,0,0,1,ASSOCIATION
4793,0,0,1,ASSOCIATION
4794,0,0,1,ASSOCIATION
4795,0,0,1,ASSOCIATION
4796,0,0,1,ASSOCIATION
4797,0,0,1,ASSOCIATION
4798,0,0,1,ASSOCIATION
4799,0,0,1,ASSOCIATION
4800,0,0,1,ASSOCIATION
4801,0,0,1,ASSOCIATION
4802,0,0,1,ASSOCIATION
4803,0,0,1,ASSOCIATION
4804,0,0,1,ASSOCIATION
4805,0,0,1,ASSOCIATION
4806,0,0,1,ASSOCIATION
4807,0,0,1,ASSOCIATION
4808,0,0,1,ASSOCIATION
4809,0,0,1,ASSOCIATION
4810,0,0,1,ASSOCIATION
4811,0,0,1,ASSOCIATION
4812,0,0,1,ASSOCIATION
4813,0,0,1,ASSOCIATION
4814,0,0,1,ASSOCIATION
4815,0,0,1,ASSOCIATION
4816,0,0,1,ASSOCIATION
4817,0,0,1,ASSOCIATION
4818,0,0,1,ASSOCIATION
4819,0,0,1,ASSOCIATION
4820,0,0,1,ASSOCIATION
4821,0,0,1,ASSOCIATION
4822,0,0,1,ASSOCIATION
4823,0,0,1,ASSOCIATION
4824,0,0,1,ASSOCIATION
4825,0,0,1,ASSOCIATION
4826,0,0,1,ASSOCIATION
4827,0,0,1,ASSOCIATION
4828,0,0,1,ASSOCIATION
4829,0,0,1,ASSOCIATION
4830,0,0,1,ASSOCIATION
4831,0,0,1,ASSOCIATION
4832,0,0,1,ASSOCIATION
4833,0,0,1,ASSOCIATION
4834,0,0,1,ASSOCIATION
4835,0,0,1,ASSOCIATION
4836,0,0,1,ASSOCIATION
4837,0,0,1,ASSOCIATION
4838,0,0,1,ASSOCIATION
4839,0,0,1,ASSOCIATION
4840,0,0,1,ASSOCIATION
4841,0,0,1,ASSOCIATION
4842,0,0,1,ASSOCIATION
4843,0,0,1,ASSOCIATION
4844,0,0,1,ASSOCIATION
4845,0,0,1,ASSOCIATION
4846,0,0,1,ASSOCIATION
4847,0,0,1,ASSOCIATION
4848,0,0,1,ASSOCIATION
4849,0,0,1,ASSOCIATION
4850,0,0,1,ASSOCIATION
4851,0,0,1,ASSOCIATION
4852,0,0,1,ASSOCIATION
4853,0,0,1,ASSOCIATION
4854,0,0,1,ASSOCIATION
4855,0,0,1,ASSOCIATION
4856,0,0,1,ASSOCIATION
4857,0,0,1,ASSOCIATION
4858,0,0,1,ASSOCIATION
4859,0,0,1,ASSOCIATION
4860,0,0,1,ASSOCIATION
4861,0,0,1,ASSOCIATION
4862,0,0,1,ASSOCIATION
4863,0,0,1,ASSOCIATION
4864,0,0,1,ASSOCIATION
4865,0,0,1,ASSOCIATION
4866,0,0,1,ASSOCIATION
4867,0,0,1,ASSOCIATION
4868,0,0,1,ASSOCIATION
4869,0,0,1,ASSOCIATION
4870,0,0,1,ASSOCIATION
4871,0,0,1,ASSOCIATION
4872,0,0,1,ASSOCIATION
4873,0,0,1,ASSOCIATION
4874,0,0,1,ASSOCIATION
4875,0,0,1,ASSOCIATION
4876,0,0,1,ASSOCIATION
4877,0,0,1,ASSOCIATION
4878,0,0,1,ASSOCIATION
4879,0,0,1,ASSOCIATION
4880,0,0,1,ASSOCIATION
4881,0,0,1,ASSOCIATION
4882,0,0,1,ASSOCIATION
4883,0,0,1,ASSOCIATION
4884,0,0,1,ASSOCIATION
4885,0,0,1,ASSOCIATION
4886,0,0,1,ASSOCIATION
4887,0,0,1,ASSOCIATION
4888,0,0,1,ASSOCIATION
4889,0,0,1,ASSOCIATION
4890,0,0,1,ASSOCIATION
4891,0,0,1,ASSOCIATION
4892,0,0,1,ASSOCIATION
4893,0,0,1,ASSOCIATION
4894,0,0,1,ASSOCIATION
4895,0,0,1,ASSOCIATION
4896,0,0,1,ASSOCIATION
4897,0,0,1,ASSOCIATION
4898,0,0,1,ASSOCIATION
4899,0,0,1,ASSOCIATION
4900,0,0,1,ASSOCIATION
4901,0,0,1,ASSOCIATION
4902,0,0,1,ASSOCIATION
4903,0,0,1,ASSOCIATION
4904,0,0,1,ASSOCIATION
4905,0,0,1,ASSOCIATION
4906,0,0,1,ASSOCIATION
4907,0,0,1,ASSOCIATION
4908,0,0,1,ASSOCIATION
4909,0,0,1,ASSOCIATION
4910,0,0,1,ASSOCIATION
4911,0,0,1,ASSOCIATION
4912,0,0,1,ASSOCIATION
4913,0,0,1,ASSOCIATION
4914,0,0,1,ASSOCIATION
4915,0,0,1,ASSOCIATION
4916,0,0,1,ASSOCIATION
4917,0,0,1,ASSOCIATION
4918,0,0,1,ASSOCIATION
4919,0,0,1,ASSOCIATION
4920,0,0,1,ASSOCIATION
4921,0,0,1,ASSOCIATION
4922,0,0,1,ASSOCIATION
4923,0,0,1,ASSOCIATION
4924,0,0,1,ASSOCIATION
4925,0,0,1,ASSOCIATION
4926,0,0,1,ASSOCIATION
4927,0,0,1,ASSOCIATION
4928,0,0,1,ASSOCIATION
4929,0,0,1,ASSOCIATION
4930,0,0,1,ASSOCIATION
4931,0,0,1,ASSOCIATION
4932,0,0,1,ASSOCIATION
4933,0,0,1,ASSOCIATION
4934,0,0,1,ASSOCIATION
4935,0,0,1,ASSOCIATION
4936,0,0,1,ASSOCIATION
4937,0,0,1,ASSOCIATION
4938,0,0,1,ASSOCIATION
4939,0,0,1,ASSOCIATION
4940,0,0,1,ASSOCIATION
4941,0,0,1,ASSOCIATION
4942,0,0,1,ASSOCIATION
4943,0,0,1,ASSOCIATION
4944,0,0,1,ASSOCIATION
4945,0,0,1,ASSOCIATION
4946,0,0,1,ASSOCIATION
4947,0,0,1,ASSOCIATION
4948,0,0,1,ASSOCIATION
4949,0,0,1,ASSOCIATION
4950,0,0,1,ASSOCIATION
4951,0,0,1,ASSOCIATION
4952,0,0,1,ASSOCIATION
4953,0,0,1,ASSOCIATION
4954,0,0,1,ASSOCIATION
4955,0,0,1,ASSOCIATION
4956,0,0,1,ASSOCIATION
4957,0,0,1,ASSOCIATION
4958,0,0,1,ASSOCIATION
4959,0,0,1,ASSOCIATION
4960,0,0,1,ASSOCIATION
4961,0,0,1,ASSOCIATION
4962,0,0,1,ASSOCIATION
4963,0,0,1,ASSOCIATION
4964,0,0,1,ASSOCIATION
4965,0,0,1,ASSOCIATION
4966,0,0,1,ASSOCIATION
4967,0,0,1,ASSOCIATION
4968,0,0,1,ASSOCIATION
4969,0,0,1,ASSOCIATION
4970,0,0,1,ASSOCIATION
4971,0,0,1,ASSOCIATION
4972,0,0,1,ASSOCIATION
4973,0,0,1,ASSOCIATION
4974,0,0,1,ASSOCIATION
4975,0,0,1,ASSOCIATION
4976,0,0,1,ASSOCIATION
4977,0,0,1,ASSOCIATION
4978,0,0,1,ASSOCIATION
4979,0,0,1,ASSOCIATION
4980,0,0,1,ASSOCIATION
4981,0,0,1,ASSOCIATION
4982,0,0,1,ASSOCIATION
4983,0,0,1,ASSOCIATION
4984,0,0,1,ASSOCIATION
4985,0,0,1,ASSOCIATION
4986,0,0,1,ASSOCIATION
4987,0,0,1,ASSOCIATION
4988,0,0,1,ASSOCIATION
4989,0,0,1,ASSOCIATION
4990,0,0,1,ASSOCIATION
4991,0,0,1,ASSOCIATION
4992,0,0,1,ASSOCIATION
4993,0,0,1,ASSOCIATION
4994,0,0,1,ASSOCIATION
4995,0,0,1,ASSOCIATION
4996,0,0,1,ASSOCIATION
4997,0,0,1,ASSOCIATION
4998,0,0,1,ASSOCIATION
4999,0,0,1,ASSOCIATION
5000,0,-243.515,4,ASSOCIATION
5001,0,-341.518,8,ASSOCIATION
5002,0,-380.89,0,ASSOCIATION
5003,0,-399.127,0,ASSOCIATION
5004,0,-310.899,9,ASSOCIATION
5005,0,-392.763,0,ASSOCIATION
5006,0,-406.296,0,ASSOCIATION
5007,0,-404.933,0,ASSOCIATION
5008,0,0,1,ASSOCIATION
5009,0,-313.586,9,ASSOCIATION
5010,0,-305.264,9,ASSOCIATION
5011,0,-230.974,4,ASSOCIATION
5012,0,-371.548,0,ASSOCIATION
5013,0,-412.679,3,ASSOCIATION
5014,0,-290.759,9,ASSOCIATION
5015,0,-296.545,9,ASSOCIATION
5016,0,-330.354,8,ASSOCIATION
5017,0,-407.299,0,ASSOCIATION
5018,0,-413.898,3,ASSOCIATION
5019,0,-177.789,7,ASSOCIATION
5020,0,0,1,ASSOCIATION
5021,0,-434.126,3,ASSOCIATION
5022,0,-363.743,8,ASSOCIATION
5023,0,-315.381,9,ASSOCIATION
5024,0,-378.191,0,ASSOCIATION
5025,0,-377.493,0,ASSOCIATION
5026,0,-172.647,7,ASSOCIATION
5027,0,-346.155,8,ASSOCIATION
5028,0,-313.984,9,ASSOCIATION
5029,0,-340.426,8,ASSOCIATION
5030,0,-209.031,4,ASSOCIATION
5031,0,-234.368,4,ASSOCIATION
5032,0,-336.974,8,ASSOCIATION
5033,0,0,1,ASSOCIATION
5034,0,-368.084,8,ASSOCIATION
5035,0,-399.127,0,ASSOCIATION
5036,0,0,1,ASSOCIATION
5037,0,-225.893,4,ASSOCIATION
5038,0,0,1,ASSOCIATION
5039,0,-267.292,4,ASSOCIATION
5040,0,-400.264,0,ASSOCIATION
5041,0,-334.491,8,ASSOCIATION
5042,0,0,1,ASSOCIATION
5043,0,-399.127,0,ASSOCIATION
5044,0,-398.726,0,ASSOCIATION
5045,0,-266.296,4,ASSOCIATION
5046,0,-350.357,8,ASSOCIATION
5047,0,-369.978,8,ASSOCIATION
5048,0,-353.562,8,ASSOCIATION
5049,0,-352.513,8,ASSOCIATION
5050,0,0,1,ASSOCIATION
5051,0,-317.846,9,ASSOCIATION
5052,0,-403.866,0,ASSOCIATION
5053,0,-400.814,0,ASSOCIATION
5054,0,-376.014,0,ASSOCIATION
5055,0,0,1,ASSOCIATION
5056,0,-307.793,9,ASSOCIATION
5057,0,-309.342,9,ASSOCIATION
5058,0,-416.334,3,ASSOCIATION
5059,0,-406.934,0,ASSOCIATION
5060,0,-228.661,4,ASSOCIATION
5061,0,0,1,ASSOCIATION
5062,0,-308.576,9,ASSOCIATION
5063,0,-348.543,8,ASSOCIATION
5064,0,-399.612,0,ASSOCIATION
5065,0,-298.786,9,ASSOCIATION
5066,0,-310.671,9,ASSOCIATION
5067,0,-144.925,7,ASSOCIATION
5068,0,-176.127,7,ASSOCIATION
5069,0,-350.51,8,ASSOCIATION
5070,0,-11.4264,1,ASSOCIATION
5071,0,-399.127,0,ASSOCIATION
5072,0,0,1,ASSOCIATION
5073,0,-359.184,8,ASSOCIATION
5074,0,-105.058,2,ASSOCIATION
5075,0,-373.886,0,ASSOCIATION
5076,0,-259.433,4,ASSOCIATION
5077,0,-372.549,0,ASSOCIATION
5078,0,-252.168,4,ASSOCIATION
5079,0,-393.397,0,ASSOCIATION
5080,0,-383.914,0,ASSOCIATION
5081,0,-400.31,0,ASSOCIATION
5082,0,-92.6478,2,ASSOCIATION
5083,0,-403.023,0,ASSOCIATION
5084,0,-370.124,8,ASSOCIATION
5085,0,-382.918,0,ASSOCIATION
5086,0,-412.988,3,ASSOCIATION
5087,0,-350.51,8,ASSOCIATION
5088,0,-362.633,8,ASSOCIATION
5089,0,-396.606,0,ASSOCIATION
5090,0,-230.231,4,ASSOCIATION
5091,0,-283.887,9,ASSOCIATION
5092,0,-308.004,9,ASSOCIATION
5093,0,-303.515,9,ASSOCIATION
5094,0,-388.414,0,ASSOCIATION
5095,0,-125.954,7,ASSOCIATION
5096,0,-1.10721,1,ASSOCIATION
5097,0,0,1,ASSOCIATION
5098,0,-213.165,4,ASSOCIATION
5099,0,0,1,ASSOCIATION
5100,0,-289.758,9,ASSOCIATION
5101,0,-372.119,0,ASSOCIATION
5102,0,-400.971,0,ASSOCIATION
5103,0,-278.584,9,ASSOCIATION
5104,0,0,1,ASSOCIATION
5105,0,-353.234,8,ASSOCIATION
5106,0,0,1,ASSOCIATION
5107,0,-355.622,8,ASSOCIATION
5108,0,-156.584,7,ASSOCIATION
5109,0,0,1,ASSOCIATION
5110,0,-295.675,9,ASSOCIATION
5111,0,-391.848,0,ASSOCIATION
5112,0,-314.276,9,ASSOCIATION
5113,0,0,1,ASSOCIATION
5114,0,-190.258,7,ASSOCIATION
5115,0,-400.95,0,ASSOCIATION
5116,0,0,1,ASSOCIATION
5117,0,-355.203,8,ASSOCIATION
5118,0,-260.883,4,ASSOCIATION
5119,0,-121.518,7,ASSOCIATION
5120,0,-363.916,8,ASSOCIATION
5121,0,-276.973,9,ASSOCIATION
5122,0,-378.403,0,ASSOCIATION
5123,0,-330.495,8,ASSOCIATION
5124,0,0,1,ASSOCIATION
5125,0,-95.4505,2,ASSOCIATION
5126,0,-420.97,3,ASSOCIATION
5127,0,-388.686,0,ASSOCIATION
5128,0,-376.959,0,ASSOCIATION
5129,0,-397.901,0,ASSOCIATION
5130,0,-347.612,8,ASSOCIATION
5131,0,-301.235,9,ASSOCIATION
5132,0,0,1,ASSOCIATION
5133,0,-283.959,9,ASSOCIATION
5134,0,-204.434,4,ASSOCIATION
5135,0,-194.359,7,ASSOCIATION
5136,0,-340.165,8,ASSOCIATION
5137,0,-355.126,8,ASSOCIATION
5138,0,-276.6,9,ASSOCIATION
5139,0,0,1,ASSOCIATION
5140,0,0,1,ASSOCIATION
5141,0,-388.128,0,ASSOCIATION
5142,0,-242.482,4,ASSOCIATION
5143,0,-201.15,4,ASSOCIATION
5144,0,-277.896,9,ASSOCIATION
5145,0,-400.716,0,ASSOCIATION
5146,0,-237.321,4,ASSOCIATION
5147,0,-247.235,4,ASSOCIATION
5148,0,-335.875,8,ASSOCIATION
5149,0,-266.269,4,ASSOCIATION
5150,0,-347.829,8,ASSOCIATION
5151,0,-221.494,4,ASSOCIATION
5152,0,-351.587,8,ASSOCIATION
5153,0,-326.311,8,ASSOCIATION
5154,0,0,1,ASSOCIATION
5155,0,-223.71,4,ASSOCIATION
5156,0,-124.809,7,ASSOCIATION
5157,0,-154.363,7,ASSOCIATION
5158,0,-313.48,9,ASSOCIATION
5159,0,-344.525,8,ASSOCIATION
5160,0,-382.562,0,ASSOCIATION
5161,0,0,1,ASSOCIATION
5162,0,-399.799,0,ASSOCIATION
5163,0,-227.064,4,ASSOCIATION
5164,0,-234.169,4,ASSOCIATION
5165,0,-388.241,0,ASSOCIATION
5166,0,-360.175,8,ASSOCIATION
5167,0,-264.7,4,ASSOCIATION
5168,0,0,1,ASSOCIATION
5169,0,-215.698,4,ASSOCIATION
5170,0,-324.96,9,ASSOCIATION
5171,0,-434.958,3,ASSOCIATION
5172,0,-388.853,0,ASSOCIATION
5173,0,0,1,ASSOCIATION
5174,0,-239.998,4,ASSOCIATION
5175,0,0,1,ASSOCIATION
5176,0,0,1,ASSOCIATION
5177,0,-425.495,3,ASSOCIATION
5178,0,-388.194,0,ASSOCIATION
5179,0,-371.099,8,ASSOCIATION
5180,0,-10.6117,1,ASSOCIATION
5181,0,-369.578,8,ASSOCIATION
5182,0,-310.384,9,ASSOCIATION
5183,0,-326.058,8,ASSOCIATION
5184,0,-399.041,0,ASSOCIATION
5185,0,-425.934,3,ASSOCIATION
5186,0,-368.244,8,ASSOCIATION
5187,0,-483.494,5,ASSOCIATION
5188,0,-340.824,8,ASSOCIATION
5189,0,-337.222,8,ASSOCIATION
5190,0,-370.423,8,ASSOCIATION
5191,0,-242.214,4,ASSOCIATION
5192,0,0,1,ASSOCIATION
5193,0,-376.803,0,ASSOCIATION
5194,0,-353.569,8,ASSOCIATION
5195,0,-220.773,4,ASSOCIATION
5196,0,0,1,ASSOCIATION
5197,0,-370.644,8,ASSOCIATION
5198,0,-219.621,4,ASSOCIATION
5199,0,0,1,ASSOCIATION
5200,0,-313.988,9,ASSOCIATION
5201,0,-418.764,3,ASSOCIATION
5202,0,-365.948,8,ASSOCIATION
5203,0,-405.456,0,ASSOCIATION
5204,0,0,1,ASSOCIATION
5205,0,-340.702,8,ASSOCIATION
5206,0,-285.358,9,ASSOCIATION
5207,0,0,1,ASSOCIATION
5208,0,-215.051,4,ASSOCIATION
5209,0,-413.984,3,ASSOCIATION
5210,0,0,1,ASSOCIATION
5211,0,-268.764,9,ASSOCIATION
5212,0,-193.1,7,ASSOCIATION
5213,0,-391.471,0,ASSOCIATION
5214,0,-349.156,8,ASSOCIATION
5215,0,-113.956,2,ASSOCIATION
5216,0,-349.16,8,ASSOCIATION
5217,0,-395.889,0,ASSOCIATION
5218,0,-279.575,9,ASSOCIATION
5219,0,-340.418,8,ASSOCIATION
5220,0,-161.171,7,ASSOCIATION
5221,0,-392.785,0,ASSOCIATION
5222,0,-201.175,4,ASSOCIATION
5223,0,-365.97,8,ASSOCIATION
5224,0,-399.127,0,ASSOCIATION
5225,0,-30.5751,1,ASSOCIATION
5226,0,-329.947,8,ASSOCIATION
5227,0,-126.148,7,ASSOCIATION
5228,0,-320.545,9,ASSOCIATION
5229,0,-280.454,9,ASSOCIATION
5230,0,-140.849,7,ASSOCIATION
5231,0,0,1,ASSOCIATION
5232,0,-224.764,4,ASSOCIATION
5233,0,-394.093,0,ASSOCIATION
5234,0,-384.015,0,ASSOCIATION
5235,0,-357.741,8,ASSOCIATION
5236,0,-294.154,9,ASSOCIATION
5237,0,-287.918,9,ASSOCIATION
5238,0,-412.663,3,ASSOCIATION
5239,0,-229.726,4,ASSOCIATION
5240,0,-377.683,0,ASSOCIATION
5241,0,-1.06146,1,ASSOCIATION
5242,0,-436.023,3,ASSOCIATION
5243,0,-223.108,4,ASSOCIATION
5244,0,-71.922,2,ASSOCIATION
5245,0,-15.8159,1,ASSOCIATION
5246,0,-286.827,9,ASSOCIATION
5247,0,-119.452,2,ASSOCIATION
5248,0,-432.064,3,ASSOCIATION
5249,0,-270.682,9,ASSOCIATION
5250,0,-226.522,4,ASSOCIATION
5251,0,-18.3011,1,ASSOCIATION
5252,0,-332.602,8,ASSOCIATION
5253,0,-360.207,8,ASSOCIATION
5254,0,-201.075,4,ASSOCIATION
5255,0,0,1,ASSOCIATION
5256,0,-448.562,3,ASSOCIATION
5257,0,-249.352,4,ASSOCIATION
5258,0,-340.393,8,ASSOCIATION
5259,0,-0.020767,1,ASSOCIATION
5260,0,-32.4779,1,ASSOCIATION
5261,0,-257.932,4,ASSOCIATION
5262,0,-264.97,4,ASSOCIATION
5263,0,-399.127,0,ASSOCIATION
5264,0,-422.075,3,ASSOCIATION
5265,0,-388.635,0,ASSOCIATION
5266,0,-61.5717,2,ASSOCIATION
5267,0,-306.89,9,ASSOCIATION
5268,0,-357.017,8,ASSOCIATION
5269,0,0,1,ASSOCIATION
5270,0,-443.033,3,ASSOCIATION
5271,0,-386.798,0,ASSOCIATION
5272,0,-347.65,8,ASSOCIATION
5273,0,-304.043,9,ASSOCIATION
5274,0,0,1,ASSOCIATION
5275,0,-481.591,5,ASSOCIATION
5276,0,-350.51,8,ASSOCIATION
5277,0,-405.7,0,ASSOCIATION
5278,0,-349.262,8,ASSOCIATION
5279,0,-416.386,3,ASSOCIATION
5280,0,-10.5093,1,ASSOCIATION
5281,0,-273.833,9,ASSOCIATION
5282,0,0,1,ASSOCIATION
5283,0,-264.244,4,ASSOCIATION
5284,0,-347.673,8,ASSOCIATION
5285,0,0,1,ASSOCIATION
5286,0,-0.0340346,1,ASSOCIATION
5287,0,-385.75,0,ASSOCIATION
5288,0,-187.647,7,ASSOCIATION
5289,0,0,1,ASSOCIATION
5290,0,-352.818,8,ASSOCIATION
5291,0,-311.539,9,ASSOCIATION
5292,0,-325.025,9,ASSOCIATION
5293,0,-227.161,4,ASSOCIATION
5294,0,-412.33,3,ASSOCIATION
5295,0,-392.567,0,ASSOCIATION
5296,0,-373.764,0,ASSOCIATION
5297,0,-391.551,0,ASSOCIATION
5298,0,-399.216,0,ASSOCIATION
5299,0,-448.657,3,ASSOCIATION
5300,0,0,1,ASSOCIATION
5301,0,-350.215,8,ASSOCIATION
5302,0,-355.434,8,ASSOCIATION
5303,0,-140.547,7,ASSOCIATION
5304,0,-331.256,8,ASSOCIATION
5305,0,-332.306,8,ASSOCIATION
5306,0,0,1,ASSOCIATION
5307,0,-351.369,8,ASSOCIATION
5308,0,-228.353,4,ASSOCIATION
5309,0,-364.345,8,ASSOCIATION
5310,0,-313.984,9,ASSOCIATION
5311,0,-349.358,8,ASSOCIATION
5312,0,-366.307,8,ASSOCIATION
5313,0,-248.295,4,ASSOCIATION
5314,0,-332.736,8,ASSOCIATION
5315,0,-188.378,7,ASSOCIATION
5316,0,-361.596,8,ASSOCIATION
5317,0,-338.37,8,ASSOCIATION
5318,0,-350.558,8,ASSOCIATION
5319,0,-10.5514,1,ASSOCIATION
5320,0,-360.5,8,ASSOCIATION
5321,0,-314.6,9,ASSOCIATION
5322,0,-350.51,8,ASSOCIATION
5323,0,-52.0178,2,ASSOCIATION
5324,0,-75.1338,2,ASSOCIATION
5325,0,-345.545,8,ASSOCIATION
5326,0,-308.411,9,ASSOCIATION
5327,0,0,1,ASSOCIATION
5328,0,-169.272,7,ASSOCIATION
5329,0,0,1,ASSOCIATION
5330,0,0,1,ASSOCIATION
5331,0,-66.861,2,ASSOCIATION
5332,0,-368.683,8,ASSOCIATION
5333,0,-116.137,2,ASSOCIATION
5334,0,0,1,ASSOCIATION
5335,0,-272.364,9,ASSOCIATION
5336,0,-310.851,9,ASSOCIATION
5337,0,-10.6117,1,ASSOCIATION
5338,0,0,1,ASSOCIATION
5339,0,-434.722,3,ASSOCIATION
5340,0,-307.104,9,ASSOCIATION
5341,0,-100.578,2,ASSOCIATION
5342,0,-302.804,9,ASSOCIATION
5343,0,-10.5253,1,ASSOCIATION
5344,0,-187.02,7,ASSOCIATION
5345,0,-143.678,7,ASSOCIATION
5346,0,-389.899,0,ASSOCIATION
5347,0,-318.608,9,ASSOCIATION
5348,0,-336.755,8,ASSOCIATION
5349,0,-353.915,8,ASSOCIATION
5350,0,-11.4264,1,ASSOCIATION
5351,0,-295.024,9,ASSOCIATION
5352,0,-333.193,8,ASSOCIATION
5353,0,-340.453,8,ASSOCIATION
5354,0,-330.741,8,ASSOCIATION
5355,0,-180.832,7,ASSOCIATION
5356,0,-399.243,0,ASSOCIATION
5357,0,-433.446,3,ASSOCIATION
5358,0,-350.142,8,ASSOCIATION
5359,0,0,1,ASSOCIATION
5360,0,-137.72,7,ASSOCIATION
5361,0,-119.006,2,ASSOCIATION
5362,0,0,1,ASSOCIATION
5363,0,-378.646,0,ASSOCIATION
5364,0,-360.765,8,ASSOCIATION
5365,0,0,1,ASSOCIATION
5366,0,-402.113,0,ASSOCIATION
5367,0,-367.887,8,ASSOCIATION
5368,0,-258.506,4,ASSOCIATION
5369,0,0,1,ASSOCIATION
5370,0,-316.015,9,ASSOCIATION
5371,0,-431.628,3,ASSOCIATION
5372,0,-202.638,4,ASSOCIATION
5373,0,-349.186,8,ASSOCIATION
5374,0,-10.538,1,ASSOCIATION
5375,0,-409.058,0,ASSOCIATION
5376,0,-399.323,0,ASSOCIATION
5377,0,0,1,ASSOCIATION
5378,0,-313.873,9,ASSOCIATION
5379,0,-250.726,4,ASSOCIATION
5380,0,-285.412,9,ASSOCIATION
5381,0,-268.622,9,ASSOCIATION
5382,0,-397.754,0,ASSOCIATION
5383,0,-336.385,8,ASSOCIATION
5384,0,-349.459,8,ASSOCIATION
5385,0,-326.536,8,ASSOCIATION
5386,0,-327.453,8,ASSOCIATION
5387,0,-332.871,8,ASSOCIATION
5388,0,-396.606,0,ASSOCIATION
5389,0,-374.553,0,ASSOCIATION
5390,0,-74.3436,2,ASSOCIATION
5391,0,-399.728,0,ASSOCIATION
5392,0,-354.701,8,ASSOCIATION
5393,0,-289.693,9,ASSOCIATION
5394,0,-204.514,4,ASSOCIATION
5395,0,-395.879,0,ASSOCIATION
5396,0,-397.326,0,ASSOCIATION
5397,0,-386.267,0,ASSOCIATION
5398,0,-375.273,0,ASSOCIATION
5399,0,-367.596,8,ASSOCIATION
5400,0,-220.72,4,ASSOCIATION
5401,0,-351.587,8,ASSOCIATION
5402,0,-360.584,8,ASSOCIATION
5403,0,-226.521,4,ASSOCIATION
5404,0,-320.735,9,ASSOCIATION
5405,0,-97.8375,2,ASSOCIATION
5406,0,-281.209,9,ASSOCIATION
5407,0,-313.984,9,ASSOCIATION
5408,0,-424.242,3,ASSOCIATION
5409,0,-206.824,4,ASSOCIATION
5410,0,-62.0691,2,ASSOCIATION
5411,0,-215.584,4,ASSOCIATION
5412,0,-439.02,3,ASSOCIATION
5413,0,-365.97,8,ASSOCIATION
5414,0,-323.138,9,ASSOCIATION
5415,0,0,1,ASSOCIATION
5416,0,-278.727,9,ASSOCIATION
5417,0,-272.788,9,ASSOCIATION
5418,0,-218.463,4,ASSOCIATION
5419,0,-386.932,0,ASSOCIATION
5420,0,-445.067,3,ASSOCIATION
5421,0,-395.93,0,ASSOCIATION
5422,0,-363.607,8,ASSOCIATION
5423,0,-278.934,9,ASSOCIATION
5424,0,-370.137,8,ASSOCIATION
5425,0,-410.457,0,ASSOCIATION
5426,0,0,1,ASSOCIATION
5427,0,-76.6437,2,ASSOCIATION
5428,0,-113.216,2,ASSOCIATION
5429,0,0,1,ASSOCIATION
5430,0,-238.414,4,ASSOCIATION
5431,0,-361.631,8,ASSOCIATION
5432,0,-65.7678,2,ASSOCIATION
5433,0,-192.322,7,ASSOCIATION
5434,0,-223.25,4,ASSOCIATION
5435,0,0,1,ASSOCIATION
5436,0,-399.514,0,ASSOCIATION
5437,0,-379.471,0,ASSOCIATION
5438,0,-183.89,7,ASSOCIATION
5439,0,-379.502,0,ASSOCIATION
5440,0,-423.702,3,ASSOCIATION
5441,0,0,1,ASSOCIATION
5442,0,-265.139,4,ASSOCIATION
5443,0,-365.16,8,ASSOCIATION
5444,0,-263.655,4,ASSOCIATION
5445,0,-309.071,9,ASSOCIATION
5446,0,-258.37,4,ASSOCIATION
5447,0,-344.665,8,ASSOCIATION
5448,0,0,1,ASSOCIATION
5449,0,-375.098,0,ASSOCIATION
5450,0,-160.916,7,ASSOCIATION
5451,0,0,1,ASSOCIATION
5452,0,-364.799,8,ASSOCIATION
5453,0,-29.0973,1,ASSOCIATION
5454,0,-203.367,4,ASSOCIATION
5455,0,-181.379,7,ASSOCIATION
5456,0,-341.704,8,ASSOCIATION
5457,0,-381.94,0,ASSOCIATION
5458,0,-244.431,4,ASSOCIATION
5459,0,-389.044,0,ASSOCIATION
5460,0,-361.302,8,ASSOCIATION
5461,0,-399.013,0,ASSOCIATION
5462,0,-248.845,4,ASSOCIATION
5463,0,-350.51,8,ASSOCIATION
5464,0,-105.715,2,ASSOCIATION
5465,0,-55.0322,2,ASSOCIATION
5466,0,-335.739,8,ASSOCIATION
5467,0,0,1,ASSOCIATION
5468,0,0,1,ASSOCIATION
5469,0,-74.8857,2,ASSOCIATION
5470,0,-311.98,9,ASSOCIATION
5471,0,-251.619,4,ASSOCIATION
5472,0,-306.926,9,ASSOCIATION
5473,0,-102.178,2,ASSOCIATION
5474,0,-327.212,8,ASSOCIATION
5475,0,-345.234,8,ASSOCIATION
5476,0,-360.849,8,ASSOCIATION
5477,0,-396.545,0,ASSOCIATION
5478,0,-394.508,0,ASSOCIATION
5479,0,-291.23,9,ASSOCIATION
5480,0,-436.282,3,ASSOCIATION
5481,0,-424.911,3,ASSOCIATION
5482,0,-126.042,7,ASSOCIATION
5483,0,-280.989,9,ASSOCIATION
5484,0,-258.071,4,ASSOCIATION
5485,0,-312.264,9,ASSOCIATION
5486,0,-347.894,8,ASSOCIATION
5487,0,-391.868,0,ASSOCIATION
5488,0,-341.535,8,ASSOCIATION
5489,0,-408.46,0,ASSOCIATION
5490,0,-418.292,3,ASSOCIATION
5491,0,-278.679,9,ASSOCIATION
5492,0,-0.00942407,1,ASSOCIATION
5493,0,-158.058,7,ASSOCIATION
5494,0,-367.906,8,ASSOCIATION
5495,0,-138.399,7,ASSOCIATION
5496,0,-374.96,0,ASSOCIATION
5497,0,0,1,ASSOCIATION
5498,0,-427.371,3,ASSOCIATION
5499,0,-360.91,8,ASSOCIATION
5500,0,-350.51,8,ASSOCIATION
5501,0,-404.504,0,ASSOCIATION
5502,0,0,1,ASSOCIATION
5503,0,0,1,ASSOCIATION
5504,0,-419.99,3,ASSOCIATION
5505,0,-323.107,9,ASSOCIATION
5506,0,-276.962,9,ASSOCIATION
5507,0,0,1,ASSOCIATION
5508,0,-414.524,3,ASSOCIATION
5509,0,-357.304,8,ASSOCIATION
5510,0,-309.935,9,ASSOCIATION
5511,0,-333.018,8,ASSOCIATION
5512,0,0,1,ASSOCIATION
5513,0,-359.398,8,ASSOCIATION
5514,0,-310.346,9,ASSOCIATION
5515,0,-368.793,8,ASSOCIATION
5516,0,-256.398,4,ASSOCIATION
5517,0,-380.306,0,ASSOCIATION
5518,0,-311.651,9,ASSOCIATION
5519,0,0,1,ASSOCIATION
5520,0,-300.219,9,ASSOCIATION
5521,0,-376.78,0,ASSOCIATION
5522,0,-399.127,0,ASSOCIATION
5523,0,-331.015,8,ASSOCIATION
5524,0,-350.51,8,ASSOCIATION
5525,0,-325.638,8,ASSOCIATION
5526,0,-362.595,8,ASSOCIATION
5527,0,-350.51,8,ASSOCIATION
5528,0,-291.64,9,ASSOCIATION
5529,0,-355.046,8,ASSOCIATION
5530,0,-160.99,7,ASSOCIATION
5531,0,-388.617,0,ASSOCIATION
5532,0,-365.557,8,ASSOCIATION
5533,0,-360.809,8,ASSOCIATION
5534,0,-15.9878,1,ASSOCIATION
5535,0,-280.07,9,ASSOCIATION
5536,0,-361.919,8,ASSOCIATION
5537,0,-359.73,8,ASSOCIATION
5538,0,-354.649,8,ASSOCIATION
5539,0,-284.514,9,ASSOCIATION
5540,0,-354.13,8,ASSOCIATION
5541,0,0,1,ASSOCIATION
5542,0,-160.102,7,ASSOCIATION
5543,0,0,1,ASSOCIATION
5544,0,-364.818,8,ASSOCIATION
5545,0,-293.579,9,ASSOCIATION
5546,0,-379.724,0,ASSOCIATION
5547,0,-332.617,8,ASSOCIATION
5548,0,-399.853,0,ASSOCIATION
5549,0,0,1,ASSOCIATION
5550,0,-367.739,8,ASSOCIATION
5551,0,0,1,ASSOCIATION
5552,0,-322.429,9,ASSOCIATION
5553,0,-242.273,4,ASSOCIATION
5554,0,-30.8894,1,ASSOCIATION
5555,0,-64.6836,2,ASSOCIATION
5556,0,-267.473,4,ASSOCIATION
5557,0,-405.624,0,ASSOCIATION
5558,0,-410.177,0,ASSOCIATION
5559,0,-384.106,0,ASSOCIATION
5560,0,-449.488,3,ASSOCIATION
5561,0,0,1,ASSOCIATION
5562,0,-379.218,0,ASSOCIATION
5563,0,-332.012,8,ASSOCIATION
5564,0,0,1,ASSOCIATION
5565,0,-286.06,9,ASSOCIATION
5566,0,-391.925,0,ASSOCIATION
5567,0,-278.676,9,ASSOCIATION
5568,0,-208.862,4,ASSOCIATION
5569,0,-53.6614,2,ASSOCIATION
5570,0,0,1,ASSOCIATION
5571,0,-246.646,4,ASSOCIATION
5572,0,-384.42,0,ASSOCIATION
5573,0,0,1,ASSOCIATION
5574,0,-103.809,2,ASSOCIATION
5575,0,-187.651,7,ASSOCIATION
5576,0,-371.077,8,ASSOCIATION
5577,0,-369.655,8,ASSOCIATION
5578,0,-392.887,0,ASSOCIATION
5579,0,-432.12,3,ASSOCIATION
5580,0,-352.513,8,ASSOCIATION
5581,0,-404.823,0,ASSOCIATION
5582,0,-10.5258,1,ASSOCIATION
5583,0,-321.279,9,ASSOCIATION
5584,0,-370.661,8,ASSOCIATION
5585,0,-346.947,8,ASSOCIATION
5586,0,-375.516,0,ASSOCIATION
5587,0,-344.176,8,ASSOCIATION
5588,0,-174.616,7,ASSOCIATION
5589,0,-215.828,4,ASSOCIATION
5590,0,-0.0540607,1,ASSOCIATION
5591,0,-326.746,8,ASSOCIATION
5592,0,-302.905,9,ASSOCIATION
5593,0,-462.755,5,ASSOCIATION
5594,0,0,1,ASSOCIATION
5595,0,-84.0479,2,ASSOCIATION
5596,0,0,1,ASSOCIATION
5597,0,-200.739,4,ASSOCIATION
5598,0,-362.721,8,ASSOCIATION
5599,0,-444.769,3,ASSOCIATION
5600,0,-267.144,4,ASSOCIATION
5601,0,-209.82,4,ASSOCIATION
5602,0,-351.587,8,ASSOCIATION
5603,0,-117.152,2,ASSOCIATION
5604,0,-350.51,8,ASSOCIATION
5605,0,-336.492,8,ASSOCIATION
5606,0,-356.382,8,ASSOCIATION
5607,0,-360.813,8,ASSOCIATION
5608,0,-396.635,0,ASSOCIATION
5609,0,-362.967,8,ASSOCIATION
5610,0,-350.51,8,ASSOCIATION
5611,0,-124.308,7,ASSOCIATION
5612,0,-351.136,8,ASSOCIATION
5613,0,-397.281,0,ASSOCIATION
5614,0,-375.544,0,ASSOCIATION
5615,0,-394.946,0,ASSOCIATION
5616,0,-363.165,8,ASSOCIATION
5617,0,-109.703,2,ASSOCIATION
5618,0,-433.854,3,ASSOCIATION
5619,0,-281.635,9,ASSOCIATION
5620,0,-126.08,7,ASSOCIATION
5621,0,-237.3,4,ASSOCIATION
5622,0,0,1,ASSOCIATION
5623,0,-350.51,8,ASSOCIATION
5624,0,0,1,ASSOCIATION
5625,0,-153.554,7,ASSOCIATION
5626,0,-313.988,9,ASSOCIATION
5627,0,-173.732,7,ASSOCIATION
5628,0,-381.631,0,ASSOCIATION
5629,0,-234.539,4,ASSOCIATION
5630,0,-379.057,0,ASSOCIATION
5631,0,0,1,ASSOCIATION
5632,0,-403.38,0,ASSOCIATION
5633,0,-129.057,7,ASSOCIATION
5634,0,-370.739,8,ASSOCIATION
5635,0,-391.228,0,ASSOCIATION
5636,0,0,1,ASSOCIATION
5637,0,-337.437,8,ASSOCIATION
5638,0,-353.311,8,ASSOCIATION
5639,0,-357.458,8,ASSOCIATION
5640,0,-312.872,9,ASSOCIATION
5641,0,-238.024,4,ASSOCIATION
5642,0,-193.363,7,ASSOCIATION
5643,0,-173.196,7,ASSOCIATION
5644,0,-266.455,4,ASSOCIATION
5645,0,-399.293,0,ASSOCIATION
5646,0,-374.719,0,ASSOCIATION
5647,0,-314.475,9,ASSOCIATION
5648,0,-295.147,9,ASSOCIATION
5649,0,-277.249,9,ASSOCIATION
5650,0,-242.482,4,ASSOCIATION
5651,0,-241.746,4,ASSOCIATION
5652,0,-373.12,0,ASSOCIATION
5653,0,-350.51,8,ASSOCIATION
5654,0,-365.834,8,ASSOCIATION
5655,0,0,1,ASSOCIATION
5656,0,-353.248,8,ASSOCIATION
5657,0,-352.561,8,ASSOCIATION
5658,0,-399.659,0,ASSOCIATION
5659,0,-272.384,9,ASSOCIATION
5660,0,-372.607,0,ASSOCIATION
5661,0,0,1,ASSOCIATION
5662,0,-0.00901381,1,ASSOCIATION
5663,0,-353.175,8,ASSOCIATION
5664,0,-431.156,3,ASSOCIATION
5665,0,-382.374,0,ASSOCIATION
5666,0,-381.809,0,ASSOCIATION
5667,0,-450.364,3,ASSOCIATION
5668,0,-421.812,3,ASSOCIATION
5669,0,-289.513,9,ASSOCIATION
5670,0,-369.772,8,ASSOCIATION
5671,0,-376.073,0,ASSOCIATION
5672,0,-152.823,7,ASSOCIATION
5673,0,-313.958,9,ASSOCIATION
5674,0,-359.83,8,ASSOCIATION
5675,0,-401.696,0,ASSOCIATION
5676,0,-34.5891,1,ASSOCIATION
5677,0,-421.936,3,ASSOCIATION
5678,0,-425.931,3,ASSOCIATION
5679,0,-403.568,0,ASSOCIATION
5680,0,-285.277,9,ASSOCIATION
5681,0,-332.795,8,ASSOCIATION
5682,0,-379.968,0,ASSOCIATION
5683,0,-422.445,3,ASSOCIATION
5684,0,-169.709,7,ASSOCIATION
5685,0,-42.2372,2,ASSOCIATION
5686,0,-280.535,9,ASSOCIATION
5687,0,-371.564,0,ASSOCIATION
5688,0,0,1,ASSOCIATION
5689,0,0,1,ASSOCIATION
5690,0,-243.523,4,ASSOCIATION
5691,0,0,1,ASSOCIATION
5692,0,-248.794,4,ASSOCIATION
5693,0,-365.816,8,ASSOCIATION
5694,0,-356.213,8,ASSOCIATION
5695,0,-241.79,4,ASSOCIATION
5696,0,-399.147,0,ASSOCIATION
5697,0,-126.063,7,ASSOCIATION
5698,0,-294.107,9,ASSOCIATION
5699,0,-223.969,4,ASSOCIATION
5700,0,-419.997,3,ASSOCIATION
5701,0,-155.613,7,ASSOCIATION
5702,0,-214.83,4,ASSOCIATION
5703,0,-303.214,9,ASSOCIATION
5704,0,-256.393,4,ASSOCIATION
5705,0,-308.688,9,ASSOCIATION
5706,0,-33.3713,1,ASSOCIATION
5707,0,-384.566,0,ASSOCIATION
5708,0,0,1,ASSOCIATION
5709,0,-348.336,8,ASSOCIATION
5710,0,-419.331,3,ASSOCIATION
5711,0,-330.573,8,ASSOCIATION
5712,0,-375.234,0,ASSOCIATION
5713,0,-0.0117122,1,ASSOCIATION
5714,0,-329.275,8,ASSOCIATION
5715,0,-222.142,4,ASSOCIATION
5716,0,-291.52,9,ASSOCIATION
5717,0,-338.199,8,ASSOCIATION
5718,0,-332.55,8,ASSOCIATION
5719,0,-337.702,8,ASSOCIATION
5720,0,-399.127,0,ASSOCIATION
5721,0,-213.281,4,ASSOCIATION
5722,0,-415.076,3,ASSOCIATION
5723,0,-350.51,8,ASSOCIATION
5724,0,-401.678,0,ASSOCIATION
5725,0,-356.453,8,ASSOCIATION
5726,0,-419.589,3,ASSOCIATION
5727,0,-383.962,0,ASSOCIATION
5728,0,0,1,ASSOCIATION
5729,0,-188.115,7,ASSOCIATION
5730,0,-403.426,0,ASSOCIATION
5731,0,-164.596,7,ASSOCIATION
5732,0,-297.08,9,ASSOCIATION
5733,0,-367.513,8,ASSOCIATION
5734,0,-342.919,8,ASSOCIATION
5735,0,-386.229,0,ASSOCIATION
5736,0,-444.198,3,ASSOCIATION
5737,0,-325.453,8,ASSOCIATION
5738,0,0,1,ASSOCIATION
5739,0,-393.628,0,ASSOCIATION
5740,0,-240.348,4,ASSOCIATION
5741,0,0,1,ASSOCIATION
5742,0,-350.51,8,ASSOCIATION
5743,0,-347.773,8,ASSOCIATION
5744,0,-350.51,8,ASSOCIATION
5745,0,-307.697,9,ASSOCIATION
5746,0,0,1,ASSOCIATION
5747,0,-173.047,7,ASSOCIATION
5748,0,-445.826,3,ASSOCIATION
5749,0,-399.279,0,ASSOCIATION
5750,0,-358.504,8,ASSOCIATION
5751,0,-430.227,3,ASSOCIATION
5752,0,-404.355,0,ASSOCIATION
5753,0,-383.509,0,ASSOCIATION
5754,0,-404.51,0,ASSOCIATION
5755,0,0,1,ASSOCIATION
5756,0,-398.179,0,ASSOCIATION
5757,0,-446.513,3,ASSOCIATION
5758,0,-298.557,9,ASSOCIATION
5759,0,-312.784,9,ASSOCIATION
5760,0,-211.038,4,ASSOCIATION
5761,0,-337.216,8,ASSOCIATION
5762,0,-350.51,8,ASSOCIATION
5763,0,-241.126,4,ASSOCIATION
5764,0,-146.294,7,ASSOCIATION
5765,0,-390.251,0,ASSOCIATION
5766,0,-211.376,4,ASSOCIATION
5767,0,-456.759,5,ASSOCIATION
5768,0,-441.286,3,ASSOCIATION
5769,0,-450.495,3,ASSOCIATION
5770,0,0,1,ASSOCIATION
5771,0,-29.8951,1,ASSOCIATION
5772,0,-362.826,8,ASSOCIATION
5773,0,-35.8421,1,ASSOCIATION
5774,0,-179.957,7,ASSOCIATION
5775,0,-414.117,3,ASSOCIATION
5776,0,-386.219,0,ASSOCIATION
5777,0,0,1,ASSOCIATION
5778,0,-352.692,8,ASSOCIATION
5779,0,-359.839,8,ASSOCIATION
5780,0,-27.02,1,ASSOCIATION
5781,0,-208.395,4,ASSOCIATION
5782,0,-427.165,3,ASSOCIATION
5783,0,-205.331,4,ASSOCIATION
5784,0,-393.589,0,ASSOCIATION
5785,0,-355.34,8,ASSOCIATION
5786,0,-231.412,4,ASSOCIATION
5787,0,-0.0920795,1,ASSOCIATION
5788,0,-124.554,7,ASSOCIATION
5789,0,-285.303,9,ASSOCIATION
5790,0,-414.608,3,ASSOCIATION
5791,0,-371.586,0,ASSOCIATION
5792,0,-410.528,0,ASSOCIATION
5793,0,-350.51,8,ASSOCIATION
5794,0,-361.489,8,ASSOCIATION
5795,0,-1.07422,1,ASSOCIATION
5796,0,-234.858,4,ASSOCIATION
5797,0,-350.656,8,ASSOCIATION
5798,0,-303.899,9,ASSOCIATION
5799,0,-377.293,0,ASSOCIATION
5800,0,-121.926,7,ASSOCIATION
5801,0,-298.697,9,ASSOCIATION
5802,0,-299.659,9,ASSOCIATION
5803,0,-314.078,9,ASSOCIATION
5804,0,0,1,ASSOCIATION
5805,0,-418.31,3,ASSOCIATION
5806,0,-396.034,0,ASSOCIATION
5807,0,-370.871,8,ASSOCIATION
5808,0,-125.096,7,ASSOCIATION
5809,0,-184.134,7,ASSOCIATION
5810,0,-435.312,3,ASSOCIATION
5811,0,-360.007,8,ASSOCIATION
5812,0,-225.266,4,ASSOCIATION
5813,0,0,1,ASSOCIATION
5814,0,0,1,ASSOCIATION
5815,0,-24.6416,1,ASSOCIATION
5816,0,-393.798,0,ASSOCIATION
5817,0,-420.13,3,ASSOCIATION
5818,0,-307.444,9,ASSOCIATION
5819,0,-382.716,0,ASSOCIATION
5820,0,-399.127,0,ASSOCIATION
5821,0,-373.375,0,ASSOCIATION
5822,0,-387.024,0,ASSOCIATION
5823,0,-123.849,7,ASSOCIATION
5824,0,-418.826,3,ASSOCIATION
5825,0,0,1,ASSOCIATION
5826,0,-45.6881,2,ASSOCIATION
5827,0,-371.61,0,ASSOCIATION
5828,0,-390.832,0,ASSOCIATION
5829,0,-353.437,8,ASSOCIATION
5830,0,0,1,ASSOCIATION
5831,0,0,1,ASSOCIATION
5832,0,-366.66,8,ASSOCIATION
5833,0,0,1,ASSOCIATION
5834,0,-425.043,3,ASSOCIATION
5835,0,-149.83,7,ASSOCIATION
5836,0,-343.536,8,ASSOCIATION
5837,0,-264.56,4,ASSOCIATION
5838,0,0,1,ASSOCIATION
5839,0,-380.991,0,ASSOCIATION
5840,0,-283.779,9,ASSOCIATION
5841,0,0,1,ASSOCIATION
5842,0,-348.869,8,ASSOCIATION
5843,0,-73.8603,2,ASSOCIATION
5844,0,0,1,ASSOCIATION
5845,0,-340.091,8,ASSOCIATION
5846,0,-399.127,0,ASSOCIATION
5847,0,-290.57,9,ASSOCIATION
5848,0,0,1,ASSOCIATION
5849,0,-311.188,9,ASSOCIATION
5850,0,0,1,ASSOCIATION
5851,0,-368.722,8,ASSOCIATION
5852,0,-81.9769,2,ASSOCIATION
5853,0,0,1,ASSOCIATION
5854,0,-436.44,3,ASSOCIATION
5855,0,-424.081,3,ASSOCIATION
5856,0,-357.461,8,ASSOCIATION
5857,0,-8.21802,1,ASSOCIATION
5858,0,0,1,ASSOCIATION
5859,0,-444.145,3,ASSOCIATION
5860,0,-10.5412,1,ASSOCIATION
5861,0,-248.459,4,ASSOCIATION
5862,0,-360.207,8,ASSOCIATION
5863,0,-321.539,9,ASSOCIATION
5864,0,-399.127,0,ASSOCIATION
5865,0,0,1,ASSOCIATION
5866,0,-217.073,4,ASSOCIATION
5867,0,-74.2035,2,ASSOCIATION
5868,0,-249.492,4,ASSOCIATION
5869,0,-241.722,4,ASSOCIATION
5870,0,-445.025,3,ASSOCIATION
5871,0,-279.572,9,ASSOCIATION
5872,0,-410.662,0,ASSOCIATION
5873,0,-364.296,8,ASSOCIATION
5874,0,-303.616,9,ASSOCIATION
5875,0,-314.688,9,ASSOCIATION
5876,0,-297.955,9,ASSOCIATION
5877,0,-302.897,9,ASSOCIATION
5878,0,0,1,ASSOCIATION
5879,0,-266.215,4,ASSOCIATION
5880,0,-309.086,9,ASSOCIATION
5881,0,-412.468,3,ASSOCIATION
5882,0,-75.8975,2,ASSOCIATION
5883,0,-118.391,2,ASSOCIATION
5884,0,-357.207,8,ASSOCIATION
5885,0,-380.71,0,ASSOCIATION
5886,0,-218.332,4,ASSOCIATION
5887,0,-259.572,4,ASSOCIATION
5888,0,-440.923,3,ASSOCIATION
5889,0,-435.928,3,ASSOCIATION
5890,0,0,1,ASSOCIATION
5891,0,0,1,ASSOCIATION
5892,0,-241.787,4,ASSOCIATION
5893,0,-313.984,9,ASSOCIATION
5894,0,-339.436,8,ASSOCIATION
5895,0,-302.607,9,ASSOCIATION
5896,0,-361.411,8,ASSOCIATION
5897,0,0,1,ASSOCIATION
5898,0,0,1,ASSOCIATION
5899,0,-245.661,4,ASSOCIATION
5900,0,0,1,ASSOCIATION
5901,0,-352.966,8,ASSOCIATION
5902,0,-333.494,8,ASSOCIATION
5903,0,-27.1898,1,ASSOCIATION
5904,0,0,1,ASSOCIATION
5905,0,-418.825,3,ASSOCIATION
5906,0,-313.984,9,ASSOCIATION
5907,0,-385.537,0,ASSOCIATION
5908,0,-313.984,9,ASSOCIATION
5909,0,0,1,ASSOCIATION
5910,0,-205.6,4,ASSOCIATION
5911,0,-444.768,3,ASSOCIATION
5912,0,-432.924,3,ASSOCIATION
5913,0,-202.985,4,ASSOCIATION
5914,0,-406.247,0,ASSOCIATION
5915,0,-320.098,9,ASSOCIATION
5916,0,-347.909,8,ASSOCIATION
5917,0,-379.927,0,ASSOCIATION
5918,0,-392.017,0,ASSOCIATION
5919,0,-356.537,8,ASSOCIATION
5920,0,-352.371,8,ASSOCIATION
5921,0,-307.669,9,ASSOCIATION
5922,0,-326.71,8,ASSOCIATION
5923,0,0,1,ASSOCIATION
5924,0,-155.299,7,ASSOCIATION
5925,0,-321.558,9,ASSOCIATION
5926,0,-297.085,9,ASSOCIATION
5927,0,-434.292,3,ASSOCIATION
5928,0,-217.441,4,ASSOCIATION
5929,0,-140.85,7,ASSOCIATION
5930,0,-452.304,3,ASSOCIATION
5931,0,-245.31,4,ASSOCIATION
5932,0,-411.377,0,ASSOCIATION
5933,0,-404.954,0,ASSOCIATION
5934,0,-10.5514,1,ASSOCIATION
5935,0,-280.346,9,ASSOCIATION
5936,0,-324.758,9,ASSOCIATION
5937,0,-362.588,8,ASSOCIATION
5938,0,0,1,ASSOCIATION
5939,0,-419.722,3,ASSOCIATION
5940,0,0,1,ASSOCIATION
5941,0,-291.383,9,ASSOCIATION
5942,0,0,1,ASSOCIATION
5943,0,-262.873,4,ASSOCIATION
5944,0,-375.358,0,ASSOCIATION
5945,0,-323.688,9,ASSOCIATION
5946,0,-166.236,7,ASSOCIATION
5947,0,-352.104,8,ASSOCIATION
5948,0,-238.862,4,ASSOCIATION
5949,0,-336.485,8,ASSOCIATION
5950,0,-309.993,9,ASSOCIATION
5951,0,-327.683,8,ASSOCIATION
5952,0,-361.03,8,ASSOCIATION
5953,0,-399.001,0,ASSOCIATION
5954,0,-16.4833,1,ASSOCIATION
5955,0,-169.114,7,ASSOCIATION
5956,0,-355.353,8,ASSOCIATION
5957,0,-363.829,8,ASSOCIATION
5958,0,-369.878,8,ASSOCIATION
5959,0,-302.622,9,ASSOCIATION
5960,0,-387.922,0,ASSOCIATION
5961,0,-309.334,9,ASSOCIATION
5962,0,-340.114,8,ASSOCIATION
5963,0,-416.932,3,ASSOCIATION
5964,0,-399.127,0,ASSOCIATION
5965,0,-230.239,4,ASSOCIATION
5966,0,-413.274,3,ASSOCIATION
5967,0,-207.599,4,ASSOCIATION
5968,0,-399.127,0,ASSOCIATION
5969,0,-281.266,9,ASSOCIATION
5970,0,-341.063,8,ASSOCIATION
5971,0,-374.932,0,ASSOCIATION
5972,0,-380.676,0,ASSOCIATION
5973,0,0,1,ASSOCIATION
5974,0,-356.634,8,ASSOCIATION
5975,0,-323.415,9,ASSOCIATION
5976,0,-286.017,9,ASSOCIATION
5977,0,-409.846,0,ASSOCIATION
5978,0,-358.016,8,ASSOCIATION
5979,0,-293.005,9,ASSOCIATION
5980,0,-313.984,9,ASSOCIATION
5981,0,-440.036,3,ASSOCIATION
5982,0,-273.737,9,ASSOCIATION
5983,0,-371.761,0,ASSOCIATION
5984,0,-257.374,4,ASSOCIATION
5985,0,-313.984,9,ASSOCIATION
5986,0,-399.243,0,ASSOCIATION
5987,0,-391.377,0,ASSOCIATION
5988,0,-391.482,0,ASSOCIATION
5989,0,-377.435,0,ASSOCIATION
5990,0,-395.115,0,ASSOCIATION
5991,0,-271.29,9,ASSOCIATION
5992,0,-371.587,0,ASSOCIATION
5993,0,-136.752,7,ASSOCIATION
5994,0,-55.6931,2,ASSOCIATION
5995,0,-217.64,4,ASSOCIATION
5996,0,-350.51,8,ASSOCIATION
5997,0,-388.179,0,ASSOCIATION
5998,0,-363.959,8,ASSOCIATION
5999,0,-296.325,9,ASSOCIATION
6000,0,0,1,ASSOCIATION
6001,0,0,1,ASSOCIATION
6002,0,0,1,ASSOCIATION
6003,0,0,1,ASSOCIATION
6004,0,0,1,ASSOCIATION
6005,0,0,1,ASSOCIATION
6006,0,0,1,ASSOCIATION
6007,0,0,1,ASSOCIATION
6008,0,0,1,ASSOCIATION
6009,0,0,1,ASSOCIATION
6010,0,0,1,ASSOCIATION
6011,0,0,1,ASSOCIATION
6012,0,0,1,ASSOCIATION
6013,0,-0.05094,1,ASSOCIATION
6014,0,0,1,ASSOCIATION
6015,0,0,1,ASSOCIATION
6016,0,0,1,ASSOCIATION
6017,0,0,1,ASSOCIATION
6018,0,0,1,ASSOCIATION
6019,0,0,1,ASSOCIATION
6020,0,0,1,ASSOCIATION
6021,0,0,1,ASSOCIATION
6022,0,0,1,ASSOCIATION
6023,0,0,1,ASSOCIATION
6024,0,0,1,ASSOCIATION
6025,0,0,1,ASSOCIATION
6026,0,0,1,ASSOCIATION
6027,0,0,1,ASSOCIATION
6028,0,0,1,ASSOCIATION
6029,0,0,1,ASSOCIATION
6030,0,0,1,ASSOCIATION
6031,0,0,1,ASSOCIATION
6032,0,0,1,ASSOCIATION
6033,0,0,1,ASSOCIATION
6034,0,0,1,ASSOCIATION
6035,0,0,1,ASSOCIATION
6036,0,0,1,ASSOCIATION
6037,0,0,1,ASSOCIATION
6038,0,0,1,ASSOCIATION
6039,0,0,1,ASSOCIATION
6040,0,0,1,ASSOCIATION
6041,0,0,1,ASSOCIATION
6042,0,0,1,ASSOCIATION
6043,0,0,1,ASSOCIATION
6044,0,0,1,ASSOCIATION
6045,0,0,1,ASSOCIATION
6046,0,0,1,ASSOCIATION
6047,0,0,1,ASSOCIATION
6048,0,0,1,ASSOCIATION
6049,0,0,1,ASSOCIATION
6050,0,0,1,ASSOCIATION
6051,0,0,1,ASSOCIATION
6052,0,0,1,ASSOCIATION
6053,0,0,1,ASSOCIATION
6054,0,0,1,ASSOCIATION
6055,0,0,1,ASSOCIATION
6056,0,0,1,ASSOCIATION
6057,0,0,1,ASSOCIATION
6058,0,0,1,ASSOCIATION
6059,0,0,1,ASSOCIATION
6060,0,0,1,ASSOCIATION
6061,0,0,1,ASSOCIATION
6062,0,0,1,ASSOCIATION
6063,0,0,1,ASSOCIATION
6064,0,0,1,ASSOCIATION
6065,0,0,1,ASSOCIATION
6066,0,0,1,ASSOCIATION
6067,0,0,1,ASSOCIATION
6068,0,0,1,ASSOCIATION
6069,0,0,1,ASSOCIATION
6070,0,0,1,ASSOCIATION
6071,0,0,1,ASSOCIATION
6072,0,0,1,ASSOCIATION
6073,0,0,1,ASSOCIATION
6074,0,0,1,ASSOCIATION
6075,0,0,1,ASSOCIATION
6076,0,0,1,ASSOCIATION
6077,0,0,1,ASSOCIATION
6078,0,0,1,ASSOCIATION
6079,0,0,1,ASSOCIATION
6080,0,0,1,ASSOCIATION
6081,0,0,1,ASSOCIATION
6082,0,0,1,ASSOCIATION
6083,0,0,1,ASSOCIATION
6084,0,0,1,ASSOCIATION
6085,0,0,1,ASSOCIATION
6086,0,0,1,ASSOCIATION
6087,0,0,1,ASSOCIATION
6088,0,0,1,ASSOCIATION
6089,0,0,1,ASSOCIATION
6090,0,0,1,ASSOCIATION
6091,0,0,1,ASSOCIATION
6092,0,0,1,ASSOCIATION
6093,0,0,1,ASSOCIATION
6094,0,0,1,ASSOCIATION
6095,0,0,1,ASSOCIATION
6096,0,0,1,ASSOCIATION
6097,0,0,1,ASSOCIATION
6098,0,0,1,ASSOCIATION
6099,0,0,1,ASSOCIATION
6100,0,0,1,ASSOCIATION
6101,0,0,1,ASSOCIATION
6102,0,0,1,ASSOCIATION
6103,0,0,1,ASSOCIATION
6104,0,0,1,ASSOCIATION
6105,0,0,1,ASSOCIATION
6106,0,0,1,ASSOCIATION
6107,0,0,1,ASSOCIATION
6108,0,0,1,ASSOCIATION
6109,0,0,1,ASSOCIATION
6110,0,0,1,ASSOCIATION
6111,0,0,1,ASSOCIATION
6112,0,0,1,ASSOCIATION
6113,0,0,1,ASSOCIATION
6114,0,0,1,ASSOCIATION
6115,0,0,1,ASSOCIATION
6116,0,0,1,ASSOCIATION
6117,0,0,1,ASSOCIATION
6118,0,0,1,ASSOCIATION
6119,0,0,1,ASSOCIATION
6120,0,0,1,ASSOCIATION
6121,0,0,1,ASSOCIATION
6122,0,0,1,ASSOCIATION
6123,0,0,1,ASSOCIATION
6124,0,0,1,ASSOCIATION
6125,0,0,1,ASSOCIATION
6126,0,0,1,ASSOCIATION
6127,0,0,1,ASSOCIATION
6128,0,0,1,ASSOCIATION
6129,0,0,1,ASSOCIATION
6130,0,0,1,ASSOCIATION
6131,0,0,1,ASSOCIATION
6132,0,0,1,ASSOCIATION
6133,0,0,1,ASSOCIATION
6134,0,0,1,ASSOCIATION
6135,0,0,1,ASSOCIATION
6136,0,0,1,ASSOCIATION
6137,0,0,1,ASSOCIATION
6138,0,0,1,ASSOCIATION
6139,0,0,1,ASSOCIATION
6140,0,0,1,ASSOCIATION
6141,0,0,1,ASSOCIATION
6142,0,0,1,ASSOCIATION
6143,0,0,1,ASSOCIATION
6144,0,0,1,ASSOCIATION
6145,0,0,1,ASSOCIATION
6146,0,0,1,ASSOCIATION
6147,0,0,1,ASSOCIATION
6148,0,0,1,ASSOCIATION
6149,0,0,1,ASSOCIATION
6150,0,0,1,ASSOCIATION
6151,0,0,1,ASSOCIATION
6152,0,0,1,ASSOCIATION
6153,0,0,1,ASSOCIATION
6154,0,0,1,ASSOCIATION
6155,0,0,1,ASSOCIATION
6156,0,0,1,ASSOCIATION
6157,0,0,1,ASSOCIATION
6158,0,0,1,ASSOCIATION
6159,0,0,1,ASSOCIATION
6160,0,0,1,ASSOCIATION
6161,0,0,1,ASSOCIATION
6162,0,0,1,ASSOCIATION
6163,0,0,1,ASSOCIATION
6164,0,0,1,ASSOCIATION
6165,0,0,1,ASSOCIATION
6166,0,0,1,ASSOCIATION
6167,0,0,1,ASSOCIATION
6168,0,0,1,ASSOCIATION
6169,0,0,1,ASSOCIATION
6170,0,0,1,ASSOCIATION
6171,0,0,1,ASSOCIATION
6172,0,0,1,ASSOCIATION
6173,0,0,1,ASSOCIATION
6174,0,0,1,ASSOCIATION
6175,0,0,1,ASSOCIATION
6176,0,0,1,ASSOCIATION
6177,0,0,1,ASSOCIATION
6178,0,0,1,ASSOCIATION
6179,0,0,1,ASSOCIATION
6180,0,0,1,ASSOCIATION
6181,0,0,1,ASSOCIATION
6182,0,0,1,ASSOCIATION
6183,0,0,1,ASSOCIATION
6184,0,0,1,ASSOCIATION
6185,0,0,1,ASSOCIATION
6186,0,0,1,ASSOCIATION
6187,0,0,1,ASSOCIATION
6188,0,0,1,ASSOCIATION
6189,0,0,1,ASSOCIATION
6190,0,0,1,ASSOCIATION
6191,0,0,1,ASSOCIATION
6192,0,0,1,ASSOCIATION
6193,0,0,1,ASSOCIATION
6194,0,0,1,ASSOCIATION
6195,0,0,1,ASSOCIATION
6196,0,0,1,ASSOCIATION
6197,0,0,1,ASSOCIATION
6198,0,0,1,ASSOCIATION
6199,0,0,1,ASSOCIATION
6200,0,0,1,ASSOCIATION
6201,0,0,1,ASSOCIATION
6202,0,0,1,ASSOCIATION
6203,0,0,1,ASSOCIATION
6204,0,0,1,ASSOCIATION
6205,0,0,1,ASSOCIATION
6206,0,0,1,ASSOCIATION
6207,0,0,1,ASSOCIATION
6208,0,0,1,ASSOCIATION
6209,0,0,1,ASSOCIATION
6210,0,0,1,ASSOCIATION
6211,0,0,1,ASSOCIATION
6212,0,0,1,ASSOCIATION
6213,0,0,1,ASSOCIATION
6214,0,0,1,ASSOCIATION
6215,0,0,1,ASSOCIATION
6216,0,0,1,ASSOCIATION
6217,0,0,1,ASSOCIATION
6218,0,0,1,ASSOCIATION
6219,0,0,1,ASSOCIATION
6220,0,0,1,ASSOCIATION
6221,0,0,1,ASSOCIATION
6222,0,0,1,ASSOCIATION
6223,0,0,1,ASSOCIATION
6224,0,0,1,ASSOCIATION
6225,0,0,1,ASSOCIATION
6226,0,0,1,ASSOCIATION
6227,0,0,1,ASSOCIATION
6228,0,0,1,ASSOCIATION
6229,0,0,1,ASSOCIATION
6230,0,0,1,ASSOCIATION
6231,0,0,1,ASSOCIATION
6232,0,0,1,ASSOCIATION
6233,0,0,1,ASSOCIATION
6234,0,0,1,ASSOCIATION
6235,0,0,1,ASSOCIATION
6236,0,0,1,ASSOCIATION
6237,0,0,1,ASSOCIATION
6238,0,0,1,ASSOCIATION
6239,0,0,1,ASSOCIATION
6240,0,0,1,ASSOCIATION
6241,0,0,1,ASSOCIATION
6242,0,0,1,ASSOCIATION
6243,0,0,1,ASSOCIATION
6244,0,0,1,ASSOCIATION
6245,0,0,1,ASSOCIATION
6246,0,0,1,ASSOCIATION
6247,0,0,1,ASSOCIATION
6248,0,0,1,ASSOCIATION
6249,0,0,1,ASSOCIATION
6250,0,0,1,ASSOCIATION
6251,0,0,1,ASSOCIATION
6252,0,0,1,ASSOCIATION
6253,0,0,1,ASSOCIATION
6254,0,0,1,ASSOCIATION
6255,0,0,1,ASSOCIATION
6256,0,0,1,ASSOCIATION
6257,0,0,1,ASSOCIATION
6258,0,0,1,ASSOCIATION
6259,0,0,1,ASSOCIATION
6260,0,0,1,ASSOCIATION
6261,0,0,1,ASSOCIATION
6262,0,0,1,ASSOCIATION
6263,0,0,1,ASSOCIATION
6264,0,0,1,ASSOCIATION
6265,0,0,1,ASSOCIATION
6266,0,0,1,ASSOCIATION
6267,0,0,1,ASSOCIATION
6268,0,0,1,ASSOCIATION
6269,0,0,1,ASSOCIATION
6270,0,0,1,ASSOCIATION
6271,0,0,1,ASSOCIATION
6272,0,0,1,ASSOCIATION
6273,0,0,1,ASSOCIATION
6274,0,0,1,ASSOCIATION
6275,0,0,1,ASSOCIATION
6276,0,0,1,ASSOCIATION
6277,0,0,1,ASSOCIATION
6278,0,0,1,ASSOCIATION
6279,0,0,1,ASSOCIATION
6280,0,0,1,ASSOCIATION
6281,0,0,1,ASSOCIATION
6282,0,0,1,ASSOCIATION
6283,0,0,1,ASSOCIATION
6284,0,0,1,ASSOCIATION
6285,0,0,1,ASSOCIATION
6286,0,0,1,ASSOCIATION
6287,0,0,1,ASSOCIATION
6288,0,0,1,ASSOCIATION
6289,0,0,1,ASSOCIATION
6290,0,0,1,ASSOCIATION
6291,0,0,1,ASSOCIATION
6292,0,0,1,ASSOCIATION
6293,0,0,1,ASSOCIATION
6294,0,0,1,ASSOCIATION
6295,0,0,1,ASSOCIATION
6296,0,0,1,ASSOCIATION
6297,0,0,1,ASSOCIATION
6298,0,0,1,ASSOCIATION
6299,0,0,1,ASSOCIATION
6300,0,0,1,ASSOCIATION
6301,0,0,1,ASSOCIATION
6302,0,0,1,ASSOCIATION
6303,0,0,1,ASSOCIATION
6304,0,0,1,ASSOCIATION
6305,0,0,1,ASSOCIATION
6306,0,0,1,ASSOCIATION
6307,0,0,1,ASSOCIATION
6308,0,0,1,ASSOCIATION
6309,0,0,1,ASSOCIATION
6310,0,0,1,ASSOCIATION
6311,0,0,1,ASSOCIATION
6312,0,0,1,ASSOCIATION
6313,0,0,1,ASSOCIATION
6314,0,0,1,ASSOCIATION
6315,0,0,1,ASSOCIATION
6316,0,0,1,ASSOCIATION
6317,0,0,1,ASSOCIATION
6318,0,0,1,ASSOCIATION
6319,0,0,1,ASSOCIATION
6320,0,0,1,ASSOCIATION
6321,0,0,1,ASSOCIATION
6322,0,0,1,ASSOCIATION
6323,0,0,1,ASSOCIATION
6324,0,0,1,ASSOCIATION
6325,0,0,1,ASSOCIATION
6326,0,0,1,ASSOCIATION
6327,0,0,1,ASSOCIATION
6328,0,0,1,ASSOCIATION
6329,0,0,1,ASSOCIATION
6330,0,0,1,ASSOCIATION
6331,0,0,1,ASSOCIATION
6332,0,0,1,ASSOCIATION
6333,0,0,1,ASSOCIATION
6334,0,0,1,ASSOCIATION
6335,0,0,1,ASSOCIATION
6336,0,0,1,ASSOCIATION
6337,0,0,1,ASSOCIATION
6338,0,0,1,ASSOCIATION
6339,0,0,1,ASSOCIATION
6340,0,0,1,ASSOCIATION
6341,0,0,1,ASSOCIATION
6342,0,0,1,ASSOCIATION
6343,0,0,1,ASSOCIATION
6344,0,0,1,ASSOCIATION
6345,0,0,1,ASSOCIATION
6346,0,0,1,ASSOCIATION
6347,0,0,1,ASSOCIATION
6348,0,0,1,ASSOCIATION
6349,0,0,1,ASSOCIATION
6350,0,0,1,ASSOCIATION
6351,0,0,1,ASSOCIATION
6352,0,0,1,ASSOCIATION
6353,0,0,1,ASSOCIATION
6354,0,0,1,ASSOCIATION
6355,0,0,1,ASSOCIATION
6356,0,0,1,ASSOCIATION
6357,0,0,1,ASSOCIATION
6358,0,0,1,ASSOCIATION
6359,0,0,1,ASSOCIATION
6360,0,0,1,ASSOCIATION
6361,0,0,1,ASSOCIATION
6362,0,0,1,ASSOCIATION
6363,0,0,1,ASSOCIATION
6364,0,0,1,ASSOCIATION
6365,0,0,1,ASSOCIATION
6366,0,0,1,ASSOCIATION
6367,0,0,1,ASSOCIATION
6368,0,0,1,ASSOCIATION
6369,0,0,1,ASSOCIATION
6370,0,0,1,ASSOCIATION
6371,0,0,1,ASSOCIATION
6372,0,0,1,ASSOCIATION
6373,0,0,1,ASSOCIATION
6374,0,0,1,ASSOCIATION
6375,0,0,1,ASSOCIATION
6376,0,0,1,ASSOCIATION
6377,0,0,1,ASSOCIATION
6378,0,0,1,ASSOCIATION
6379,0,0,1,ASSOCIATION
6380,0,0,1,ASSOCIATION
6381,0,0,1,ASSOCIATION
6382,0,0,1,ASSOCIATION
6383,0,0,1,ASSOCIATION
6384,0,0,1,ASSOCIATION
6385,0,0,1,ASSOCIATION
6386,0,0,1,ASSOCIATION
6387,0,0,1,ASSOCIATION
6388,0,0,1,ASSOCIATION
6389,0,0,1,ASSOCIATION
6390,0,0,1,ASSOCIATION
6391,0,0,1,ASSOCIATION
6392,0,0,1,ASSOCIATION
6393,0,0,1,ASSOCIATION
6394,0,0,1,ASSOCIATION
6395,0,0,1,ASSOCIATION
6396,0,0,1,ASSOCIATION
6397,0,0,1,ASSOCIATION
6398,0,0,1,ASSOCIATION
6399,0,0,1,ASSOCIATION
6400,0,0,1,ASSOCIATION
6401,0,0,1,ASSOCIATION
6402,0,0,1,ASSOCIATION
6403,0,0,1,ASSOCIATION
6404,0,0,1,ASSOCIATION
6405,0,0,1,ASSOCIATION
6406,0,0,1,ASSOCIATION
6407,0,0,1,ASSOCIATION
6408,0,0,1,ASSOCIATION
6409,0,0,1,ASSOCIATION
6410,0,0,1,ASSOCIATION
6411,0,0,1,ASSOCIATION
6412,0,0,1,ASSOCIATION
6413,0,0,1,ASSOCIATION
6414,0,0,1,ASSOCIATION
6415,0,0,1,ASSOCIATION
6416,0,0,1,ASSOCIATION
6417,0,0,1,ASSOCIATION
6418,0,0,1,ASSOCIATION
6419,0,0,1,ASSOCIATION
6420,0,0,1,ASSOCIATION
6421,0,0,1,ASSOCIATION
6422,0,0,1,ASSOCIATION
6423,0,0,1,ASSOCIATION
6424,0,0,1,ASSOCIATION
6425,0,0,1,ASSOCIATION
6426,0,0,1,ASSOCIATION
6427,0,0,1,ASSOCIATION
6428,0,0,1,ASSOCIATION
6429,0,0,1,ASSOCIATION
6430,0,0,1,ASSOCIATION
6431,0,0,1,ASSOCIATION
6432,0,0,1,ASSOCIATION
6433,0,0,1,ASSOCIATION
6434,0,0,1,ASSOCIATION
6435,0,0,1,ASSOCIATION
6436,0,0,1,ASSOCIATION
6437,0,0,1,ASSOCIATION
6438,0,0,1,ASSOCIATION
6439,0,0,1,ASSOCIATION
6440,0,0,1,ASSOCIATION
6441,0,0,1,ASSOCIATION
6442,0,0,1,ASSOCIATION
6443,0,0,1,ASSOCIATION
6444,0,0,1,ASSOCIATION
6445,0,0,1,ASSOCIATION
6446,0,0,1,ASSOCIATION
6447,0,0,1,ASSOCIATION
6448,0,0,1,ASSOCIATION
6449,0,0,1,ASSOCIATION
6450,0,0,1,ASSOCIATION
6451,0,0,1,ASSOCIATION
6452,0,0,1,ASSOCIATION
6453,0,0,1,ASSOCIATION
6454,0,0,1,ASSOCIATION
6455,0,0,1,ASSOCIATION
6456,0,0,1,ASSOCIATION
6457,0,0,1,ASSOCIATION
6458,0,0,1,ASSOCIATION
6459,0,0,1,ASSOCIATION
6460,0,0,1,ASSOCIATION
6461,0,0,1,ASSOCIATION
6462,0,0,1,ASSOCIATION
6463,0,0,1,ASSOCIATION
6464,0,0,1,ASSOCIATION
6465,0,0,1,ASSOCIATION
6466,0,0,1,ASSOCIATION
6467,0,0,1,ASSOCIATION
6468,0,0,1,ASSOCIATION
6469,0,0,1,ASSOCIATION
6470,0,0,1,ASSOCIATION
6471,0,0,1,ASSOCIATION
6472,0,0,1,ASSOCIATION
6473,0,0,1,ASSOCIATION
6474,0,0,1,ASSOCIATION
6475,0,0,1,ASSOCIATION
6476,0,0,1,ASSOCIATION
6477,0,0,1,ASSOCIATION
6478,0,0,1,ASSOCIATION
6479,0,0,1,ASSOCIATION
6480,0,0,1,ASSOCIATION
6481,0,0,1,ASSOCIATION
6482,0,0,1,ASSOCIATION
6483,0,0,1,ASSOCIATION
6484,0,0,1,ASSOCIATION
6485,0,0,1,ASSOCIATION
6486,0,0,1,ASSOCIATION
6487,0,0,1,ASSOCIATION
6488,0,0,1,ASSOCIATION
6489,0,0,1,ASSOCIATION
6490,0,0,1,ASSOCIATION
6491,0,0,1,ASSOCIATION
6492,0,0,1,ASSOCIATION
6493,0,0,1,ASSOCIATION
6494,0,0,1,ASSOCIATION
6495,0,0,1,ASSOCIATION
6496,0,0,1,ASSOCIATION
6497,0,0,1,ASSOCIATION
6498,0,0,1,ASSOCIATION
6499,0,0,1,ASSOCIATION
6500,0,0,1,ASSOCIATION
6501,0,0,1,ASSOCIATION
6502,0,0,1,ASSOCIATION
6503,0,0,1,ASSOCIATION
6504,0,0,1,ASSOCIATION
6505,0,0,1,ASSOCIATION
6506,0,0,1,ASSOCIATION
6507,0,0,1,ASSOCIATION
6508,0,0,1,ASSOCIATION
6509,0,0,1,ASSOCIATION
6510,0,0,1,ASSOCIATION
6511,0,0,1,ASSOCIATION
6512,0,0,1,ASSOCIATION
6513,0,0,1,ASSOCIATION
6514,0,0,1,ASSOCIATION
6515,0,0,1,ASSOCIATION
6516,0,0,1,ASSOCIATION
6517,0,0,1,ASSOCIATION
6518,0,0,1,ASSOCIATION
6519,0,0,1,ASSOCIATION
6520,0,0,1,ASSOCIATION
6521,0,0,1,ASSOCIATION
6522,0,0,1,ASSOCIATION
6523,0,0,1,ASSOCIATION
6524,0,0,1,ASSOCIATION
6525,0,0,1,ASSOCIATION
6526,0,0,1,ASSOCIATION
6527,0,0,1,ASSOCIATION
6528,0,0,1,ASSOCIATION
6529,0,0,1,ASSOCIATION
6530,0,0,1,ASSOCIATION
6531,0,0,1,ASSOCIATION
6532,0,0,1,ASSOCIATION
6533,0,0,1,ASSOCIATION
6534,0,0,1,ASSOCIATION
6535,0,0,1,ASSOCIATION
6536,0,0,1,ASSOCIATION
6537,0,0,1,ASSOCIATION
6538,0,0,1,ASSOCIATION
6539,0,0,1,ASSOCIATION
6540,0,0,1,ASSOCIATION
6541,0,0,1,ASSOCIATION
6542,0,0,1,ASSOCIATION
6543,0,0,1,ASSOCIATION
6544,0,0,1,ASSOCIATION
6545,0,0,1,ASSOCIATION
6546,0,0,1,ASSOCIATION
6547,0,0,1,ASSOCIATION
6548,0,0,1,ASSOCIATION
6549,0,0,1,ASSOCIATION
6550,0,0,1,ASSOCIATION
6551,0,0,1,ASSOCIATION
6552,0,0,1,ASSOCIATION
6553,0,0,1,ASSOCIATION
6554,0,0,1,ASSOCIATION
6555,0,0,1,ASSOCIATION
6556,0,0,1,ASSOCIATION
6557,0,0,1,ASSOCIATION
6558,0,0,1,ASSOCIATION
6559,0,0,1,ASSOCIATION
6560,0,0,1,ASSOCIATION
6561,0,0,1,ASSOCIATION
6562,0,0,1,ASSOCIATION
6563,0,0,1,ASSOCIATION
6564,0,0,1,ASSOCIATION
6565,0,0,1,ASSOCIATION
6566,0,0,1,ASSOCIATION
6567,0,0,1,ASSOCIATION
6568,0,0,1,ASSOCIATION
6569,0,0,1,ASSOCIATION
6570,0,0,1,ASSOCIATION
6571,0,0,1,ASSOCIATION
6572,0,0,1,ASSOCIATION
6573,0,0,1,ASSOCIATION
6574,0,0,1,ASSOCIATION
6575,0,0,1,ASSOCIATION
6576,0,0,1,ASSOCIATION
6577,0,0,1,ASSOCIATION
6578,0,0,1,ASSOCIATION
6579,0,0,1,ASSOCIATION
6580,0,0,1,ASSOCIATION
6581,0,0,1,ASSOCIATION
6582,0,0,1,ASSOCIATION
6583,0,0,1,ASSOCIATION
6584,0,0,1,ASSOCIATION
6585,0,0,1,ASSOCIATION
6586,0,0,1,ASSOCIATION
6587,0,0,1,ASSOCIATION
6588,0,0,1,ASSOCIATION
6589,0,0,1,ASSOCIATION
6590,0,0,1,ASSOCIATION
6591,0,0,1,ASSOCIATION
6592,0,0,1,ASSOCIATION
6593,0,0,1,ASSOCIATION
6594,0,0,1,ASSOCIATION
6595,0,0,1,ASSOCIATION
6596,0,0,1,ASSOCIATION
6597,0,0,1,ASSOCIATION
6598,0,0,1,ASSOCIATION
6599,0,0,1,ASSOCIATION
6600,0,0,1,ASSOCIATION
6601,0,0,1,ASSOCIATION
6602,0,0,1,ASSOCIATION
6603,0,0,1,ASSOCIATION
6604,0,0,1,ASSOCIATION
6605,0,0,1,ASSOCIATION
6606,0,0,1,ASSOCIATION
6607,0,0,1,ASSOCIATION
6608,0,0,1,ASSOCIATION
6609,0,0,1,ASSOCIATION
6610,0,0,1,ASSOCIATION
6611,0,0,1,ASSOCIATION
6612,0,0,1,ASSOCIATION
6613,0,0,1,ASSOCIATION
6614,0,0,1,ASSOCIATION
6615,0,0,1,ASSOCIATION
6616,0,0,1,ASSOCIATION
6617,0,0,1,ASSOCIATION
6618,0,0,1,ASSOCIATION
6619,0,0,1,ASSOCIATION
6620,0,0,1,ASSOCIATION
6621,0,0,1,ASSOCIATION
6622,0,0,1,ASSOCIATION
6623,0,0,1,ASSOCIATION
6624,0,0,1,ASSOCIATION
6625,0,0,1,ASSOCIATION
6626,0,0,1,ASSOCIATION
6627,0,0,1,ASSOCIATION
6628,0,0,1,ASSOCIATION
6629,0,0,1,ASSOCIATION
6630,0,0,1,ASSOCIATION
6631,0,0,1,ASSOCIATION
6632,0,0,1,ASSOCIATION
6633,0,0,1,ASSOCIATION
6634,0,0,1,ASSOCIATION
6635,0,0,1,ASSOCIATION
6636,0,0,1,ASSOCIATION
6637,0,0,1,ASSOCIATION
6638,0,0,1,ASSOCIATION
6639,0,0,1,ASSOCIATION
6640,0,0,1,ASSOCIATION
6641,0,0,1,ASSOCIATION
6642,0,0,1,ASSOCIATION
6643,0,0,1,ASSOCIATION
6644,0,0,1,ASSOCIATION
6645,0,0,1,ASSOCIATION
6646,0,0,1,ASSOCIATION
6647,0,0,1,ASSOCIATION
6648,0,0,1,ASSOCIATION
6649,0,0,1,ASSOCIATION
6650,0,0,1,ASSOCIATION
6651,0,0,1,ASSOCIATION
6652,0,0,1,ASSOCIATION
6653,0,0,1,ASSOCIATION
6654,0,0,1,ASSOCIATION
6655,0,0,1,ASSOCIATION
6656,0,0,1,ASSOCIATION
6657,0,0,1,ASSOCIATION
6658,0,0,1,ASSOCIATION
6659,0,0,1,ASSOCIATION
6660,0,0,1,ASSOCIATION
6661,0,0,1,ASSOCIATION
6662,0,0,1,ASSOCIATION
6663,0,0,1,ASSOCIATION
6664,0,0,1,ASSOCIATION
6665,0,0,1,ASSOCIATION
6666,0,0,1,ASSOCIATION
6667,0,0,1,ASSOCIATION
6668,0,0,1,ASSOCIATION
6669,0,0,1,ASSOCIATION
6670,0,0,1,ASSOCIATION
6671,0,0,1,ASSOCIATION
6672,0,0,1,ASSOCIATION
6673,0,0,1,ASSOCIATION
6674,0,0,1,ASSOCIATION
6675,0,0,1,ASSOCIATION
6676,0,0,1,ASSOCIATION
6677,0,0,1,ASSOCIATION
6678,0,0,1,ASSOCIATION
6679,0,0,1,ASSOCIATION
6680,0,0,1,ASSOCIATION
6681,0,0,1,ASSOCIATION
6682,0,0,1,ASSOCIATION
6683,0,0,1,ASSOCIATION
6684,0,0,1,ASSOCIATION
6685,0,0,1,ASSOCIATION
6686,0,0,1,ASSOCIATION
6687,0,0,1,ASSOCIATION
6688,0,0,1,ASSOCIATION
6689,0,0,1,ASSOCIATION
6690,0,0,1,ASSOCIATION
6691,0,0,1,ASSOCIATION
6692,0,0,1,ASSOCIATION
6693,0,0,1,ASSOCIATION
6694,0,0,1,ASSOCIATION
6695,0,0,1,ASSOCIATION
6696,0,0,1,ASSOCIATION
6697,0,0,1,ASSOCIATION
6698,0,0,1,ASSOCIATION
6699,0,0,1,ASSOCIATION
6700,0,0,1,ASSOCIATION
6701,0,0,1,ASSOCIATION
6702,0,0,1,ASSOCIATION
6703,0,0,1,ASSOCIATION
6704,0,0,1,ASSOCIATION
6705,0,0,1,ASSOCIATION
6706,0,0,1,ASSOCIATION
6707,0,0,1,ASSOCIATION
6708,0,0,1,ASSOCIATION
6709,0,0,1,ASSOCIATION
6710,0,0,1,ASSOCIATION
6711,0,0,1,ASSOCIATION
6712,0,0,1,ASSOCIATION
6713,0,0,1,ASSOCIATION
6714,0,0,1,ASSOCIATION
6715,0,0,1,ASSOCIATION
6716,0,0,1,ASSOCIATION
6717,0,0,1,ASSOCIATION
6718,0,0,1,ASSOCIATION
6719,0,0,1,ASSOCIATION
6720,0,0,1,ASSOCIATION
6721,0,0,1,ASSOCIATION
6722,0,0,1,ASSOCIATION
6723,0,0,1,ASSOCIATION
6724,0,0,1,ASSOCIATION
6725,0,0,1,ASSOCIATION
6726,0,0,1,ASSOCIATION
6727,0,0,1,ASSOCIATION
6728,0,0,1,ASSOCIATION
6729,0,0,1,ASSOCIATION
6730,0,0,1,ASSOCIATION
6731,0,0,1,ASSOCIATION
6732,0,0,1,ASSOCIATION
6733,0,0,1,ASSOCIATION
6734,0,0,1,ASSOCIATION
6735,0,0,1,ASSOCIATION
6736,0,0,1,ASSOCIATION
6737,0,0,1,ASSOCIATION
6738,0,0,1,ASSOCIATION
6739,0,0,1,ASSOCIATION
6740,0,0,1,ASSOCIATION
6741,0,0,1,ASSOCIATION
6742,0,0,1,ASSOCIATION
6743,0,0,1,ASSOCIATION
6744,0,0,1,ASSOCIATION
6745,0,0,1,ASSOCIATION
6746,0,0,1,ASSOCIATION
6747,0,0,1,ASSOCIATION
6748,0,0,1,ASSOCIATION
6749,0,0,1,ASSOCIATION
6750,0,0,1,ASSOCIATION
6751,0,0,1,ASSOCIATION
6752,0,0,1,ASSOCIATION
6753,0,0,1,ASSOCIATION
6754,0,0,1,ASSOCIATION
6755,0,0,1,ASSOCIATION
6756,0,0,1,ASSOCIATION
6757,0,0,1,ASSOCIATION
6758,0,0,1,ASSOCIATION
6759,0,0,1,ASSOCIATION
6760,0,0,1,ASSOCIATION
6761,0,0,1,ASSOCIATION
6762,0,0,1,ASSOCIATION
6763,0,0,1,ASSOCIATION
6764,0,0,1,ASSOCIATION
6765,0,0,1,ASSOCIATION
6766,0,0,1,ASSOCIATION
6767,0,0,1,ASSOCIATION
6768,0,0,1,ASSOCIATION
6769,0,0,1,ASSOCIATION
6770,0,0,1,ASSOCIATION
6771,0,0,1,ASSOCIATION
6772,0,0,1,ASSOCIATION
6773,0,0,1,ASSOCIATION
6774,0,0,1,ASSOCIATION
6775,0,0,1,ASSOCIATION
6776,0,0,1,ASSOCIATION
6777,0,0,1,ASSOCIATION
6778,0,0,1,ASSOCIATION
6779,0,0,1,ASSOCIATION
6780,0,0,1,ASSOCIATION
6781,0,0,1,ASSOCIATION
6782,0,0,1,ASSOCIATION
6783,0,0,1,ASSOCIATION
6784,0,0,1,ASSOCIATION
6785,0,0,1,ASSOCIATION
6786,0,0,1,ASSOCIATION
6787,0,0,1,ASSOCIATION
6788,0,0,1,ASSOCIATION
6789,0,0,1,ASSOCIATION
6790,0,0,1,ASSOCIATION
6791,0,0,1,ASSOCIATION
6792,0,0,1,ASSOCIATION
6793,0,0,1,ASSOCIATION
6794,0,0,1,ASSOCIATION
6795,0,0,1,ASSOCIATION
6796,0,0,1,ASSOCIATION
6797,0,0,1,ASSOCIATION
6798,0,0,1,ASSOCIATION
6799,0,0,1,ASSOCIATION
6800,0,0,1,ASSOCIATION
6801,0,0,1,ASSOCIATION
6802,0,0,1,ASSOCIATION
6803,0,0,1,ASSOCIATION
6804,0,0,1,ASSOCIATION
6805,0,0,1,ASSOCIATION
6806,0,0,1,ASSOCIATION
6807,0,0,1,ASSOCIATION
6808,0,0,1,ASSOCIATION
6809,0,0,1,ASSOCIATION
6810,0,0,1,ASSOCIATION
6811,0,0,1,ASSOCIATION
6812,0,0,1,ASSOCIATION
6813,0,0,1,ASSOCIATION
6814,0,0,1,ASSOCIATION
6815,0,0,1,ASSOCIATION
6816,0,0,1,ASSOCIATION
6817,0,0,1,ASSOCIATION
6818,0,0,1,ASSOCIATION
6819,0,0,1,ASSOCIATION
6820,0,0,1,ASSOCIATION
6821,0,0,1,ASSOCIATION
6822,0,0,1,ASSOCIATION
6823,0,0,1,ASSOCIATION
6824,0,0,1,ASSOCIATION
6825,0,0,1,ASSOCIATION
6826,0,0,1,ASSOCIATION
6827,0,0,1,ASSOCIATION
6828,0,0,1,ASSOCIATION
6829,0,0,1,ASSOCIATION
6830,0,0,1,ASSOCIATION
6831,0,0,1,ASSOCIATION
6832,0,0,1,ASSOCIATION
6833,0,0,1,ASSOCIATION
6834,0,0,1,ASSOCIATION
6835,0,0,1,ASSOCIATION
6836,0,0,1,ASSOCIATION
6837,0,0,1,ASSOCIATION
6838,0,0,1,ASSOCIATION
6839,0,0,1,ASSOCIATION
6840,0,0,1,ASSOCIATION
6841,0,0,1,ASSOCIATION
6842,0,0,1,ASSOCIATION
6843,0,0,1,ASSOCIATION
6844,0,0,1,ASSOCIATION
6845,0,0,1,ASSOCIATION
6846,0,0,1,ASSOCIATION
6847,0,0,1,ASSOCIATION
6848,0,0,1,ASSOCIATION
6849,0,0,1,ASSOCIATION
6850,0,0,1,ASSOCIATION
6851,0,0,1,ASSOCIATION
6852,0,0,1,ASSOCIATION
6853,0,0,1,ASSOCIATION
6854,0,0,1,ASSOCIATION
6855,0,0,1,ASSOCIATION
6856,0,0,1,ASSOCIATION
6857,0,0,1,ASSOCIATION
6858,0,0,1,ASSOCIATION
6859,0,0,1,ASSOCIATION
6860,0,0,1,ASSOCIATION
6861,0,0,1,ASSOCIATION
6862,0,0,1,ASSOCIATION
6863,0,0,1,ASSOCIATION
6864,0,0,1,ASSOCIATION
6865,0,0,1,ASSOCIATION
6866,0,0,1,ASSOCIATION
6867,0,0,1,ASSOCIATION
6868,0,0,1,ASSOCIATION
6869,0,0,1,ASSOCIATION
6870,0,0,1,ASSOCIATION
6871,0,0,1,ASSOCIATION
6872,0,0,1,ASSOCIATION
6873,0,0,1,ASSOCIATION
6874,0,0,1,ASSOCIATION
6875,0,0,1,ASSOCIATION
6876,0,0,1,ASSOCIATION
6877,0,0,1,ASSOCIATION
6878,0,0,1,ASSOCIATION
6879,0,0,1,ASSOCIATION
6880,0,0,1,ASSOCIATION
6881,0,0,1,ASSOCIATION
6882,0,0,1,ASSOCIATION
6883,0,0,1,ASSOCIATION
6884,0,0,1,ASSOCIATION
6885,0,0,1,ASSOCIATION
6886,0,0,1,ASSOCIATION
6887,0,0,1,ASSOCIATION
6888,0,0,1,ASSOCIATION
6889,0,0,1,ASSOCIATION
6890,0,0,1,ASSOCIATION
6891,0,0,1,ASSOCIATION
6892,0,0,1,ASSOCIATION
6893,0,0,1,ASSOCIATION
6894,0,0,1,ASSOCIATION
6895,0,0,1,ASSOCIATION
6896,0,0,1,ASSOCIATION
6897,0,0,1,ASSOCIATION
6898,0,0,1,ASSOCIATION
6899,0,0,1,ASSOCIATION
6900,0,0,1,ASSOCIATION
6901,0,0,1,ASSOCIATION
6902,0,0,1,ASSOCIATION
6903,0,0,1,ASSOCIATION
6904,0,0,1,ASSOCIATION
6905,0,0,1,ASSOCIATION
6906,0,0,1,ASSOCIATION
6907,0,0,1,ASSOCIATION
6908,0,0,1,ASSOCIATION
6909,0,0,1,ASSOCIATION
6910,0,0,1,ASSOCIATION
6911,0,0,1,ASSOCIATION
6912,0,0,1,ASSOCIATION
6913,0,0,1,ASSOCIATION
6914,0,0,1,ASSOCIATION
6915,0,0,1,ASSOCIATION
6916,0,0,1,ASSOCIATION
6917,0,0,1,ASSOCIATION
6918,0,0,1,ASSOCIATION
6919,0,0,1,ASSOCIATION
6920,0,0,1,ASSOCIATION
6921,0,0,1,ASSOCIATION
6922,0,0,1,ASSOCIATION
6923,0,0,1,ASSOCIATION
6924,0,0,1,ASSOCIATION
6925,0,0,1,ASSOCIATION
6926,0,0,1,ASSOCIATION
6927,0,0,1,ASSOCIATION
6928,0,0,1,ASSOCIATION
6929,0,0,1,ASSOCIATION
6930,0,0,1,ASSOCIATION
6931,0,0,1,ASSOCIATION
6932,0,0,1,ASSOCIATION
6933,0,0,1,ASSOCIATION
6934,0,0,1,ASSOCIATION
6935,0,0,1,ASSOCIATION
6936,0,0,1,ASSOCIATION
6937,0,0,1,ASSOCIATION
6938,0,0,1,ASSOCIATION
6939,0,0,1,ASSOCIATION
6940,0,0,1,ASSOCIATION
6941,0,0,1,ASSOCIATION
6942,0,0,1,ASSOCIATION
6943,0,0,1,ASSOCIATION
6944,0,0,1,ASSOCIATION
6945,0,0,1,ASSOCIATION
6946,0,0,1,ASSOCIATION
6947,0,0,1,ASSOCIATION
6948,0,0,1,ASSOCIATION
6949,0,0,1,ASSOCIATION
6950,0,0,1,ASSOCIATION
6951,0,0,1,ASSOCIATION
6952,0,0,1,ASSOCIATION
6953,0,0,1,ASSOCIATION
6954,0,0,1,ASSOCIATION
6955,0,0,1,ASSOCIATION
6956,0,0,1,ASSOCIATION
6957,0,0,1,ASSOCIATION
6958,0,0,1,ASSOCIATION
6959,0,0,1,ASSOCIATION
6960,0,0,1,ASSOCIATION
6961,0,0,1,ASSOCIATION
6962,0,0,1,ASSOCIATION
6963,0,0,1,ASSOCIATION
6964,0,0,1,ASSOCIATION
6965,0,0,1,ASSOCIATION
6966,0,0,1,ASSOCIATION
6967,0,0,1,ASSOCIATION
6968,0,0,1,ASSOCIATION
6969,0,0,1,ASSOCIATION
6970,0,0,1,ASSOCIATION
6971,0,0,1,ASSOCIATION
6972,0,0,1,ASSOCIATION
6973,0,0,1,ASSOCIATION
6974,0,0,1,ASSOCIATION
6975,0,0,1,ASSOCIATION
6976,0,0,1,ASSOCIATION
6977,0,0,1,ASSOCIATION
6978,0,0,1,ASSOCIATION
6979,0,0,1,ASSOCIATION
6980,0,0,1,ASSOCIATION
6981,0,0,1,ASSOCIATION
6982,0,0,1,ASSOCIATION
6983,0,0,1,ASSOCIATION
6984,0,0,1,ASSOCIATION
6985,0,0,1,ASSOCIATION
6986,0,0,1,ASSOCIATION
6987,0,0,1,ASSOCIATION
6988,0,0,1,ASSOCIATION
6989,0,0,1,ASSOCIATION
6990,0,0,1,ASSOCIATION
6991,0,0,1,ASSOCIATION
6992,0,0,1,ASSOCIATION
6993,0,0,1,ASSOCIATION
6994,0,0,1,ASSOCIATION
6995,0,0,1,ASSOCIATION
6996,0,0,1,ASSOCIATION
6997,0,0,1,ASSOCIATION
6998,0,0,1,ASSOCIATION
6999,0,0,1,ASSOCIATION
7000,0,0,1,ASSOCIATION
7001,0,0,1,ASSOCIATION
7002,0,0,1,ASSOCIATION
7003,0,0,1,ASSOCIATION
7004,0,0,1,ASSOCIATION
7005,0,0,1,ASSOCIATION
7006,0,0,1,ASSOCIATION
7007,0,0,1,ASSOCIATION
7008,0,0,1,ASSOCIATION
7009,0,0,1,ASSOCIATION
7010,0,0,1,ASSOCIATION
7011,0,0,1,ASSOCIATION
7012,0,0,1,ASSOCIATION
7013,0,0,1,ASSOCIATION
7014,0,0,1,ASSOCIATION
7015,0,0,1,ASSOCIATION
7016,0,0,1,ASSOCIATION
7017,0,0,1,ASSOCIATION
7018,0,0,1,ASSOCIATION
7019,0,0,1,ASSOCIATION
7020,0,0,1,ASSOCIATION
7021,0,0,1,ASSOCIATION
7022,0,0,1,ASSOCIATION
7023,0,0,1,ASSOCIATION
7024,0,0,1,ASSOCIATION
7025,0,0,1,ASSOCIATION
7026,0,0,1,ASSOCIATION
7027,0,0,1,ASSOCIATION
7028,0,0,1,ASSOCIATION
7029,0,0,1,ASSOCIATION
7030,0,0,1,ASSOCIATION
7031,0,0,1,ASSOCIATION
7032,0,0,1,ASSOCIATION
7033,0,0,1,ASSOCIATION
7034,0,0,1,ASSOCIATION
7035,0,0,1,ASSOCIATION
7036,0,0,1,ASSOCIATION
7037,0,0,1,ASSOCIATION
7038,0,0,1,ASSOCIATION
7039,0,0,1,ASSOCIATION
7040,0,0,1,ASSOCIATION
7041,0,0,1,ASSOCIATION
7042,0,0,1,ASSOCIATION
7043,0,0,1,ASSOCIATION
7044,0,0,1,ASSOCIATION
7045,0,0,1,ASSOCIATION
7046,0,0,1,ASSOCIATION
7047,0,0,1,ASSOCIATION
7048,0,0,1,ASSOCIATION
7049,0,0,1,ASSOCIATION
7050,0,0,1,ASSOCIATION
7051,0,0,1,ASSOCIATION
7052,0,0,1,ASSOCIATION
7053,0,0,1,ASSOCIATION
7054,0,0,1,ASSOCIATION
7055,0,0,1,ASSOCIATION
7056,0,0,1,ASSOCIATION
7057,0,0,1,ASSOCIATION
7058,0,0,1,ASSOCIATION
7059,0,0,1,ASSOCIATION
7060,0,0,1,ASSOCIATION
7061,0,0,1,ASSOCIATION
7062,0,0,1,ASSOCIATION
7063,0,0,1,ASSOCIATION
7064,0,0,1,ASSOCIATION
7065,0,0,1,ASSOCIATION
7066,0,0,1,ASSOCIATION
7067,0,0,1,ASSOCIATION
7068,0,0,1,ASSOCIATION
7069,0,0,1,ASSOCIATION
7070,0,0,1,ASSOCIATION
7071,0,0,1,ASSOCIATION
7072,0,0,1,ASSOCIATION
7073,0,0,1,ASSOCIATION
7074,0,0,1,ASSOCIATION
7075,0,0,1,ASSOCIATION
7076,0,0,1,ASSOCIATION
7077,0,0,1,ASSOCIATION
7078,0,0,1,ASSOCIATION
7079,0,0,1,ASSOCIATION
7080,0,0,1,ASSOCIATION
7081,0,0,1,ASSOCIATION
7082,0,0,1,ASSOCIATION
7083,0,0,1,ASSOCIATION
7084,0,0,1,ASSOCIATION
7085,0,0,1,ASSOCIATION
7086,0,0,1,ASSOCIATION
7087,0,0,1,ASSOCIATION
7088,0,0,1,ASSOCIATION
7089,0,0,1,ASSOCIATION
7090,0,0,1,ASSOCIATION
7091,0,0,1,ASSOCIATION
7092,0,0,1,ASSOCIATION
7093,0,0,1,ASSOCIATION
7094,0,0,1,ASSOCIATION
7095,0,0,1,ASSOCIATION
7096,0,0,1,ASSOCIATION
7097,0,0,1,ASSOCIATION
7098,0,0,1,ASSOCIATION
7099,0,0,1,ASSOCIATION
7100,0,0,1,ASSOCIATION
7101,0,0,1,ASSOCIATION
7102,0,0,1,ASSOCIATION
7103,0,0,1,ASSOCIATION
7104,0,0,1,ASSOCIATION
7105,0,0,1,ASSOCIATION
7106,0,0,1,ASSOCIATION
7107,0,0,1,ASSOCIATION
7108,0,0,1,ASSOCIATION
7109,0,0,1,ASSOCIATION
7110,0,0,1,ASSOCIATION
7111,0,0,1,ASSOCIATION
7112,0,0,1,ASSOCIATION
7113,0,0,1,ASSOCIATION
7114,0,0,1,ASSOCIATION
7115,0,0,1,ASSOCIATION
7116,0,0,1,ASSOCIATION
7117,0,0,1,ASSOCIATION
7118,0,0,1,ASSOCIATION
7119,0,0,1,ASSOCIATION
7120,0,0,1,ASSOCIATION
7121,0,0,1,ASSOCIATION
7122,0,0,1,ASSOCIATION
7123,0,0,1,ASSOCIATION
7124,0,0,1,ASSOCIATION
7125,0,0,1,ASSOCIATION
7126,0,0,1,ASSOCIATION
7127,0,0,1,ASSOCIATION
7128,0,0,1,ASSOCIATION
7129,0,0,1,ASSOCIATION
7130,0,0,1,ASSOCIATION
7131,0,0,1,ASSOCIATION
7132,0,0,1,ASSOCIATION
7133,0,0,1,ASSOCIATION
7134,0,0,1,ASSOCIATION
7135,0,0,1,ASSOCIATION
7136,0,0,1,ASSOCIATION
7137,0,0,1,ASSOCIATION
7138,0,0,1,ASSOCIATION
7139,0,0,1,ASSOCIATION
7140,0,0,1,ASSOCIATION
7141,0,0,1,ASSOCIATION
7142,0,0,1,ASSOCIATION
7143,0,0,1,ASSOCIATION
7144,0,0,1,ASSOCIATION
7145,0,0,1,ASSOCIATION
7146,0,0,1,ASSOCIATION
7147,0,0,1,ASSOCIATION
7148,0,0,1,ASSOCIATION
7149,0,0,1,ASSOCIATION
7150,0,0,1,ASSOCIATION
7151,0,0,1,ASSOCIATION
7152,0,0,1,ASSOCIATION
7153,0,0,1,ASSOCIATION
7154,0,0,1,ASSOCIATION
7155,0,0,1,ASSOCIATION
7156,0,0,1,ASSOCIATION
7157,0,0,1,ASSOCIATION
7158,0,0,1,ASSOCIATION
7159,0,0,1,ASSOCIATION
7160,0,0,1,ASSOCIATION
7161,0,0,1,ASSOCIATION
7162,0,0,1,ASSOCIATION
7163,0,0,1,ASSOCIATION
7164,0,0,1,ASSOCIATION
7165,0,0,1,ASSOCIATION
7166,0,0,1,ASSOCIATION
7167,0,0,1,ASSOCIATION
7168,0,0,1,ASSOCIATION
7169,0,0,1,ASSOCIATION
7170,0,0,1,ASSOCIATION
7171,0,0,1,ASSOCIATION
7172,0,0,1,ASSOCIATION
7173,0,0,1,ASSOCIATION
7174,0,0,1,ASSOCIATION
7175,0,0,1,ASSOCIATION
7176,0,0,1,ASSOCIATION
7177,0,0,1,ASSOCIATION
7178,0,0,1,ASSOCIATION
7179,0,0,1,ASSOCIATION
7180,0,0,1,ASSOCIATION
7181,0,0,1,ASSOCIATION
7182,0,0,1,ASSOCIATION
7183,0,0,1,ASSOCIATION
7184,0,0,1,ASSOCIATION
7185,0,0,1,ASSOCIATION
7186,0,0,1,ASSOCIATION
7187,0,0,1,ASSOCIATION
7188,0,0,1,ASSOCIATION
7189,0,0,1,ASSOCIATION
7190,0,0,1,ASSOCIATION
7191,0,0,1,ASSOCIATION
7192,0,0,1,ASSOCIATION
7193,0,0,1,ASSOCIATION
7194,0,0,1,ASSOCIATION
7195,0,0,1,ASSOCIATION
7196,0,0,1,ASSOCIATION
7197,0,0,1,ASSOCIATION
7198,0,0,1,ASSOCIATION
7199,0,0,1,ASSOCIATION
7200,0,0,1,ASSOCIATION
7201,0,0,1,ASSOCIATION
7202,0,0,1,ASSOCIATION
7203,0,0,1,ASSOCIATION
7204,0,0,1,ASSOCIATION
7205,0,0,1,ASSOCIATION
7206,0,0,1,ASSOCIATION
7207,0,0,1,ASSOCIATION
7208,0,0,1,ASSOCIATION
7209,0,0,1,ASSOCIATION
7210,0,0,1,ASSOCIATION
7211,0,0,1,ASSOCIATION
7212,0,0,1,ASSOCIATION
7213,0,0,1,ASSOCIATION
7214,0,0,1,ASSOCIATION
7215,0,0,1,ASSOCIATION
7216,0,0,1,ASSOCIATION
7217,0,0,1,ASSOCIATION
7218,0,0,1,ASSOCIATION
7219,0,0,1,ASSOCIATION
7220,0,0,1,ASSOCIATION
7221,0,0,1,ASSOCIATION
7222,0,0,1,ASSOCIATION
7223,0,0,1,ASSOCIATION
7224,0,0,1,ASSOCIATION
7225,0,0,1,ASSOCIATION
7226,0,0,1,ASSOCIATION
7227,0,0,1,ASSOCIATION
7228,0,0,1,ASSOCIATION
7229,0,0,1,ASSOCIATION
7230,0,0,1,ASSOCIATION
7231,0,0,1,ASSOCIATION
7232,0,0,1,ASSOCIATION
7233,0,0,1,ASSOCIATION
7234,0,0,1,ASSOCIATION
7235,0,0,1,ASSOCIATION
7236,0,0,1,ASSOCIATION
7237,0,0,1,ASSOCIATION
7238,0,0,1,ASSOCIATION
7239,0,0,1,ASSOCIATION
7240,0,0,1,ASSOCIATION
7241,0,0,1,ASSOCIATION
7242,0,0,1,ASSOCIATION
7243,0,0,1,ASSOCIATION
7244,0,0,1,ASSOCIATION
7245,0,0,1,ASSOCIATION
7246,0,0,1,ASSOCIATION
7247,0,0,1,ASSOCIATION
7248,0,0,1,ASSOCIATION
7249,0,0,1,ASSOCIATION
7250,0,0,1,ASSOCIATION
7251,0,0,1,ASSOCIATION
7252,0,0,1,ASSOCIATION
7253,0,0,1,ASSOCIATION
7254,0,0,1,ASSOCIATION
7255,0,0,1,ASSOCIATION
7256,0,0,1,ASSOCIATION
7257,0,0,1,ASSOCIATION
7258,0,0,1,ASSOCIATION
7259,0,0,1,ASSOCIATION
7260,0,0,1,ASSOCIATION
7261,0,0,1,ASSOCIATION
7262,0,0,1,ASSOCIATION
7263,0,0,1,ASSOCIATION
7264,0,0,1,ASSOCIATION
7265,0,0,1,ASSOCIATION
7266,0,0,1,ASSOCIATION
7267,0,0,1,ASSOCIATION
7268,0,0,1,ASSOCIATION
7269,0,0,1,ASSOCIATION
7270,0,0,1,ASSOCIATION
7271,0,0,1,ASSOCIATION
7272,0,0,1,ASSOCIATION
7273,0,0,1,ASSOCIATION
7274,0,0,1,ASSOCIATION
7275,0,0,1,ASSOCIATION
7276,0,0,1,ASSOCIATION
7277,0,0,1,ASSOCIATION
7278,0,0,1,ASSOCIATION
7279,0,0,1,ASSOCIATION
7280,0,0,1,ASSOCIATION
7281,0,0,1,ASSOCIATION
7282,0,0,1,ASSOCIATION
7283,0,0,1,ASSOCIATION
7284,0,0,1,ASSOCIATION
7285,0,0,1,ASSOCIATION
7286,0,0,1,ASSOCIATION
7287,0,0,1,ASSOCIATION
7288,0,0,1,ASSOCIATION
7289,0,0,1,ASSOCIATION
7290,0,0,1,ASSOCIATION
7291,0,0,1,ASSOCIATION
7292,0,0,1,ASSOCIATION
7293,0,0,1,ASSOCIATION
7294,0,0,1,ASSOCIATION
7295,0,0,1,ASSOCIATION
7296,0,0,1,ASSOCIATION
7297,0,0,1,ASSOCIATION
7298,0,0,1,ASSOCIATION
7299,0,0,1,ASSOCIATION
7300,0,0,1,ASSOCIATION
7301,0,0,1,ASSOCIATION
7302,0,0,1,ASSOCIATION
7303,0,0,1,ASSOCIATION
7304,0,0,1,ASSOCIATION
7305,0,0,1,ASSOCIATION
7306,0,0,1,ASSOCIATION
7307,0,0,1,ASSOCIATION
7308,0,0,1,ASSOCIATION
7309,0,0,1,ASSOCIATION
7310,0,0,1,ASSOCIATION
7311,0,0,1,ASSOCIATION
7312,0,0,1,ASSOCIATION
7313,0,0,1,ASSOCIATION
7314,0,0,1,ASSOCIATION
7315,0,0,1,ASSOCIATION
7316,0,0,1,ASSOCIATION
7317,0,0,1,ASSOCIATION
7318,0,0,1,ASSOCIATION
7319,0,0,1,ASSOCIATION
7320,0,0,1,ASSOCIATION
7321,0,0,1,ASSOCIATION
7322,0,0,1,ASSOCIATION
7323,0,0,1,ASSOCIATION
7324,0,0,1,ASSOCIATION
7325,0,0,1,ASSOCIATION
7326,0,0,1,ASSOCIATION
7327,0,0,1,ASSOCIATION
7328,0,0,1,ASSOCIATION
7329,0,0,1,ASSOCIATION
7330,0,0,1,ASSOCIATION
7331,0,0,1,ASSOCIATION
7332,0,0,1,ASSOCIATION
7333,0,0,1,ASSOCIATION
7334,0,0,1,ASSOCIATION
7335,0,0,1,ASSOCIATION
7336,0,0,1,ASSOCIATION
7337,0,0,1,ASSOCIATION
7338,0,0,1,ASSOCIATION
7339,0,0,1,ASSOCIATION
7340,0,0,1,ASSOCIATION
7341,0,0,1,ASSOCIATION
7342,0,0,1,ASSOCIATION
7343,0,0,1,ASSOCIATION
7344,0,0,1,ASSOCIATION
7345,0,0,1,ASSOCIATION
7346,0,0,1,ASSOCIATION
7347,0,0,1,ASSOCIATION
7348,0,0,1,ASSOCIATION
7349,0,0,1,ASSOCIATION
7350,0,0,1,ASSOCIATION
7351,0,0,1,ASSOCIATION
7352,0,0,1,ASSOCIATION
7353,0,0,1,ASSOCIATION
7354,0,0,1,ASSOCIATION
7355,0,0,1,ASSOCIATION
7356,0,0,1,ASSOCIATION
7357,0,0,1,ASSOCIATION
7358,0,0,1,ASSOCIATION
7359,0,0,1,ASSOCIATION
7360,0,0,1,ASSOCIATION
7361,0,0,1,ASSOCIATION
7362,0,0,1,ASSOCIATION
7363,0,0,1,ASSOCIATION
7364,0,0,1,ASSOCIATION
7365,0,0,1,ASSOCIATION
7366,0,0,1,ASSOCIATION
7367,0,0,1,ASSOCIATION
7368,0,0,1,ASSOCIATION
7369,0,0,1,ASSOCIATION
7370,0,0,1,ASSOCIATION
7371,0,0,1,ASSOCIATION
7372,0,0,1,ASSOCIATION
7373,0,0,1,ASSOCIATION
7374,0,0,1,ASSOCIATION
7375,0,0,1,ASSOCIATION
7376,0,0,1,ASSOCIATION
7377,0,0,1,ASSOCIATION
7378,0,0,1,ASSOCIATION
7379,0,0,1,ASSOCIATION
7380,0,0,1,ASSOCIATION
7381,0,0,1,ASSOCIATION
7382,0,0,1,ASSOCIATION
7383,0,0,1,ASSOCIATION
7384,0,0,1,ASSOCIATION
7385,0,0,1,ASSOCIATION
7386,0,0,1,ASSOCIATION
7387,0,0,1,ASSOCIATION
7388,0,0,1,ASSOCIATION
7389,0,0,1,ASSOCIATION
7390,0,0,1,ASSOCIATION
7391,0,0,1,ASSOCIATION
7392,0,0,1,ASSOCIATION
7393,0,0,1,ASSOCIATION
7394,0,0,1,ASSOCIATION
7395,0,0,1,ASSOCIATION
7396,0,0,1,ASSOCIATION
7397,0,0,1,ASSOCIATION
7398,0,0,1,ASSOCIATION
7399,0,0,1,ASSOCIATION
7400,0,0,1,ASSOCIATION
7401,0,0,1,ASSOCIATION
7402,0,0,1,ASSOCIATION
7403,0,0,1,ASSOCIATION
7404,0,0,1,ASSOCIATION
7405,0,0,1,ASSOCIATION
7406,0,0,1,ASSOCIATION
7407,0,0,1,ASSOCIATION
7408,0,0,1,ASSOCIATION
7409,0,0,1,ASSOCIATION
7410,0,0,1,ASSOCIATION
7411,0,0,1,ASSOCIATION
7412,0,0,1,ASSOCIATION
7413,0,0,1,ASSOCIATION
7414,0,0,1,ASSOCIATION
7415,0,0,1,ASSOCIATION
7416,0,0,1,ASSOCIATION
7417,0,0,1,ASSOCIATION
7418,0,0,1,ASSOCIATION
7419,0,0,1,ASSOCIATION
7420,0,0,1,ASSOCIATION
7421,0,0,1,ASSOCIATION
7422,0,0,1,ASSOCIATION
7423,0,0,1,ASSOCIATION
7424,0,0,1,ASSOCIATION
7425,0,0,1,ASSOCIATION
7426,0,0,1,ASSOCIATION
7427,0,0,1,ASSOCIATION
7428,0,0,1,ASSOCIATION
7429,0,0,1,ASSOCIATION
7430,0,0,1,ASSOCIATION
7431,0,0,1,ASSOCIATION
7432,0,0,1,ASSOCIATION
7433,0,0,1,ASSOCIATION
7434,0,0,1,ASSOCIATION
7435,0,0,1,ASSOCIATION
7436,0,0,1,ASSOCIATION
7437,0,0,1,ASSOCIATION
7438,0,0,1,ASSOCIATION
7439,0,0,1,ASSOCIATION
7440,0,0,1,ASSOCIATION
7441,0,0,1,ASSOCIATION
7442,0,0,1,ASSOCIATION
7443,0,0,1,ASSOCIATION
7444,0,0,1,ASSOCIATION
7445,0,0,1,ASSOCIATION
7446,0,0,1,ASSOCIATION
7447,0,0,1,ASSOCIATION
7448,0,0,1,ASSOCIATION
7449,0,0,1,ASSOCIATION
7450,0,0,1,ASSOCIATION
7451,0,0,1,ASSOCIATION
7452,0,0,1,ASSOCIATION
7453,0,0,1,ASSOCIATION
7454,0,0,1,ASSOCIATION
7455,0,0,1,ASSOCIATION
7456,0,0,1,ASSOCIATION
7457,0,0,1,ASSOCIATION
7458,0,0,1,ASSOCIATION
7459,0,0,1,ASSOCIATION
7460,0,0,1,ASSOCIATION
7461,0,0,1,ASSOCIATION
7462,0,0,1,ASSOCIATION
7463,0,0,1,ASSOCIATION
7464,0,0,1,ASSOCIATION
7465,0,0,1,ASSOCIATION
7466,0,0,1,ASSOCIATION
7467,0,0,1,ASSOCIATION
7468,0,0,1,ASSOCIATION
7469,0,0,1,ASSOCIATION
7470,0,0,1,ASSOCIATION
7471,0,0,1,ASSOCIATION
7472,0,0,1,ASSOCIATION
7473,0,0,1,ASSOCIATION
7474,0,0,1,ASSOCIATION
7475,0,0,1,ASSOCIATION
7476,0,0,1,ASSOCIATION
7477,0,0,1,ASSOCIATION
7478,0,0,1,ASSOCIATION
7479,0,0,1,ASSOCIATION
7480,0,0,1,ASSOCIATION
7481,0,0,1,ASSOCIATION
7482,0,0,1,ASSOCIATION
7483,0,0,1,ASSOCIATION
7484,0,0,1,ASSOCIATION
7485,0,0,1,ASSOCIATION
7486,0,0,1,ASSOCIATION
7487,0,0,1,ASSOCIATION
7488,0,0,1,ASSOCIATION
7489,0,0,1,ASSOCIATION
7490,0,0,1,ASSOCIATION
7491,0,0,1,ASSOCIATION
7492,0,0,1,ASSOCIATION
7493,0,0,1,ASSOCIATION
7494,0,0,1,ASSOCIATION
7495,0,0,1,ASSOCIATION
7496,0,0,1,ASSOCIATION
7497,0,0,1,ASSOCIATION
7498,0,0,1,ASSOCIATION
7499,0,0,1,ASSOCIATION
7500,0,0,1,ASSOCIATION
7501,0,0,1,ASSOCIATION
7502,0,0,1,ASSOCIATION
7503,0,0,1,ASSOCIATION
7504,0,0,1,ASSOCIATION
7505,0,0,1,ASSOCIATION
7506,0,0,1,ASSOCIATION
7507,0,0,1,ASSOCIATION
7508,0,0,1,ASSOCIATION
7509,0,0,1,ASSOCIATION
7510,0,0,1,ASSOCIATION
7511,0,0,1,ASSOCIATION
7512,0,0,1,ASSOCIATION
7513,0,0,1,ASSOCIATION
7514,0,0,1,ASSOCIATION
7515,0,0,1,ASSOCIATION
7516,0,0,1,ASSOCIATION
7517,0,0,1,ASSOCIATION
7518,0,0,1,ASSOCIATION
7519,0,0,1,ASSOCIATION
7520,0,0,1,ASSOCIATION
7521,0,0,1,ASSOCIATION
7522,0,0,1,ASSOCIATION
7523,0,0,1,ASSOCIATION
7524,0,0,1,ASSOCIATION
7525,0,0,1,ASSOCIATION
7526,0,0,1,ASSOCIATION
7527,0,0,1,ASSOCIATION
7528,0,0,1,ASSOCIATION
7529,0,0,1,ASSOCIATION
7530,0,0,1,ASSOCIATION
7531,0,0,1,ASSOCIATION
7532,0,0,1,ASSOCIATION
7533,0,0,1,ASSOCIATION
7534,0,0,1,ASSOCIATION
7535,0,0,1,ASSOCIATION
7536,0,0,1,ASSOCIATION
7537,0,0,1,ASSOCIATION
7538,0,0,1,ASSOCIATION
7539,0,0,1,ASSOCIATION
7540,0,0,1,ASSOCIATION
7541,0,0,1,ASSOCIATION
7542,0,0,1,ASSOCIATION
7543,0,0,1,ASSOCIATION
7544,0,0,1,ASSOCIATION
7545,0,0,1,ASSOCIATION
7546,0,0,1,ASSOCIATION
7547,0,0,1,ASSOCIATION
7548,0,0,1,ASSOCIATION
7549,0,0,1,ASSOCIATION
7550,0,0,1,ASSOCIATION
7551,0,0,1,ASSOCIATION
7552,0,0,1,ASSOCIATION
7553,0,0,1,ASSOCIATION
7554,0,0,1,ASSOCIATION
7555,0,0,1,ASSOCIATION
7556,0,0,1,ASSOCIATION
7557,0,0,1,ASSOCIATION
7558,0,0,1,ASSOCIATION
7559,0,0,1,ASSOCIATION
7560,0,0,1,ASSOCIATION
7561,0,0,1,ASSOCIATION
7562,0,0,1,ASSOCIATION
7563,0,0,1,ASSOCIATION
7564,0,0,1,ASSOCIATION
7565,0,0,1,ASSOCIATION
7566,0,0,1,ASSOCIATION
7567,0,0,1,ASSOCIATION
7568,0,0,1,ASSOCIATION
7569,0,0,1,ASSOCIATION
7570,0,0,1,ASSOCIATION
7571,0,0,1,ASSOCIATION
7572,0,0,1,ASSOCIATION
7573,0,0,1,ASSOCIATION
7574,0,0,1,ASSOCIATION
7575,0,0,1,ASSOCIATION
7576,0,0,1,ASSOCIATION
7577,0,0,1,ASSOCIATION
7578,0,0,1,ASSOCIATION
7579,0,0,1,ASSOCIATION
7580,0,0,1,ASSOCIATION
7581,0,0,1,ASSOCIATION
7582,0,0,1,ASSOCIATION
7583,0,0,1,ASSOCIATION
7584,0,0,1,ASSOCIATION
7585,0,0,1,ASSOCIATION
7586,0,0,1,ASSOCIATION
7587,0,0,1,ASSOCIATION
7588,0,0,1,ASSOCIATION
7589,0,0,1,ASSOCIATION
7590,0,0,1,ASSOCIATION
7591,0,0,1,ASSOCIATION
7592,0,0,1,ASSOCIATION
7593,0,0,1,ASSOCIATION
7594,0,0,1,ASSOCIATION
7595,0,0,1,ASSOCIATION
7596,0,0,1,ASSOCIATION
7597,0,0,1,ASSOCIATION
7598,0,0,1,ASSOCIATION
7599,0,0,1,ASSOCIATION
7600,0,0,1,ASSOCIATION
7601,0,0,1,ASSOCIATION
7602,0,0,1,ASSOCIATION
7603,0,0,1,ASSOCIATION
7604,0,0,1,ASSOCIATION
7605,0,0,1,ASSOCIATION
7606,0,0,1,ASSOCIATION
7607,0,0,1,ASSOCIATION
7608,0,0,1,ASSOCIATION
7609,0,0,1,ASSOCIATION
7610,0,0,1,ASSOCIATION
7611,0,0,1,ASSOCIATION
7612,0,0,1,ASSOCIATION
7613,0,0,1,ASSOCIATION
7614,0,0,1,ASSOCIATION
7615,0,0,1,ASSOCIATION
7616,0,0,1,ASSOCIATION
7617,0,0,1,ASSOCIATION
7618,0,0,1,ASSOCIATION
7619,0,0,1,ASSOCIATION
7620,0,0,1,ASSOCIATION
7621,0,0,1,ASSOCIATION
7622,0,0,1,ASSOCIATION
7623,0,0,1,ASSOCIATION
7624,0,0,1,ASSOCIATION
7625,0,0,1,ASSOCIATION
7626,0,0,1,ASSOCIATION
7627,0,0,1,ASSOCIATION
7628,0,0,1,ASSOCIATION
7629,0,0,1,ASSOCIATION
7630,0,0,1,ASSOCIATION
7631,0,0,1,ASSOCIATION
7632,0,0,1,ASSOCIATION
7633,0,0,1,ASSOCIATION
7634,0,0,1,ASSOCIATION
7635,0,0,1,ASSOCIATION
7636,0,0,1,ASSOCIATION
7637,0,0,1,ASSOCIATION
7638,0,0,1,ASSOCIATION
7639,0,0,1,ASSOCIATION
7640,0,0,1,ASSOCIATION
7641,0,0,1,ASSOCIATION
7642,0,0,1,ASSOCIATION
7643,0,0,1,ASSOCIATION
7644,0,0,1,ASSOCIATION
7645,0,0,1,ASSOCIATION
7646,0,0,1,ASSOCIATION
7647,0,0,1,ASSOCIATION
7648,0,0,1,ASSOCIATION
7649,0,0,1,ASSOCIATION
7650,0,0,1,ASSOCIATION
7651,0,0,1,ASSOCIATION
7652,0,0,1,ASSOCIATION
7653,0,0,1,ASSOCIATION
7654,0,0,1,ASSOCIATION
7655,0,0,1,ASSOCIATION
7656,0,0,1,ASSOCIATION
7657,0,0,1,ASSOCIATION
7658,0,0,1,ASSOCIATION
7659,0,0,1,ASSOCIATION
7660,0,0,1,ASSOCIATION
7661,0,0,1,ASSOCIATION
7662,0,0,1,ASSOCIATION
7663,0,0,1,ASSOCIATION
7664,0,0,1,ASSOCIATION
7665,0,0,1,ASSOCIATION
7666,0,0,1,ASSOCIATION
7667,0,0,1,ASSOCIATION
7668,0,0,1,ASSOCIATION
7669,0,0,1,ASSOCIATION
7670,0,0,1,ASSOCIATION
7671,0,0,1,ASSOCIATION
7672,0,0,1,ASSOCIATION
7673,0,0,1,ASSOCIATION
7674,0,0,1,ASSOCIATION
7675,0,0,1,ASSOCIATION
7676,0,0,1,ASSOCIATION
7677,0,0,1,ASSOCIATION
7678,0,0,1,ASSOCIATION
7679,0,0,1,ASSOCIATION
7680,0,0,1,ASSOCIATION
7681,0,0,1,ASSOCIATION
7682,0,0,1,ASSOCIATION
7683,0,0,1,ASSOCIATION
7684,0,0,1,ASSOCIATION
7685,0,0,1,ASSOCIATION
7686,0,0,1,ASSOCIATION
7687,0,0,1,ASSOCIATION
7688,0,0,1,ASSOCIATION
7689,0,0,1,ASSOCIATION
7690,0,0,1,ASSOCIATION
7691,0,0,1,ASSOCIATION
7692,0,0,1,ASSOCIATION
7693,0,0,1,ASSOCIATION
7694,0,0,1,ASSOCIATION
7695,0,0,1,ASSOCIATION
7696,0,0,1,ASSOCIATION
7697,0,0,1,ASSOCIATION
7698,0,0,1,ASSOCIATION
7699,0,0,1,ASSOCIATION
7700,0,0,1,ASSOCIATION
7701,0,0,1,ASSOCIATION
7702,0,0,1,ASSOCIATION
7703,0,0,1,ASSOCIATION
7704,0,0,1,ASSOCIATION
7705,0,0,1,ASSOCIATION
7706,0,0,1,ASSOCIATION
7707,0,0,1,ASSOCIATION
7708,0,0,1,ASSOCIATION
7709,0,0,1,ASSOCIATION
7710,0,0,1,ASSOCIATION
7711,0,0,1,ASSOCIATION
7712,0,0,1,ASSOCIATION
7713,0,0,1,ASSOCIATION
7714,0,0,1,ASSOCIATION
7715,0,0,1,ASSOCIATION
7716,0,0,1,ASSOCIATION
7717,0,0,1,ASSOCIATION
7718,0,0,1,ASSOCIATION
7719,0,0,1,ASSOCIATION
7720,0,0,1,ASSOCIATION
7721,0,0,1,ASSOCIATION
7722,0,0,1,ASSOCIATION
7723,0,0,1,ASSOCIATION
7724,0,0,1,ASSOCIATION
7725,0,0,1,ASSOCIATION
7726,0,0,1,ASSOCIATION
7727,0,0,1,ASSOCIATION
7728,0,0,1,ASSOCIATION
7729,0,0,1,ASSOCIATION
7730,0,0,1,ASSOCIATION
7731,0,0,1,ASSOCIATION
7732,0,0,1,ASSOCIATION
7733,0,0,1,ASSOCIATION
7734,0,0,1,ASSOCIATION
7735,0,0,1,ASSOCIATION
7736,0,0,1,ASSOCIATION
7737,0,0,1,ASSOCIATION
7738,0,0,1,ASSOCIATION
7739,0,0,1,ASSOCIATION
7740,0,0,1,ASSOCIATION
7741,0,0,1,ASSOCIATION
7742,0,0,1,ASSOCIATION
7743,0,0,1,ASSOCIATION
7744,0,0,1,ASSOCIATION
7745,0,0,1,ASSOCIATION
7746,0,0,1,ASSOCIATION
7747,0,0,1,ASSOCIATION
7748,0,0,1,ASSOCIATION
7749,0,0,1,ASSOCIATION
7750,0,0,1,ASSOCIATION
7751,0,0,1,ASSOCIATION
7752,0,0,1,ASSOCIATION
7753,0,0,1,ASSOCIATION
7754,0,0,1,ASSOCIATION
7755,0,0,1,ASSOCIATION
7756,0,0,1,ASSOCIATION
7757,0,0,1,ASSOCIATION
7758,0,0,1,ASSOCIATION
7759,0,0,1,ASSOCIATION
7760,0,0,1,ASSOCIATION
7761,0,0,1,ASSOCIATION
7762,0,0,1,ASSOCIATION
7763,0,0,1,ASSOCIATION
7764,0,0,1,ASSOCIATION
7765,0,0,1,ASSOCIATION
7766,0,0,1,ASSOCIATION
7767,0,0,1,ASSOCIATION
7768,0,0,1,ASSOCIATION
7769,0,0,1,ASSOCIATION
7770,0,0,1,ASSOCIATION
7771,0,0,1,ASSOCIATION
7772,0,0,1,ASSOCIATION
7773,0,0,1,ASSOCIATION
7774,0,0,1,ASSOCIATION
7775,0,0,1,ASSOCIATION
7776,0,0,1,ASSOCIATION
7777,0,0,1,ASSOCIATION
7778,0,0,1,ASSOCIATION
7779,0,0,1,ASSOCIATION
7780,0,0,1,ASSOCIATION
7781,0,0,1,ASSOCIATION
7782,0,0,1,ASSOCIATION
7783,0,0,1,ASSOCIATION
7784,0,0,1,ASSOCIATION
7785,0,0,1,ASSOCIATION
7786,0,0,1,ASSOCIATION
7787,0,0,1,ASSOCIATION
7788,0,0,1,ASSOCIATION
7789,0,0,1,ASSOCIATION
7790,0,0,1,ASSOCIATION
7791,0,0,1,ASSOCIATION
7792,0,0,1,ASSOCIATION
7793,0,0,1,ASSOCIATION
7794,0,0,1,ASSOCIATION
7795,0,0,1,ASSOCIATION
7796,0,0,1,ASSOCIATION
7797,0,0,1,ASSOCIATION
7798,0,0,1,ASSOCIATION
7799,0,0,1,ASSOCIATION
7800,0,0,1,ASSOCIATION
7801,0,0,1,ASSOCIATION
7802,0,0,1,ASSOCIATION
7803,0,0,1,ASSOCIATION
7804,0,0,1,ASSOCIATION
7805,0,0,1,ASSOCIATION
7806,0,0,1,ASSOCIATION
7807,0,0,1,ASSOCIATION
7808,0,0,1,ASSOCIATION
7809,0,0,1,ASSOCIATION
7810,0,0,1,ASSOCIATION
7811,0,0,1,ASSOCIATION
7812,0,0,1,ASSOCIATION
7813,0,0,1,ASSOCIATION
7814,0,0,1,ASSOCIATION
7815,0,0,1,ASSOCIATION
7816,0,0,1,ASSOCIATION
7817,0,0,1,ASSOCIATION
7818,0,0,1,ASSOCIATION
7819,0,0,1,ASSOCIATION
7820,0,0,1,ASSOCIATION
7821,0,0,1,ASSOCIATION
7822,0,0,1,ASSOCIATION
7823,0,0,1,ASSOCIATION
7824,0,0,1,ASSOCIATION
7825,0,0,1,ASSOCIATION
7826,0,0,1,ASSOCIATION
7827,0,0,1,ASSOCIATION
7828,0,0,1,ASSOCIATION
7829,0,0,1,ASSOCIATION
7830,0,0,1,ASSOCIATION
7831,0,0,1,ASSOCIATION
7832,0,0,1,ASSOCIATION
7833,0,0,1,ASSOCIATION
7834,0,0,1,ASSOCIATION
7835,0,0,1,ASSOCIATION
7836,0,0,1,ASSOCIATION
7837,0,0,1,ASSOCIATION
7838,0,0,1,ASSOCIATION
7839,0,0,1,ASSOCIATION
7840,0,0,1,ASSOCIATION
7841,0,0,1,ASSOCIATION
7842,0,0,1,ASSOCIATION
7843,0,0,1,ASSOCIATION
7844,0,0,1,ASSOCIATION
7845,0,0,1,ASSOCIATION
7846,0,0,1,ASSOCIATION
7847,0,0,1,ASSOCIATION
7848,0,0,1,ASSOCIATION
7849,0,0,1,ASSOCIATION
7850,0,0,1,ASSOCIATION
7851,0,0,1,ASSOCIATION
7852,0,0,1,ASSOCIATION
7853,0,0,1,ASSOCIATION
7854,0,0,1,ASSOCIATION
7855,0,0,1,ASSOCIATION
7856,0,0,1,ASSOCIATION
7857,0,0,1,ASSOCIATION
7858,0,0,1,ASSOCIATION
7859,0,0,1,ASSOCIATION
7860,0,0,1,ASSOCIATION
7861,0,0,1,ASSOCIATION
7862,0,0,1,ASSOCIATION
7863,0,0,1,ASSOCIATION
7864,0,0,1,ASSOCIATION
7865,0,0,1,ASSOCIATION
7866,0,0,1,ASSOCIATION
7867,0,0,1,ASSOCIATION
7868,0,0,1,ASSOCIATION
7869,0,0,1,ASSOCIATION
7870,0,0,1,ASSOCIATION
7871,0,0,1,ASSOCIATION
7872,0,0,1,ASSOCIATION
7873,0,0,1,ASSOCIATION
7874,0,0,1,ASSOCIATION
7875,0,0,1,ASSOCIATION
7876,0,0,1,ASSOCIATION
7877,0,0,1,ASSOCIATION
7878,0,0,1,ASSOCIATION
7879,0,0,1,ASSOCIATION
7880,0,0,1,ASSOCIATION
7881,0,0,1,ASSOCIATION
7882,0,0,1,ASSOCIATION
7883,0,0,1,ASSOCIATION
7884,0,0,1,ASSOCIATION
7885,0,0,1,ASSOCIATION
7886,0,0,1,ASSOCIATION
7887,0,0,1,ASSOCIATION
7888,0,0,1,ASSOCIATION
7889,0,0,1,ASSOCIATION
7890,0,0,1,ASSOCIATION
7891,0,0,1,ASSOCIATION
7892,0,0,1,ASSOCIATION
7893,0,0,1,ASSOCIATION
7894,0,0,1,ASSOCIATION
7895,0,0,1,ASSOCIATION
7896,0,0,1,ASSOCIATION
7897,0,0,1,ASSOCIATION
7898,0,0,1,ASSOCIATION
7899,0,0,1,ASSOCIATION
7900,0,0,1,ASSOCIATION
7901,0,0,1,ASSOCIATION
7902,0,0,1,ASSOCIATION
7903,0,0,1,ASSOCIATION
7904,0,0,1,ASSOCIATION
7905,0,0,1,ASSOCIATION
7906,0,0,1,ASSOCIATION
7907,0,0,1,ASSOCIATION
7908,0,0,1,ASSOCIATION
7909,0,0,1,ASSOCIATION
7910,0,0,1,ASSOCIATION
7911,0,0,1,ASSOCIATION
7912,0,0,1,ASSOCIATION
7913,0,0,1,ASSOCIATION
7914,0,0,1,ASSOCIATION
7915,0,0,1,ASSOCIATION
7916,0,0,1,ASSOCIATION
7917,0,0,1,ASSOCIATION
7918,0,0,1,ASSOCIATION
7919,0,0,1,ASSOCIATION
7920,0,0,1,ASSOCIATION
7921,0,0,1,ASSOCIATION
7922,0,0,1,ASSOCIATION
7923,0,0,1,ASSOCIATION
7924,0,0,1,ASSOCIATION
7925,0,0,1,ASSOCIATION
7926,0,0,1,ASSOCIATION
7927,0,0,1,ASSOCIATION
7928,0,0,1,ASSOCIATION
7929,0,0,1,ASSOCIATION
7930,0,0,1,ASSOCIATION
7931,0,0,1,ASSOCIATION
7932,0,0,1,ASSOCIATION
7933,0,0,1,ASSOCIATION
7934,0,0,1,ASSOCIATION
7935,0,0,1,ASSOCIATION
7936,0,0,1,ASSOCIATION
7937,0,0,1,ASSOCIATION
7938,0,0,1,ASSOCIATION
7939,0,0,1,ASSOCIATION
7940,0,0,1,ASSOCIATION
7941,0,0,1,ASSOCIATION
7942,0,0,1,ASSOCIATION
7943,0,0,1,ASSOCIATION
7944,0,0,1,ASSOCIATION
7945,0,0,1,ASSOCIATION
7946,0,0,1,ASSOCIATION
7947,0,0,1,ASSOCIATION
7948,0,0,1,ASSOCIATION
7949,0,0,1,ASSOCIATION
7950,0,0,1,ASSOCIATION
7951,0,0,1,ASSOCIATION
7952,0,0,1,ASSOCIATION
7953,0,0,1,ASSOCIATION
7954,0,0,1,ASSOCIATION
7955,0,0,1,ASSOCIATION
7956,0,0,1,ASSOCIATION
7957,0,0,1,ASSOCIATION
7958,0,0,1,ASSOCIATION
7959,0,0,1,ASSOCIATION
7960,0,0,1,ASSOCIATION
7961,0,0,1,ASSOCIATION
7962,0,0,1,ASSOCIATION
7963,0,0,1,ASSOCIATION
7964,0,0,1,ASSOCIATION
7965,0,0,1,ASSOCIATION
7966,0,0,1,ASSOCIATION
7967,0,0,1,ASSOCIATION
7968,0,0,1,ASSOCIATION
7969,0,0,1,ASSOCIATION
7970,0,0,1,ASSOCIATION
7971,0,0,1,ASSOCIATION
7972,0,0,1,ASSOCIATION
7973,0,0,1,ASSOCIATION
7974,0,0,1,ASSOCIATION
7975,0,0,1,ASSOCIATION
7976,0,0,1,ASSOCIATION
7977,0,0,1,ASSOCIATION
7978,0,0,1,ASSOCIATION
7979,0,0,1,ASSOCIATION
7980,0,0,1,ASSOCIATION
7981,0,0,1,ASSOCIATION
7982,0,0,1,ASSOCIATION
7983,0,0,1,ASSOCIATION
7984,0,0,1,ASSOCIATION
7985,0,0,1,ASSOCIATION
7986,0,0,1,ASSOCIATION
7987,0,0,1,ASSOCIATION
7988,0,0,1,ASSOCIATION
7989,0,0,1,ASSOCIATION
7990,0,0,1,ASSOCIATION
7991,0,0,1,ASSOCIATION
7992,0,0,1,ASSOCIATION
7993,0,0,1,ASSOCIATION
7994,0,0,1,ASSOCIATION
7995,0,0,1,ASSOCIATION
7996,0,0,1,ASSOCIATION
7997,0,0,1,ASSOCIATION
7998,0,0,1,ASSOCIATION
7999,0,0,1,ASSOCIATION
8000,0,0,1,MOTOR
8001,0,0,1,MOTOR
8002,0,0,1,MOTOR
8003,0,0,1,MOTOR
8004,0,0,1,MOTOR
8005,0,0,1,MOTOR
8006,0,0,1,MOTOR
8007,0,0,1,MOTOR
8008,0,0,1,MOTOR
8009,0,0,1,MOTOR
8010,0,0,1,MOTOR
8011,0,0,1,MOTOR
8012,0,0,1,MOTOR
8013,0,0,1,MOTOR
8014,0,0,1,MOTOR
8015,0,0,1,MOTOR
8016,0,0,1,MOTOR
8017,0,0,1,MOTOR
8018,0,0,1,MOTOR
8019,0,0,1,MOTOR
8020,0,0,1,MOTOR
8021,0,0,1,MOTOR
8022,0,0,1,MOTOR
8023,0,0,1,MOTOR
8024,0,0,1,MOTOR
8025,0,0,1,MOTOR
8026,0,0,1,MOTOR
8027,0,0,1,MOTOR
8028,0,0,1,MOTOR
8029,0,0,1,MOTOR
8030,0,0,1,MOTOR
8031,0,0,1,MOTOR
8032,0,0,1,MOTOR
8033,0,0,1,MOTOR
8034,0,0,1,MOTOR
8035,0,0,1,MOTOR
8036,0,0,1,MOTOR
8037,0,0,1,MOTOR
8038,0,0,1,MOTOR
8039,0,0,1,MOTOR
8040,0,0,1,MOTOR
8041,0,0,1,MOTOR
8042,0,0,1,MOTOR
8043,0,0,1,MOTOR
8044,0,0,1,MOTOR
8045,0,0,1,MOTOR
8046,0,0,1,MOTOR
8047,0,0,1,MOTOR
8048,0,0,1,MOTOR
8049,0,0,1,MOTOR
8050,0,0,1,MOTOR
8051,0,0,1,MOTOR
8052,0,0,1,MOTOR
8053,0,0,1,MOTOR
8054,0,0,1,MOTOR
8055,0,0,1,MOTOR
8056,0,0,1,MOTOR
8057,0,0,1,MOTOR
8058,0,0,1,MOTOR
8059,0,0,1,MOTOR
8060,0,0,1,MOTOR
8061,0,0,1,MOTOR
8062,0,0,1,MOTOR
8063,0,0,1,MOTOR
8064,0,0,1,MOTOR
8065,0,0,1,MOTOR
8066,0,0,1,MOTOR
8067,0,0,1,MOTOR
8068,0,0,1,MOTOR
8069,0,0,1,MOTOR
8070,0,0,1,MOTOR
8071,0,0,1,MOTOR
8072,0,0,1,MOTOR
8073,0,0,1,MOTOR
8074,0,0,1,MOTOR
8075,0,0,1,MOTOR
8076,0,0,1,MOTOR
8077,0,0,1,MOTOR
8078,0,0,1,MOTOR
8079,0,0,1,MOTOR
8080,0,0,1,MOTOR
8081,0,0,1,MOTOR
8082,0,0,1,MOTOR
8083,0,0,1,MOTOR
8084,0,0,1,MOTOR
8085,0,0,1,MOTOR
8086,0,0,1,MOTOR
8087,0,0,1,MOTOR
8088,0,0,1,MOTOR
8089,0,0,1,MOTOR
8090,0,0,1,MOTOR
8091,0,0,1,MOTOR
8092,0,0,1,MOTOR
8093,0,0,1,MOTOR
8094,0,0,1,MOTOR
8095,0,0,1,MOTOR
8096,0,0,1,MOTOR
8097,0,0,1,MOTOR
8098,0,0,1,MOTOR
8099,0,0,1,MOTOR
8100,0,0,1,MOTOR
8101,0,0,1,MOTOR
8102,0,0,1,MOTOR
8103,0,0,1,MOTOR
8104,0,0,1,MOTOR
8105,0,0,1,MOTOR
8106,0,0,1,MOTOR
8107,0,0,1,MOTOR
8108,0,0,1,MOTOR
8109,0,0,1,MOTOR
8110,0,0,1,MOTOR
8111,0,0,1,MOTOR
8112,0,0,1,MOTOR
8113,0,0,1,MOTOR
8114,0,0,1,MOTOR
8115,0,0,1,MOTOR
8116,0,0,1,MOTOR
8117,0,0,1,MOTOR
8118,0,0,1,MOTOR
8119,0,0,1,MOTOR
8120,0,0,1,MOTOR
8121,0,0,1,MOTOR
8122,0,0,1,MOTOR
8123,0,0,1,MOTOR
8124,0,0,1,MOTOR
8125,0,0,1,MOTOR
8126,0,0,1,MOTOR
8127,0,0,1,MOTOR
8128,0,0,1,MOTOR
8129,0,0,1,MOTOR
8130,0,0,1,MOTOR
8131,0,0,1,MOTOR
8132,0,0,1,MOTOR
8133,0,0,1,MOTOR
8134,0,0,1,MOTOR
8135,0,0,1,MOTOR
8136,0,0,1,MOTOR
8137,0,0,1,MOTOR
8138,0,0,1,MOTOR
8139,0,0,1,MOTOR
8140,0,0,1,MOTOR
8141,0,0,1,MOTOR
8142,0,0,1,MOTOR
8143,0,0,1,MOTOR
8144,0,0,1,MOTOR
8145,0,0,1,MOTOR
8146,0,0,1,MOTOR
8147,0,0,1,MOTOR
8148,0,0,1,MOTOR
8149,0,0,1,MOTOR
8150,0,0,1,MOTOR
8151,0,0,1,MOTOR
8152,0,0,1,MOTOR
8153,0,0,1,MOTOR
8154,0,0,1,MOTOR
8155,0,0,1,MOTOR
8156,0,0,1,MOTOR
8157,0,0,1,MOTOR
8158,0,0,1,MOTOR
8159,0,0,1,MOTOR
8160,0,0,1,MOTOR
8161,0,0,1,MOTOR
8162,0,0,1,MOTOR
8163,0,0,1,MOTOR
8164,0,0,1,MOTOR
8165,0,0,1,MOTOR
8166,0,0,1,MOTOR
8167,0,0,1,MOTOR
8168,0,0,1,MOTOR
8169,0,0,1,MOTOR
8170,0,0,1,MOTOR
8171,0,0,1,MOTOR
8172,0,0,1,MOTOR
8173,0,0,1,MOTOR
8174,0,0,1,MOTOR
8175,0,0,1,MOTOR
8176,0,0,1,MOTOR
8177,0,0,1,MOTOR
8178,0,0,1,MOTOR
8179,0,0,1,MOTOR
8180,0,0,1,MOTOR
8181,0,0,1,MOTOR
8182,0,0,1,MOTOR
8183,0,0,1,MOTOR
8184,0,0,1,MOTOR
8185,0,0,1,MOTOR
8186,0,0,1,MOTOR
8187,0,0,1,MOTOR
8188,0,0,1,MOTOR
8189,0,0,1,MOTOR
8190,0,0,1,MOTOR
8191,0,0,1,MOTOR
8192,0,0,1,MOTOR
8193,0,0,1,MOTOR
8194,0,0,1,MOTOR
8195,0,0,1,MOTOR
8196,0,0,1,MOTOR
8197,0,0,1,MOTOR
8198,0,0,1,MOTOR
8199,0,0,1,MOTOR
8200,0,0,1,MOTOR
8201,0,0,1,MOTOR
8202,0,0,1,MOTOR
8203,0,0,1,MOTOR
8204,0,0,1,MOTOR
8205,0,0,1,MOTOR
8206,0,0,1,MOTOR
8207,0,0,1,MOTOR
8208,0,0,1,MOTOR
8209,0,0,1,MOTOR
8210,0,0,1,MOTOR
8211,0,0,1,MOTOR
8212,0,0,1,MOTOR
8213,0,0,1,MOTOR
8214,0,0,1,MOTOR
8215,0,0,1,MOTOR
8216,0,0,1,MOTOR
8217,0,0,1,MOTOR
8218,0,0,1,MOTOR
8219,0,0,1,MOTOR
8220,0,0,1,MOTOR
8221,0,0,1,MOTOR
8222,0,0,1,MOTOR
8223,0,0,1,MOTOR
8224,0,0,1,MOTOR
8225,0,0,1,MOTOR
8226,0,0,1,MOTOR
8227,0,0,1,MOTOR
8228,0,0,1,MOTOR
8229,0,0,1,MOTOR
8230,0,0,1,MOTOR
8231,0,0,1,MOTOR
8232,0,0,1,MOTOR
8233,0,0,1,MOTOR
8234,0,0,1,MOTOR
8235,0,0,1,MOTOR
8236,0,0,1,MOTOR
8237,0,0,1,MOTOR
8238,0,0,1,MOTOR
8239,0,0,1,MOTOR
8240,0,0,1,MOTOR
8241,0,0,1,MOTOR
8242,0,0,1,MOTOR
8243,0,0,1,MOTOR
8244,0,0,1,MOTOR
8245,0,0,1,MOTOR
8246,0,0,1,MOTOR
8247,0,0,1,MOTOR
8248,0,0,1,MOTOR
8249,0,0,1,MOTOR
8250,0,0,1,MOTOR
8251,0,0,1,MOTOR
8252,0,0,1,MOTOR
8253,0,0,1,MOTOR
8254,0,0,1,MOTOR
8255,0,0,1,MOTOR
8256,0,0,1,MOTOR
8257,0,0,1,MOTOR
8258,0,0,1,MOTOR
8259,0,0,1,MOTOR
8260,0,0,1,MOTOR
8261,0,0,1,MOTOR
8262,0,0,1,MOTOR
8263,0,0,1,MOTOR
8264,0,0,1,MOTOR
8265,0,0,1,MOTOR
8266,0,0,1,MOTOR
8267,0,0,1,MOTOR
8268,0,0,1,MOTOR
8269,0,0,1,MOTOR
8270,0,0,1,MOTOR
8271,0,0,1,MOTOR
8272,0,0,1,MOTOR
8273,0,0,1,MOTOR
8274,0,0,1,MOTOR
8275,0,0,1,MOTOR
8276,0,0,1,MOTOR
8277,0,0,1,MOTOR
8278,0,0,1,MOTOR
8279,0,0,1,MOTOR
8280,0,0,1,MOTOR
8281,0,0,1,MOTOR
8282,0,0,1,MOTOR
8283,0,0,1,MOTOR
8284,0,0,1,MOTOR
8285,0,0,1,MOTOR
8286,0,0,1,MOTOR
8287,0,0,1,MOTOR
8288,0,0,1,MOTOR
8289,0,0,1,MOTOR
8290,0,0,1,MOTOR
8291,0,0,1,MOTOR
8292,0,0,1,MOTOR
8293,0,0,1,MOTOR
8294,0,0,1,MOTOR
8295,0,0,1,MOTOR
8296,0,0,1,MOTOR
8297,0,0,1,MOTOR
8298,0,0,1,MOTOR
8299,0,0,1,MOTOR
8300,0,0,1,MOTOR
8301,0,0,1,MOTOR
8302,0,0,1,MOTOR
8303,0,0,1,MOTOR
8304,0,0,1,MOTOR
8305,0,0,1,MOTOR
8306,0,0,1,MOTOR
8307,0,0,1,MOTOR
8308,0,0,1,MOTOR
8309,0,0,1,MOTOR
8310,0,0,1,MOTOR
8311,0,0,1,MOTOR
8312,0,0,1,MOTOR
8313,0,0,1,MOTOR
8314,0,0,1,MOTOR
8315,0,0,1,MOTOR
8316,0,0,1,MOTOR
8317,0,0,1,MOTOR
8318,0,0,1,MOTOR
8319,0,0,1,MOTOR
8320,0,0,1,MOTOR
8321,0,0,1,MOTOR
8322,0,0,1,MOTOR
8323,0,0,1,MOTOR
8324,0,0,1,MOTOR
8325,0,0,1,MOTOR
8326,0,0,1,MOTOR
8327,0,0,1,MOTOR
8328,0,0,1,MOTOR
8329,0,0,1,MOTOR
8330,0,0,1,MOTOR
8331,0,0,1,MOTOR
8332,0,0,1,MOTOR
8333,0,0,1,MOTOR
8334,0,0,1,MOTOR
8335,0,0,1,MOTOR
8336,0,0,1,MOTOR
8337,0,0,1,MOTOR
8338,0,0,1,MOTOR
8339,0,0,1,MOTOR
8340,0,0,1,MOTOR
8341,0,0,1,MOTOR
8342,0,0,1,MOTOR
8343,0,0,1,MOTOR
8344,0,0,1,MOTOR
8345,0,0,1,MOTOR
8346,0,0,1,MOTOR
8347,0,0,1,MOTOR
8348,0,0,1,MOTOR
8349,0,0,1,MOTOR
8350,0,0,1,MOTOR
8351,0,0,1,MOTOR
8352,0,0,1,MOTOR
8353,0,0,1,MOTOR
8354,0,0,1,MOTOR
8355,0,0,1,MOTOR
8356,0,0,1,MOTOR
8357,0,0,1,MOTOR
8358,0,0,1,MOTOR
8359,0,0,1,MOTOR
8360,0,0,1,MOTOR
8361,0,0,1,MOTOR
8362,0,0,1,MOTOR
8363,0,0,1,MOTOR
8364,0,0,1,MOTOR
8365,0,0,1,MOTOR
8366,0,0,1,MOTOR
8367,0,0,1,MOTOR
8368,0,0,1,MOTOR
8369,0,0,1,MOTOR
8370,0,0,1,MOTOR
8371,0,0,1,MOTOR
8372,0,0,1,MOTOR
8373,0,0,1,MOTOR
8374,0,0,1,MOTOR
8375,0,0,1,MOTOR
8376,0,0,1,MOTOR
8377,0,0,1,MOTOR
8378,0,0,1,MOTOR
8379,0,0,1,MOTOR
8380,0,0,1,MOTOR
8381,0,0,1,MOTOR
8382,0,0,1,MOTOR
8383,0,0,1,MOTOR
8384,0,0,1,MOTOR
8385,0,0,1,MOTOR
8386,0,0,1,MOTOR
8387,0,0,1,MOTOR
8388,0,0,1,MOTOR
8389,0,0,1,MOTOR
8390,0,0,1,MOTOR
8391,0,0,1,MOTOR
8392,0,0,1,MOTOR
8393,0,0,1,MOTOR
8394,0,0,1,MOTOR
8395,0,0,1,MOTOR
8396,0,0,1,MOTOR
8397,0,0,1,MOTOR
8398,0,0,1,MOTOR
8399,0,0,1,MOTOR
8400,0,0,1,MOTOR
8401,0,0,1,MOTOR
8402,0,0,1,MOTOR
8403,0,0,1,MOTOR
8404,0,0,1,MOTOR
8405,0,0,1,MOTOR
8406,0,0,1,MOTOR
8407,0,0,1,MOTOR
8408,0,0,1,MOTOR
8409,0,0,1,MOTOR
8410,0,0,1,MOTOR
8411,0,0,1,MOTOR
8412,0,0,1,MOTOR
8413,0,0,1,MOTOR
8414,0,0,1,MOTOR
8415,0,0,1,MOTOR
8416,0,0,1,MOTOR
8417,0,0,1,MOTOR
8418,0,0,1,MOTOR
8419,0,0,1,MOTOR
8420,0,0,1,MOTOR
8421,0,0,1,MOTOR
8422,0,0,1,MOTOR
8423,0,0,1,MOTOR
8424,0,0,1,MOTOR
8425,0,0,1,MOTOR
8426,0,0,1,MOTOR
8427,0,0,1,MOTOR
8428,0,0,1,MOTOR
8429,0,0,1,MOTOR
8430,0,0,1,MOTOR
8431,0,0,1,MOTOR
8432,0,0,1,MOTOR
8433,0,0,1,MOTOR
8434,0,0,1,MOTOR
8435,0,0,1,MOTOR
8436,0,0,1,MOTOR
8437,0,0,1,MOTOR
8438,0,0,1,MOTOR
8439,0,0,1,MOTOR
8440,0,0,1,MOTOR
8441,0,0,1,MOTOR
8442,0,0,1,MOTOR
8443,0,0,1,MOTOR
8444,0,0,1,MOTOR
8445,0,0,1,MOTOR
8446,0,0,1,MOTOR
8447,0,0,1,MOTOR
8448,0,0,1,MOTOR
8449,0,0,1,MOTOR
8450,0,0,1,MOTOR
8451,0,0,1,MOTOR
8452,0,0,1,MOTOR
8453,0,0,1,MOTOR
8454,0,0,1,MOTOR
8455,0,0,1,MOTOR
8456,0,0,1,MOTOR
8457,0,0,1,MOTOR
8458,0,0,1,MOTOR
8459,0,0,1,MOTOR
8460,0,0,1,MOTOR
8461,0,0,1,MOTOR
8462,0,0,1,MOTOR
8463,0,0,1,MOTOR
8464,0,0,1,MOTOR
8465,0,0,1,MOTOR
8466,0,0,1,MOTOR
8467,0,0,1,MOTOR
8468,0,0,1,MOTOR
8469,0,0,1,MOTOR
8470,0,0,1,MOTOR
8471,0,0,1,MOTOR
8472,0,0,1,MOTOR
8473,0,0,1,MOTOR
8474,0,0,1,MOTOR
8475,0,0,1,MOTOR
8476,0,0,1,MOTOR
8477,0,0,1,MOTOR
8478,0,0,1,MOTOR
8479,0,0,1,MOTOR
8480,0,0,1,MOTOR
8481,0,0,1,MOTOR
8482,0,0,1,MOTOR
8483,0,0,1,MOTOR
8484,0,0,1,MOTOR
8485,0,0,1,MOTOR
8486,0,0,1,MOTOR
8487,0,0,1,MOTOR
8488,0,0,1,MOTOR
8489,0,0,1,MOTOR
8490,0,0,1,MOTOR
8491,0,0,1,MOTOR
8492,0,0,1,MOTOR
8493,0,0,1,MOTOR
8494,0,0,1,MOTOR
8495,0,0,1,MOTOR
8496,0,0,1,MOTOR
8497,0,0,1,MOTOR
8498,0,0,1,MOTOR
8499,0,0,1,MOTOR
8500,0,0,1,MOTOR
8501,0,0,1,MOTOR
8502,0,0,1,MOTOR
8503,0,0,1,MOTOR
8504,0,0,1,MOTOR
8505,0,0,1,MOTOR
8506,0,0,1,MOTOR
8507,0,0,1,MOTOR
8508,0,0,1,MOTOR
8509,0,0,1,MOTOR
8510,0,0,1,MOTOR
8511,0,0,1,MOTOR
8512,0,0,1,MOTOR
8513,0,0,1,MOTOR
8514,0,0,1,MOTOR
8515,0,0,1,MOTOR
8516,0,0,1,MOTOR
8517,0,0,1,MOTOR
8518,0,0,1,MOTOR
8519,0,0,1,MOTOR
8520,0,0,1,MOTOR
8521,0,0,1,MOTOR
8522,0,0,1,MOTOR
8523,0,0,1,MOTOR
8524,0,0,1,MOTOR
8525,0,0,1,MOTOR
8526,0,0,1,MOTOR
8527,0,0,1,MOTOR
8528,0,0,1,MOTOR
8529,0,0,1,MOTOR
8530,0,0,1,MOTOR
8531,0,0,1,MOTOR
8532,0,0,1,MOTOR
8533,0,0,1,MOTOR
8534,0,0,1,MOTOR
8535,0,0,1,MOTOR
8536,0,0,1,MOTOR
8537,0,0,1,MOTOR
8538,0,0,1,MOTOR
8539,0,0,1,MOTOR
8540,0,0,1,MOTOR
8541,0,0,1,MOTOR
8542,0,0,1,MOTOR
8543,0,0,1,MOTOR
8544,0,0,1,MOTOR
8545,0,0,1,MOTOR
8546,0,0,1,MOTOR
8547,0,0,1,MOTOR
8548,0,0,1,MOTOR
8549,0,0,1,MOTOR
8550,0,0,1,MOTOR
8551,0,0,1,MOTOR
8552,0,0,1,MOTOR
8553,0,0,1,MOTOR
8554,0,0,1,MOTOR
8555,0,0,1,MOTOR
8556,0,0,1,MOTOR
8557,0,0,1,MOTOR
8558,0,0,1,MOTOR
8559,0,0,1,MOTOR
8560,0,0,1,MOTOR
8561,0,0,1,MOTOR
8562,0,0,1,MOTOR
8563,0,0,1,MOTOR
8564,0,0,1,MOTOR
8565,0,0,1,MOTOR
8566,0,0,1,MOTOR
8567,0,0,1,MOTOR
8568,0,0,1,MOTOR
8569,0,0,1,MOTOR
8570,0,0,1,MOTOR
8571,0,0,1,MOTOR
8572,0,0,1,MOTOR
8573,0,0,1,MOTOR
8574,0,0,1,MOTOR
8575,0,0,1,MOTOR
8576,0,0,1,MOTOR
8577,0,0,1,MOTOR
8578,0,0,1,MOTOR
8579,0,0,1,MOTOR
8580,0,0,1,MOTOR
8581,0,0,1,MOTOR
8582,0,0,1,MOTOR
8583,0,0,1,MOTOR
8584,0,0,1,MOTOR
8585,0,0,1,MOTOR
8586,0,0,1,MOTOR
8587,0,0,1,MOTOR
8588,0,0,1,MOTOR
8589,0,0,1,MOTOR
8590,0,0,1,MOTOR
8591,0,0,1,MOTOR
8592,0,0,1,MOTOR
8593,0,0,1,MOTOR
8594,0,0,1,MOTOR
8595,0,0,1,MOTOR
8596,0,0,1,MOTOR
8597,0,0,1,MOTOR
8598,0,0,1,MOTOR
8599,0,0,1,MOTOR
8600,0,0,1,MOTOR
8601,0,0,1,MOTOR
8602,0,0,1,MOTOR
8603,0,0,1,MOTOR
8604,0,0,1,MOTOR
8605,0,0,1,MOTOR
8606,0,0,1,MOTOR
8607,0,0,1,MOTOR
8608,0,0,1,MOTOR
8609,0,0,1,MOTOR
8610,0,0,1,MOTOR
8611,0,0,1,MOTOR
8612,0,0,1,MOTOR
8613,0,0,1,MOTOR
8614,0,0,1,MOTOR
8615,0,0,1,MOTOR
8616,0,0,1,MOTOR
8617,0,0,1,MOTOR
8618,0,0,1,MOTOR
8619,0,0,1,MOTOR
8620,0,0,1,MOTOR
8621,0,0,1,MOTOR
8622,0,0,1,MOTOR
8623,0,0,1,MOTOR
8624,0,0,1,MOTOR
8625,0,0,1,MOTOR
8626,0,0,1,MOTOR
8627,0,0,1,MOTOR
8628,0,0,1,MOTOR
8629,0,0,1,MOTOR
8630,0,0,1,MOTOR
8631,0,0,1,MOTOR
8632,0,0,1,MOTOR
8633,0,0,1,MOTOR
8634,0,0,1,MOTOR
8635,0,0,1,MOTOR
8636,0,0,1,MOTOR
8637,0,0,1,MOTOR
8638,0,0,1,MOTOR
8639,0,0,1,MOTOR
8640,0,0,1,MOTOR
8641,0,0,1,MOTOR
8642,0,0,1,MOTOR
8643,0,0,1,MOTOR
8644,0,0,1,MOTOR
8645,0,0,1,MOTOR
8646,0,0,1,MOTOR
8647,0,0,1,MOTOR
8648,0,0,1,MOTOR
8649,0,0,1,MOTOR
8650,0,0,1,MOTOR
8651,0,0,1,MOTOR
8652,0,0,1,MOTOR
8653,0,0,1,MOTOR
8654,0,0,1,MOTOR
8655,0,0,1,MOTOR
8656,0,0,1,MOTOR
8657,0,0,1,MOTOR
8658,0,0,1,MOTOR
8659,0,0,1,MOTOR
8660,0,0,1,MOTOR
8661,0,0,1,MOTOR
8662,0,0,1,MOTOR
8663,0,0,1,MOTOR
8664,0,0,1,MOTOR
8665,0,0,1,MOTOR
8666,0,0,1,MOTOR
8667,0,0,1,MOTOR
8668,0,0,1,MOTOR
8669,0,0,1,MOTOR
8670,0,0,1,MOTOR
8671,0,0,1,MOTOR
8672,0,0,1,MOTOR
8673,0,0,1,MOTOR
8674,0,0,1,MOTOR
8675,0,0,1,MOTOR
8676,0,0,1,MOTOR
8677,0,0,1,MOTOR
8678,0,0,1,MOTOR
8679,0,0,1,MOTOR
8680,0,0,1,MOTOR
8681,0,0,1,MOTOR
8682,0,0,1,MOTOR
8683,0,0,1,MOTOR
8684,0,0,1,MOTOR
8685,0,0,1,MOTOR
8686,0,0,1,MOTOR
8687,0,0,1,MOTOR
8688,0,0,1,MOTOR
8689,0,0,1,MOTOR
8690,0,0,1,MOTOR
8691,0,0,1,MOTOR
8692,0,0,1,MOTOR
8693,0,0,1,MOTOR
8694,0,0,1,MOTOR
8695,0,0,1,MOTOR
8696,0,0,1,MOTOR
8697,0,0,1,MOTOR
8698,0,0,1,MOTOR
8699,0,0,1,MOTOR
8700,0,0,1,MOTOR
8701,0,0,1,MOTOR
8702,0,0,1,MOTOR
8703,0,0,1,MOTOR
8704,0,0,1,MOTOR
8705,0,0,1,MOTOR
8706,0,0,1,MOTOR
8707,0,0,1,MOTOR
8708,0,0,1,MOTOR
8709,0,0,1,MOTOR
8710,0,0,1,MOTOR
8711,0,0,1,MOTOR
8712,0,0,1,MOTOR
8713,0,0,1,MOTOR
8714,0,0,1,MOTOR
8715,0,0,1,MOTOR
8716,0,0,1,MOTOR
8717,0,0,1,MOTOR
8718,0,0,1,MOTOR
8719,0,0,1,MOTOR
8720,0,0,1,MOTOR
8721,0,0,1,MOTOR
8722,0,0,1,MOTOR
8723,0,0,1,MOTOR
8724,0,0,1,MOTOR
8725,0,0,1,MOTOR
8726,0,0,1,MOTOR
8727,0,0,1,MOTOR
8728,0,0,1,MOTOR
8729,0,0,1,MOTOR
8730,0,0,1,MOTOR
8731,0,0,1,MOTOR
8732,0,0,1,MOTOR
8733,0,0,1,MOTOR
8734,0,0,1,MOTOR
8735,0,0,1,MOTOR
8736,0,0,1,MOTOR
8737,0,0,1,MOTOR
8738,0,0,1,MOTOR
8739,0,0,1,MOTOR
8740,0,0,1,MOTOR
8741,0,0,1,MOTOR
8742,0,0,1,MOTOR
8743,0,0,1,MOTOR
8744,0,0,1,MOTOR
8745,0,0,1,MOTOR
8746,0,0,1,MOTOR
8747,0,0,1,MOTOR
8748,0,0,1,MOTOR
8749,0,0,1,MOTOR
8750,0,0,1,MOTOR
8751,0,0,1,MOTOR
8752,0,0,1,MOTOR
8753,0,0,1,MOTOR
8754,0,0,1,MOTOR
8755,0,0,1,MOTOR
8756,0,0,1,MOTOR
8757,0,0,1,MOTOR
8758,0,0,1,MOTOR
8759,0,0,1,MOTOR
8760,0,0,1,MOTOR
8761,0,0,1,MOTOR
8762,0,0,1,MOTOR
8763,0,0,1,MOTOR
8764,0,0,1,MOTOR
8765,0,0,1,MOTOR
8766,0,0,1,MOTOR
8767,0,0,1,MOTOR
8768,0,0,1,MOTOR
8769,0,0,1,MOTOR
8770,0,0,1,MOTOR
8771,0,0,1,MOTOR
8772,0,0,1,MOTOR
8773,0,0,1,MOTOR
8774,0,0,1,MOTOR
8775,0,0,1,MOTOR
8776,0,0,1,MOTOR
8777,0,0,1,MOTOR
8778,0,0,1,MOTOR
8779,0,0,1,MOTOR
8780,0,0,1,MOTOR
8781,0,0,1,MOTOR
8782,0,0,1,MOTOR
8783,0,0,1,MOTOR
8784,0,0,1,MOTOR
8785,0,0,1,MOTOR
8786,0,0,1,MOTOR
8787,0,0,1,MOTOR
8788,0,0,1,MOTOR
8789,0,0,1,MOTOR
8790,0,0,1,MOTOR
8791,0,0,1,MOTOR
8792,0,0,1,MOTOR
8793,0,0,1,MOTOR
8794,0,0,1,MOTOR
8795,0,0,1,MOTOR
8796,0,0,1,MOTOR
8797,0,0,1,MOTOR
8798,0,0,1,MOTOR
8799,0,0,1,MOTOR
8800,0,0,1,MOTOR
8801,0,0,1,MOTOR
8802,0,0,1,MOTOR
8803,0,0,1,MOTOR
8804,0,0,1,MOTOR
8805,0,0,1,MOTOR
8806,0,0,1,MOTOR
8807,0,0,1,MOTOR
8808,0,0,1,MOTOR
8809,0,0,1,MOTOR
8810,0,0,1,MOTOR
8811,0,0,1,MOTOR
8812,0,0,1,MOTOR
8813,0,0,1,MOTOR
8814,0,0,1,MOTOR
8815,0,0,1,MOTOR
8816,0,0,1,MOTOR
8817,0,0,1,MOTOR
8818,0,0,1,MOTOR
8819,0,0,1,MOTOR
8820,0,0,1,MOTOR
8821,0,0,1,MOTOR
8822,0,0,1,MOTOR
8823,0,0,1,MOTOR
8824,0,0,1,MOTOR
8825,0,0,1,MOTOR
8826,0,0,1,MOTOR
8827,0,0,1,MOTOR
8828,0,0,1,MOTOR
8829,0,0,1,MOTOR
8830,0,0,1,MOTOR
8831,0,0,1,MOTOR
8832,0,0,1,MOTOR
8833,0,0,1,MOTOR
8834,0,0,1,MOTOR
8835,0,0,1,MOTOR
8836,0,0,1,MOTOR
8837,0,0,1,MOTOR
8838,0,0,1,MOTOR
8839,0,0,1,MOTOR
8840,0,0,1,MOTOR
8841,0,0,1,MOTOR
8842,0,0,1,MOTOR
8843,0,0,1,MOTOR
8844,0,0,1,MOTOR
8845,0,0,1,MOTOR
8846,0,0,1,MOTOR
8847,0,0,1,MOTOR
8848,0,0,1,MOTOR
8849,0,0,1,MOTOR
8850,0,0,1,MOTOR
8851,0,0,1,MOTOR
8852,0,0,1,MOTOR
8853,0,0,1,MOTOR
8854,0,0,1,MOTOR
8855,0,0,1,MOTOR
8856,0,0,1,MOTOR
8857,0,0,1,MOTOR
8858,0,0,1,MOTOR
8859,0,0,1,MOTOR
8860,0,0,1,MOTOR
8861,0,0,1,MOTOR
8862,0,0,1,MOTOR
8863,0,0,1,MOTOR
8864,0,0,1,MOTOR
8865,0,0,1,MOTOR
8866,0,0,1,MOTOR
8867,0,0,1,MOTOR
8868,0,0,1,MOTOR
8869,0,0,1,MOTOR
8870,0,0,1,MOTOR
8871,0,0,1,MOTOR
8872,0,0,1,MOTOR
8873,0,0,1,MOTOR
8874,0,0,1,MOTOR
8875,0,0,1,MOTOR
8876,0,0,1,MOTOR
8877,0,0,1,MOTOR
8878,0,0,1,MOTOR
8879,0,0,1,MOTOR
8880,0,0,1,MOTOR
8881,0,0,1,MOTOR
8882,0,0,1,MOTOR
8883,0,0,1,MOTOR
8884,0,0,1,MOTOR
8885,0,0,1,MOTOR
8886,0,0,1,MOTOR
8887,0,0,1,MOTOR
8888,0,0,1,MOTOR
8889,0,0,1,MOTOR
8890,0,0,1,MOTOR
8891,0,0,1,MOTOR
8892,0,0,1,MOTOR
8893,0,0,1,MOTOR
8894,0,0,1,MOTOR
8895,0,0,1,MOTOR
8896,0,0,1,MOTOR
8897,0,0,1,MOTOR
8898,0,0,1,MOTOR
8899,0,0,1,MOTOR
8900,0,0,1,MOTOR
8901,0,0,1,MOTOR
8902,0,0,1,MOTOR
8903,0,0,1,MOTOR
8904,0,0,1,MOTOR
8905,0,0,1,MOTOR
8906,0,0,1,MOTOR
8907,0,0,1,MOTOR
8908,0,0,1,MOTOR
8909,0,0,1,MOTOR
8910,0,0,1,MOTOR
8911,0,0,1,MOTOR
8912,0,0,1,MOTOR
8913,0,0,1,MOTOR
8914,0,0,1,MOTOR
8915,0,0,1,MOTOR
8916,0,0,1,MOTOR
8917,0,0,1,MOTOR
8918,0,0,1,MOTOR
8919,0,0,1,MOTOR
8920,0,0,1,MOTOR
8921,0,0,1,MOTOR
8922,0,0,1,MOTOR
8923,0,0,1,MOTOR
8924,0,0,1,MOTOR
8925,0,0,1,MOTOR
8926,0,0,1,MOTOR
8927,0,0,1,MOTOR
8928,0,0,1,MOTOR
8929,0,0,1,MOTOR
8930,0,0,1,MOTOR
8931,0,0,1,MOTOR
8932,0,0,1,MOTOR
8933,0,0,1,MOTOR
8934,0,0,1,MOTOR
8935,0,0,1,MOTOR
8936,0,0,1,MOTOR
8937,0,0,1,MOTOR
8938,0,0,1,MOTOR
8939,0,0,1,MOTOR
8940,0,0,1,MOTOR
8941,0,0,1,MOTOR
8942,0,0,1,MOTOR
8943,0,0,1,MOTOR
8944,0,0,1,MOTOR
8945,0,0,1,MOTOR
8946,0,0,1,MOTOR
8947,0,0,1,MOTOR
8948,0,0,1,MOTOR
8949,0,0,1,MOTOR
8950,0,0,1,MOTOR
8951,0,0,1,MOTOR
8952,0,0,1,MOTOR
8953,0,0,1,MOTOR
8954,0,0,1,MOTOR
8955,0,0,1,MOTOR
8956,0,0,1,MOTOR
8957,0,0,1,MOTOR
8958,0,0,1,MOTOR
8959,0,0,1,MOTOR
8960,0,0,1,MOTOR
8961,0,0,1,MOTOR
8962,0,0,1,MOTOR
8963,0,0,1,MOTOR
8964,0,0,1,MOTOR
8965,0,0,1,MOTOR
8966,0,0,1,MOTOR
8967,0,0,1,MOTOR
8968,0,0,1,MOTOR
8969,0,0,1,MOTOR
8970,0,0,1,MOTOR
8971,0,0,1,MOTOR
8972,0,0,1,MOTOR
8973,0,0,1,MOTOR
8974,0,0,1,MOTOR
8975,0,0,1,MOTOR
8976,0,0,1,MOTOR
8977,0,0,1,MOTOR
8978,0,0,1,MOTOR
8979,0,0,1,MOTOR
8980,0,0,1,MOTOR
8981,0,0,1,MOTOR
8982,0,0,1,MOTOR
8983,0,0,1,MOTOR
8984,0,0,1,MOTOR
8985,0,0,1,MOTOR
8986,0,0,1,MOTOR
8987,0,0,1,MOTOR
8988,0,0,1,MOTOR
8989,0,0,1,MOTOR
8990,0,0,1,MOTOR
8991,0,0,1,MOTOR
8992,0,0,1,MOTOR
8993,0,0,1,MOTOR
8994,0,0,1,MOTOR
8995,0,0,1,MOTOR
8996,0,0,1,MOTOR
8997,0,0,1,MOTOR
8998,0,0,1,MOTOR
8999,0,0,1,MOTOR
9000,0,-434.05,3,MOTOR
9001,0,-370.873,8,MOTOR
9002,0,-116.446,2,MOTOR
9003,0,-376.896,0,MOTOR
9004,0,-400.6,0,MOTOR
9005,0,-246.027,4,MOTOR
9006,0,-87.7934,2,MOTOR
9007,0,-406.142,0,MOTOR
9008,0,-339.184,8,MOTOR
9009,0,-490.633,5,MOTOR
9010,0,-289.439,9,MOTOR
9011,0,-331.587,8,MOTOR
9012,0,-392.737,0,MOTOR
9013,0,-384.104,0,MOTOR
9014,0,-295.721,9,MOTOR
9015,0,-436.008,3,MOTOR
9016,0,-388.017,0,MOTOR
9017,0,-388.472,0,MOTOR
9018,0,-388.708,0,MOTOR
9019,0,0,1,MOTOR
9020,0,-281.968,9,MOTOR
9021,0,-83.596,2,MOTOR
9022,0,-423.218,3,MOTOR
9023,0,-441.883,3,MOTOR
9024,0,0,1,MOTOR
9025,0,-303.227,9,MOTOR
9026,0,-520.946,6,MOTOR
9027,0,-399.998,0,MOTOR
9028,0,0,1,MOTOR
9029,0,-236.226,4,MOTOR
9030,0,-182.454,7,MOTOR
9031,0,0,1,MOTOR
9032,0,-67.4846,2,MOTOR
9033,0,-350.19,8,MOTOR
9034,0,-388.305,0,MOTOR
9035,0,-403.058,0,MOTOR
9036,0,-164.246,7,MOTOR
9037,0,-337.667,8,MOTOR
9038,0,-334.303,8,MOTOR
9039,0,-351.99,8,MOTOR
9040,0,-363.936,8,MOTOR
9041,0,-108.618,2,MOTOR
9042,0,-448.335,3,MOTOR
9043,0,-374.324,0,MOTOR
9044,0,-409.254,0,MOTOR
9045,0,-287.69,9,MOTOR
9046,0,-157.68,7,MOTOR
9047,0,0,1,MOTOR
9048,0,-392.171,0,MOTOR
9049,0,0,1,MOTOR
9050,0,-392.359,0,MOTOR
9051,0,-461.718,5,MOTOR
9052,0,-280.087,9,MOTOR
9053,0,-99.6575,2,MOTOR
9054,0,-449.318,3,MOTOR
9055,0,-296.575,9,MOTOR
9056,0,-377.9,0,MOTOR
9057,0,-447.864,3,MOTOR
9058,0,0.00186183,1,MOTOR
9059,0,-421.883,3,MOTOR
9060,0,-367.788,8,MOTOR
9061,0,-466.727,5,MOTOR
9062,0,-136.391,7,MOTOR
9063,0,-351.253,8,MOTOR
9064,0,-392.338,0,MOTOR
9065,0,-415.287,3,MOTOR
9066,0,0,1,MOTOR
9067,0,0,1,MOTOR
9068,0,-408.195,0,MOTOR
9069,0,-368.165,8,MOTOR
9070,0,-61.2256,2,MOTOR
9071,0,-343.116,8,MOTOR
9072,0,-185.818,7,MOTOR
9073,0,-83.1077,2,MOTOR
9074,0,-334.303,8,MOTOR
9075,0,-280.599,9,MOTOR
9076,0,-388.453,0,MOTOR
9077,0,-191.435,7,MOTOR
9078,0,-350.387,8,MOTOR
9079,0,-384.537,0,MOTOR
9080,0,-235.353,4,MOTOR
9081,0,-388.661,0,MOTOR
9082,0,-402.089,0,MOTOR
9083,0,-293.292,9,MOTOR
9084,0,-391.579,0,MOTOR
9085,0,-374.37,0,MOTOR
9086,0,-52.2363,2,MOTOR
9087,0,-358.493,8,MOTOR
9088,0,-465.108,5,MOTOR
9089,0,-412.713,3,MOTOR
9090,0,-184.316,7,MOTOR
9091,0,-413.002,3,MOTOR
9092,0,-1.02041,1,MOTOR
9093,0,-337.951,8,MOTOR
9094,0,-150.953,7,MOTOR
9095,0,-231.115,4,MOTOR
9096,0,-392.171,0,MOTOR
9097,0,-492.359,5,MOTOR
9098,0,-414.57,3,MOTOR
9099,0,-375.432,0,MOTOR
9100,0,-58.0889,2,MOTOR
9101,0,-312.413,9,MOTOR
9102,0,-459.404,5,MOTOR
9103,0,-306.501,9,MOTOR
9104,0,-466.683,5,MOTOR
9105,0,-354.776,8,MOTOR
9106,0,-382.644,0,MOTOR
9107,0,-7.79711,1,MOTOR
9108,0,-120.97,7,MOTOR
9109,0,-365.998,8,MOTOR
9110,0,-285.092,9,MOTOR
9111,0,-442.261,3,MOTOR
9112,0,-370.412,8,MOTOR
9113,0,-382.928,0,MOTOR
9114,0,-213.954,4,MOTOR
9115,0,-192.419,7,MOTOR
9116,0,-484.842,5,MOTOR
9117,0,-40.7885,2,MOTOR
9118,0,-435.209,3,MOTOR
9119,0,0,1,MOTOR
9120,0,-349.408,8,MOTOR
9121,0,-276.789,9,MOTOR
9122,0,-435.142,3,MOTOR
9123,0,-393.318,0,MOTOR
9124,0,0,1,MOTOR
9125,0,-550.942,6,MOTOR
9126,0,-412,3,MOTOR
9127,0,0,1,MOTOR
9128,0,-423.214,3,MOTOR
9129,0,0,1,MOTOR
9130,0,-28.3847,1,MOTOR
9131,0,-144.246,7,MOTOR
9132,0,-421.351,3,MOTOR
9133,0,-490.046,5,MOTOR
9134,0,-255.007,4,MOTOR
9135,0,-363.951,8,MOTOR
9136,0,-536.611,6,MOTOR
9137,0,-435.09,3,MOTOR
9138,0,-464.522,5,MOTOR
9139,0,-391.164,0,MOTOR
9140,0,0,1,MOTOR
9141,0,-360.578,8,MOTOR
9142,0,0,1,MOTOR
9143,0,-432.276,3,MOTOR
9144,0,-450.002,3,MOTOR
9145,0,-466.638,5,MOTOR
9146,0,-331.405,8,MOTOR
9147,0,-323.088,9,MOTOR
9148,0,-380.774,0,MOTOR
9149,0,-406.585,0,MOTOR
9150,0,-392.171,0,MOTOR
9151,0,-374.547,0,MOTOR
9152,0,-448.368,3,MOTOR
9153,0,0,1,MOTOR
9154,0,-287.795,9,MOTOR
9155,0,-408.312,0,MOTOR
9156,0,-425.109,3,MOTOR
9157,0,-448.925,3,MOTOR
9158,0,0,1,MOTOR
9159,0,-33.4519,1,MOTOR
9160,0,-292.464,9,MOTOR
9161,0,-491.444,5,MOTOR
9162,0,-337.128,8,MOTOR
9163,0,-390.71,0,MOTOR
9164,0,-415.338,3,MOTOR
9165,0,-388.768,0,MOTOR
9166,0,-349.804,8,MOTOR
9167,0,-346.337,8,MOTOR
9168,0,0,1,MOTOR
9169,0,-460.137,5,MOTOR
9170,0,-96.5494,2,MOTOR
9171,0,-435.083,3,MOTOR
9172,0,0,1,MOTOR
9173,0,0,1,MOTOR
9174,0,-262.415,4,MOTOR
9175,0,0,1,MOTOR
9176,0,-378.518,0,MOTOR
9177,0,-395.497,0,MOTOR
9178,0,0,1,MOTOR
9179,0,0,1,MOTOR
9180,0,-371.178,0,MOTOR
9181,0,0,1,MOTOR
9182,0,0,1,MOTOR
9183,0,-407.78,0,MOTOR
9184,0,-320.363,9,MOTOR
9185,0,-108.54,2,MOTOR
9186,0,-422.446,3,MOTOR
9187,0,-425.028,3,MOTOR
9188,0,-407.152,0,MOTOR
9189,0,-444.22,3,MOTOR
9190,0,-424.936,3,MOTOR
9191,0,-452.764,3,MOTOR
9192,0,-406.69,0,MOTOR
9193,0,-477.433,5,MOTOR
9194,0,-29.2503,1,MOTOR
9195,0,-424.048,3,MOTOR
9196,0,-404.907,0,MOTOR
9197,0,-445.529,3,MOTOR
9198,0,0,1,MOTOR
9199,0,-433.513,3,MOTOR
9200,0,-323.234,9,MOTOR
9201,0,-344.507,8,MOTOR
9202,0,-167.452,7,MOTOR
9203,0,-482.789,5,MOTOR
9204,0,-532.176,6,MOTOR
9205,0,-446.237,3,MOTOR
9206,0,0,1,MOTOR
9207,0,-359.853,8,MOTOR
9208,0,0,1,MOTOR
9209,0,-477.3,5,MOTOR
9210,0,-157.923,7,MOTOR
9211,0,0,1,MOTOR
9212,0,-236.524,4,MOTOR
9213,0,-421.009,3,MOTOR
9214,0,-435.36,3,MOTOR
9215,0,-400.473,0,MOTOR
9216,0,0,1,MOTOR
9217,0,0,1,MOTOR
9218,0,0,1,MOTOR
9219,0,-566.86,6,MOTOR
9220,0,-408.767,0,MOTOR
9221,0,-323.087,9,MOTOR
9222,0,-392.171,0,MOTOR
9223,0,-426.852,3,MOTOR
9224,0,-435.833,3,MOTOR
9225,0,-398.783,0,MOTOR
9226,0,-336.485,8,MOTOR
9227,0,-474.188,5,MOTOR
9228,0,-341.961,8,MOTOR
9229,0,-544.199,6,MOTOR
9230,0,-400.234,0,MOTOR
9231,0,-444.098,3,MOTOR
9232,0,-196.656,7,MOTOR
9233,0,-491.638,5,MOTOR
9234,0,0,1,MOTOR
9235,0,-31.7806,1,MOTOR
9236,0,-281.422,9,MOTOR
9237,0,-462.191,5,MOTOR
9238,0,-0.917052,1,MOTOR
9239,0,-422.218,3,MOTOR
9240,0,-439.349,3,MOTOR
9241,0,-308.381,9,MOTOR
9242,0,-339.557,8,MOTOR
9243,0,-53.4866,2,MOTOR
9244,0,0,1,MOTOR
9245,0,0,1,MOTOR
9246,0,-155.782,7,MOTOR
9247,0,-394.569,0,MOTOR
9248,0,-411.252,0,MOTOR
9249,0,-240.458,4,MOTOR
9250,0,-417.86,3,MOTOR
9251,0,-0.0587859,1,MOTOR
9252,0,-390.624,0,MOTOR
9253,0,-445.058,3,MOTOR
9254,0,-151.6,7,MOTOR
9255,0,-452.684,3,MOTOR
9256,0,-358.955,8,MOTOR
9257,0,-66.0381,2,MOTOR
9258,0,0,1,MOTOR
9259,0,-336.485,8,MOTOR
9260,0,-391.262,0,MOTOR
9261,0,-423.214,3,MOTOR
9262,0,-321.953,9,MOTOR
9263,0,-386.301,0,MOTOR
9264,0,-379.773,0,MOTOR
9265,0,-381.737,0,MOTOR
9266,0,0,1,MOTOR
9267,0,-392.171,0,MOTOR
9268,0,-421.789,3,MOTOR
9269,0,-398.058,0,MOTOR
9270,0,-243.1,4,MOTOR
9271,0,-395.914,0,MOTOR
9272,0,-290.672,9,MOTOR
9273,0,-409.33,0,MOTOR
9274,0,0,1,MOTOR
9275,0,-367.908,8,MOTOR
9276,0,-437.569,3,MOTOR
9277,0,-452.385,3,MOTOR
9278,0,-384.404,0,MOTOR
9279,0,-557.971,6,MOTOR
9280,0,0,1,MOTOR
9281,0,-399.226,0,MOTOR
9282,0,-377.099,0,MOTOR
9283,0,-394.471,0,MOTOR
9284,0,-448.456,3,MOTOR
9285,0,0,1,MOTOR
9286,0,-363.622,8,MOTOR
9287,0,-401.028,0,MOTOR
9288,0,-396.066,0,MOTOR
9289,0,-166.959,7,MOTOR
9290,0,-384.22,0,MOTOR
9291,0,-392.133,0,MOTOR
9292,0,-434.994,3,MOTOR
9293,0,-352.403,8,MOTOR
9294,0,-444.448,3,MOTOR
9295,0,-386.485,0,MOTOR
9296,0,-376.867,0,MOTOR
9297,0,-409.637,0,MOTOR
9298,0,-321.955,9,MOTOR
9299,0,0,1,MOTOR
9300,0,-401.396,0,MOTOR
9301,0,-280.544,9,MOTOR
9302,0,-408.264,0,MOTOR
9303,0,-158.314,7,MOTOR
9304,0,-39.7772,1,MOTOR
9305,0,0,1,MOTOR
9306,0,-171.191,7,MOTOR
9307,0,-324.884,9,MOTOR
9308,0,-337.289,8,MOTOR
9309,0,-333.298,8,MOTOR
9310,0,-360.823,8,MOTOR
9311,0,-377.957,0,MOTOR
9312,0,-397.1,0,MOTOR
9313,0,-334.303,8,MOTOR
9314,0,-426.821,3,MOTOR
9315,0,-91.9521,2,MOTOR
9316,0,-436.734,3,MOTOR
9317,0,-295.051,9,MOTOR
9318,0,-382.49,0,MOTOR
9319,0,-315.681,9,MOTOR
9320,0,-377.235,0,MOTOR
9321,0,-263.08,4,MOTOR
9322,0,-334.058,8,MOTOR
9323,0,0,1,MOTOR
9324,0,-435.008,3,MOTOR
9325,0,-224.923,4,MOTOR
9326,0,-463.033,5,MOTOR
9327,0,-139.725,7,MOTOR
9328,0,-421.268,3,MOTOR
9329,0,0,1,MOTOR
9330,0,-392.171,0,MOTOR
9331,0,-352.447,8,MOTOR
9332,0,-284.419,9,MOTOR
9333,0,-391.908,0,MOTOR
9334,0,-388.017,0,MOTOR
9335,0,0,1,MOTOR
9336,0,-293.632,9,MOTOR
9337,0,-182.295,7,MOTOR
9338,0,-397.458,0,MOTOR
9339,0,-309.285,9,MOTOR
9340,0,-261.729,4,MOTOR
9341,0,-147.532,7,MOTOR
9342,0,-282.027,9,MOTOR
9343,0,-354.479,8,MOTOR
9344,0,-461.439,5,MOTOR
9345,0,-418.548,3,MOTOR
9346,0,0,1,MOTOR
9347,0,-401.945,0,MOTOR
9348,0,-373.354,0,MOTOR
9349,0,-319.309,9,MOTOR
9350,0,0,1,MOTOR
9351,0,-385.95,0,MOTOR
9352,0,-270.093,9,MOTOR
9353,0,-394.794,0,MOTOR
9354,0,-449.625,3,MOTOR
9355,0,-411.629,3,MOTOR
9356,0,-423.78,3,MOTOR
9357,0,-0.917052,1,MOTOR
9358,0,-470.444,5,MOTOR
9359,0,-382.674,0,MOTOR
9360,0,-447.083,3,MOTOR
9361,0,-477.967,5,MOTOR
9362,0,-299.072,9,MOTOR
9363,0,-287.752,9,MOTOR
9364,0,-423.755,3,MOTOR
9365,0,-465.158,5,MOTOR
9366,0,-296.572,9,MOTOR
9367,0,-223.176,4,MOTOR
9368,0,-403.478,0,MOTOR
9369,0,-313.224,9,MOTOR
9370,0,-429.908,3,MOTOR
9371,0,-340.269,8,MOTOR
9372,0,-445.136,3,MOTOR
9373,0,-300.923,9,MOTOR
9374,0,-8.76517,1,MOTOR
9375,0,-368.685,8,MOTOR
9376,0,-345.083,8,MOTOR
9377,0,-420.859,3,MOTOR
9378,0,-407.087,0,MOTOR
9379,0,-402.971,0,MOTOR
9380,0,-299.806,9,MOTOR
9381,0,-483.91,5,MOTOR
9382,0,-466.761,5,MOTOR
9383,0,-429.811,3,MOTOR
9384,0,-442.756,3,MOTOR
9385,0,-458.221,5,MOTOR
9386,0,-441.096,3,MOTOR
9387,0,-383.359,0,MOTOR
9388,0,-420.291,3,MOTOR
9389,0,-423.214,3,MOTOR
9390,0,-344.087,8,MOTOR
9391,0,-338.645,8,MOTOR
9392,0,-406.849,0,MOTOR
9393,0,-440.185,3,MOTOR
9394,0,-424.722,3,MOTOR
9395,0,-384.733,0,MOTOR
9396,0,-331.928,8,MOTOR
9397,0,-255.305,4,MOTOR
9398,0,-510.134,6,MOTOR
9399,0,-337.65,8,MOTOR
9400,0,-448.382,3,MOTOR
9401,0,-249.039,4,MOTOR
9402,0,-123.474,7,MOTOR
9403,0,-67.085,2,MOTOR
9404,0,0,1,MOTOR
9405,0,-345.445,8,MOTOR
9406,0,-451.178,3,MOTOR
9407,0,-358.765,8,MOTOR
9408,0,-25.7609,1,MOTOR
9409,0,-295.645,9,MOTOR
9410,0,0,1,MOTOR
9411,0,-287.26,9,MOTOR
9412,0,-426.318,3,MOTOR
9413,0,-380.939,0,MOTOR
9414,0,-348.73,8,MOTOR
9415,0,-94.6545,2,MOTOR
9416,0,-358.938,8,MOTOR
9417,0,-289.249,9,MOTOR
9418,0,-392.81,0,MOTOR
9419,0,0,1,MOTOR
9420,0,-410.939,0,MOTOR
9421,0,0,1,MOTOR
9422,0,0,1,MOTOR
9423,0,-400.238,0,MOTOR
9424,0,-415.527,3,MOTOR
9425,0,-398.33,0,MOTOR
9426,0,0,1,MOTOR
9427,0,-252.693,4,MOTOR
9428,0,-130.029,7,MOTOR
9429,0,-408.548,0,MOTOR
9430,0,-399.032,0,MOTOR
9431,0,-94.6442,2,MOTOR
9432,0,-177.918,7,MOTOR
9433,0,-445.973,3,MOTOR
9434,0,-436.295,3,MOTOR
9435,0,-214.623,4,MOTOR
9436,0,-159.57,7,MOTOR
9437,0,-432.822,3,MOTOR
9438,0,-421.913,3,MOTOR
9439,0,0,1,MOTOR
9440,0,0,1,MOTOR
9441,0,-429.627,3,MOTOR
9442,0,0,1,MOTOR
9443,0,-434.916,3,MOTOR
9444,0,-453.292,3,MOTOR
9445,0,-458.214,5,MOTOR
9446,0,0,1,MOTOR
9447,0,-417.023,3,MOTOR
9448,0,-507.801,6,MOTOR
9449,0,-27.4209,1,MOTOR
9450,0,-466.854,5,MOTOR
9451,0,-398.34,0,MOTOR
9452,0,-311.704,9,MOTOR
9453,0,-404.376,0,MOTOR
9454,0,0,1,MOTOR
9455,0,-317.916,9,MOTOR
9456,0,-393.005,0,MOTOR
9457,0,0,1,MOTOR
9458,0,0,1,MOTOR
9459,0,-322.573,9,MOTOR
9460,0,-336.187,8,MOTOR
9461,0,-307.554,9,MOTOR
9462,0,0,1,MOTOR
9463,0,-363.449,8,MOTOR
9464,0,-294.453,9,MOTOR
9465,0,-315.756,9,MOTOR
9466,0,-386.42,0,MOTOR
9467,0,-398.467,0,MOTOR
9468,0,-400.047,0,MOTOR
9469,0,-323.721,9,MOTOR
9470,0,-442.371,3,MOTOR
9471,0,-222.006,4,MOTOR
9472,0,-406.617,0,MOTOR
9473,0,-247.342,4,MOTOR
9474,0,-347.05,8,MOTOR
9475,0,-453.662,3,MOTOR
9476,0,0,1,MOTOR
9477,0,-40.7885,2,MOTOR
9478,0,0,1,MOTOR
9479,0,0,1,MOTOR
9480,0,-344.97,8,MOTOR
9481,0,0,1,MOTOR
9482,0,-355.821,8,MOTOR
9483,0,-407.596,0,MOTOR
9484,0,-315.507,9,MOTOR
9485,0,-378.388,0,MOTOR
9486,0,-357.512,8,MOTOR
9487,0,-433.911,3,MOTOR
9488,0,-329.348,8,MOTOR
9489,0,-510.078,6,MOTOR
9490,0,-262.068,4,MOTOR
9491,0,-445.026,3,MOTOR
9492,0,-214.975,4,MOTOR
9493,0,-437.558,3,MOTOR
9494,0,-392.171,0,MOTOR
9495,0,0,1,MOTOR
9496,0,-72.8802,2,MOTOR
9497,0,-394.162,0,MOTOR
9498,0,-410.087,0,MOTOR
9499,0,-154.901,7,MOTOR
9500,0,-396.769,0,MOTOR
9501,0,-57.5209,2,MOTOR
9502,0,-421.278,3,MOTOR
9503,0,-322.624,9,MOTOR
9504,0,-385.258,0,MOTOR
9505,0,-305.184,9,MOTOR
9506,0,-266.873,4,MOTOR
9507,0,-459.779,5,MOTOR
9508,0,-481.629,5,MOTOR
9509,0,-335.32,8,MOTOR
9510,0,0,1,MOTOR
9511,0,-259.896,4,MOTOR
9512,0,-464.008,5,MOTOR
9513,0,-212.014,4,MOTOR
9514,0,-328.513,8,MOTOR
9515,0,-398.649,0,MOTOR
9516,0,-157.334,7,MOTOR
9517,0,-426.821,3,MOTOR
9518,0,-383.053,0,MOTOR
9519,0,-360.874,8,MOTOR
9520,0,-120.154,2,MOTOR
9521,0,-424.562,3,MOTOR
9522,0,-341.101,8,MOTOR
9523,0,-394.796,0,MOTOR
9524,0,-421.634,3,MOTOR
9525,0,-287.803,9,MOTOR
9526,0,-242.7,4,MOTOR
9527,0,-464.633,5,MOTOR
9528,0,0,1,MOTOR
9529,0,-281.265,9,MOTOR
9530,0,-393.166,0,MOTOR
9531,0,-423.214,3,MOTOR
9532,0,-415.724,3,MOTOR
9533,0,-59.1437,2,MOTOR
9534,0,-498.232,5,MOTOR
9535,0,-305.143,9,MOTOR
9536,0,-397.44,0,MOTOR
9537,0,-54.7728,2,MOTOR
9538,0,-387.446,0,MOTOR
9539,0,-290.955,9,MOTOR
9540,0,-367.73,8,MOTOR
9541,0,-384.38,0,MOTOR
9542,0,0,1,MOTOR
9543,0,-432.194,3,MOTOR
9544,0,-348.273,8,MOTOR
9545,0,0,1,MOTOR
9546,0,-304.006,9,MOTOR
9547,0,-204.239,4,MOTOR
9548,0,-0.00516983,1,MOTOR
9549,0,-334.538,8,MOTOR
9550,0,-386.34,0,MOTOR
9551,0,-438.385,3,MOTOR
9552,0,-464.013,5,MOTOR
9553,0,-399.982,0,MOTOR
9554,0,-221.583,4,MOTOR
9555,0,-364.981,8,MOTOR
9556,0,-315.87,9,MOTOR
9557,0,-63.0541,2,MOTOR
9558,0,-408.858,0,MOTOR
9559,0,-396.616,0,MOTOR
9560,0,-193.869,7,MOTOR
9561,0,-451.06,3,MOTOR
9562,0,-321.843,9,MOTOR
9563,0,-491.411,5,MOTOR
9564,0,-341.073,8,MOTOR
9565,0,-454.827,5,MOTOR
9566,0,0,1,MOTOR
9567,0,-421.155,3,MOTOR
9568,0,-484.128,5,MOTOR
9569,0,-315.349,9,MOTOR
9570,0,-381.941,0,MOTOR
9571,0,-477.465,5,MOTOR
9572,0,-420.865,3,MOTOR
9573,0,-437.748,3,MOTOR
9574,0,-414.854,3,MOTOR
9575,0,-414.583,3,MOTOR
9576,0,-410.756,0,MOTOR
9577,0,-355.919,8,MOTOR
9578,0,-395.234,0,MOTOR
9579,0,-224.711,4,MOTOR
9580,0,-0.0587859,1,MOTOR
9581,0,-393.081,0,MOTOR
9582,0,-426.136,3,MOTOR
9583,0,0,1,MOTOR
9584,0,-369.922,8,MOTOR
9585,0,-373.761,0,MOTOR
9586,0,-436.953,3,MOTOR
9587,0,-281.187,9,MOTOR
9588,0,-461.551,5,MOTOR
9589,0,-323.176,9,MOTOR
9590,0,-182.307,7,MOTOR
9591,0,-252.401,4,MOTOR
9592,0,-358.187,8,MOTOR
9593,0,-260.484,4,MOTOR
9594,0,-452.135,3,MOTOR
9595,0,-327.913,8,MOTOR
9596,0,-292.021,9,MOTOR
9597,0,-425.905,3,MOTOR
9598,0,0,1,MOTOR
9599,0,0,1,MOTOR
9600,0,-321.687,9,MOTOR
9601,0,0,1,MOTOR
9602,0,-211.542,4,MOTOR
9603,0,-68.2542,2,MOTOR
9604,0,-404.935,0,MOTOR
9605,0,-511.586,6,MOTOR
9606,0,-527.249,6,MOTOR
9607,0,-404.131,0,MOTOR
9608,0,-468.19,5,MOTOR
9609,0,-392.887,0,MOTOR
9610,0,-335.458,8,MOTOR
9611,0,-293.325,9,MOTOR
9612,0,-332.025,8,MOTOR
9613,0,0,1,MOTOR
9614,0,-127.281,7,MOTOR
9615,0,-408.666,0,MOTOR
9616,0,0,1,MOTOR
9617,0,-316.113,9,MOTOR
9618,0,-420.762,3,MOTOR
9619,0,-147.453,7,MOTOR
9620,0,0,1,MOTOR
9621,0,-376.478,0,MOTOR
9622,0,-394.33,0,MOTOR
9623,0,-423.914,3,MOTOR
9624,0,-255.154,4,MOTOR
9625,0,0,1,MOTOR
9626,0,-138.725,7,MOTOR
9627,0,-445.745,3,MOTOR
9628,0,-320.886,9,MOTOR
9629,0,-360.759,8,MOTOR
9630,0,-393.236,0,MOTOR
9631,0,-0.0220668,1,MOTOR
9632,0,-348.829,8,MOTOR
9633,0,-337.077,8,MOTOR
9634,0,-414.932,3,MOTOR
9635,0,-391.281,0,MOTOR
9636,0,-426.6,3,MOTOR
9637,0,-368.51,8,MOTOR
9638,0,0,1,MOTOR
9639,0,0,1,MOTOR
9640,0,-455.684,5,MOTOR
9641,0,-410.924,0,MOTOR
9642,0,-265.128,4,MOTOR
9643,0,-382.527,0,MOTOR
9644,0,-334.303,8,MOTOR
9645,0,-481.272,5,MOTOR
9646,0,-333.157,8,MOTOR
9647,0,-0.0529352,1,MOTOR
9648,0,-336.485,8,MOTOR
9649,0,0,1,MOTOR
9650,0,-425.778,3,MOTOR
9651,0,-420.969,3,MOTOR
9652,0,-291.002,9,MOTOR
9653,0,-347.511,8,MOTOR
9654,0,0,1,MOTOR
9655,0,-301.644,9,MOTOR
9656,0,-348.024,8,MOTOR
9657,0,-392.171,0,MOTOR
9658,0,-335.222,8,MOTOR
9659,0,0,1,MOTOR
9660,0,-472.937,5,MOTOR
9661,0,-419.467,3,MOTOR
9662,0,-30.3055,1,MOTOR
9663,0,-436.197,3,MOTOR
9664,0,-448.407,3,MOTOR
9665,0,-139.809,7,MOTOR
9666,0,-392.171,0,MOTOR
9667,0,-313.161,9,MOTOR
9668,0,-351.883,8,MOTOR
9669,0,-431.75,3,MOTOR
9670,0,-424.311,3,MOTOR
9671,0,-421.699,3,MOTOR
9672,0,-484.441,5,MOTOR
9673,0,0,1,MOTOR
9674,0,-407.542,0,MOTOR
9675,0,-158.701,7,MOTOR
9676,0,-278.769,9,MOTOR
9677,0,-0.245253,1,MOTOR
9678,0,-394.555,0,MOTOR
9679,0,-334.303,8,MOTOR
9680,0,-322.404,9,MOTOR
9681,0,-429.158,3,MOTOR
9682,0,-359.152,8,MOTOR
9683,0,-327.981,8,MOTOR
9684,0,-23.7661,1,MOTOR
9685,0,0,1,MOTOR
9686,0,0,1,MOTOR
9687,0,-440.393,3,MOTOR
9688,0,-432.43,3,MOTOR
9689,0,0,1,MOTOR
9690,0,0,1,MOTOR
9691,0,-427.973,3,MOTOR
9692,0,0,1,MOTOR
9693,0,-378.655,0,MOTOR
9694,0,-438.563,3,MOTOR
9695,0,-423.214,3,MOTOR
9696,0,-420.874,3,MOTOR
9697,0,-310.701,9,MOTOR
9698,0,-469.653,5,MOTOR
9699,0,-447.346,3,MOTOR
9700,0,-427.129,3,MOTOR
9701,0,-414.671,3,MOTOR
9702,0,-82.4066,2,MOTOR
9703,0,0,1,MOTOR
9704,0,-96.0936,2,MOTOR
9705,0,-146.595,7,MOTOR
9706,0,-147.755,7,MOTOR
9707,0,-389.247,0,MOTOR
9708,0,-461.703,5,MOTOR
9709,0,-408.747,0,MOTOR
9710,0,-251.331,4,MOTOR
9711,0,0.00186183,1,MOTOR
9712,0,-434.731,3,MOTOR
9713,0,-207.376,4,MOTOR
9714,0,-239.29,4,MOTOR
9715,0,-138.844,7,MOTOR
9716,0,-462.44,5,MOTOR
9717,0,-17.0109,1,MOTOR
9718,0,-418.08,3,MOTOR
9719,0,-436.046,3,MOTOR
9720,0,-315.474,9,MOTOR
9721,0,0,1,MOTOR
9722,0,-184.425,7,MOTOR
9723,0,-334.96,8,MOTOR
9724,0,-253.243,4,MOTOR
9725,0,-409.986,0,MOTOR
9726,0,-290.226,9,MOTOR
9727,0,-93.2297,2,MOTOR
9728,0,-240.224,4,MOTOR
9729,0,-409.379,0,MOTOR
9730,0,-140.503,7,MOTOR
9731,0,-193.359,7,MOTOR
9732,0,-314.493,9,MOTOR
9733,0,-280.476,9,MOTOR
9734,0,-423.214,3,MOTOR
9735,0,-377.835,0,MOTOR
9736,0,-423.214,3,MOTOR
9737,0,0,1,MOTOR
9738,0,-416.032,3,MOTOR
9739,0,-420.9,3,MOTOR
9740,0,-317.557,9,MOTOR
9741,0,-384.43,0,MOTOR
9742,0,-334.303,8,MOTOR
9743,0,-334.008,8,MOTOR
9744,0,-376.19,0,MOTOR
9745,0,-425.764,3,MOTOR
9746,0,-209.401,4,MOTOR
9747,0,-220.629,4,MOTOR
9748,0,0,1,MOTOR
9749,0,-366.303,8,MOTOR
9750,0,-413.246,3,MOTOR
9751,0,0,1,MOTOR
9752,0,0,1,MOTOR
9753,0,0,1,MOTOR
9754,0,0,1,MOTOR
9755,0,-420.281,3,MOTOR
9756,0,-430.8,3,MOTOR
9757,0,-61.244,2,MOTOR
9758,0,-346.192,8,MOTOR
9759,0,-1.0244,1,MOTOR
9760,0,-119.087,2,MOTOR
9761,0,-386.16,0,MOTOR
9762,0,-333.143,8,MOTOR
9763,0,0,1,MOTOR
9764,0,-423.338,3,MOTOR
9765,0,-0.992292,1,MOTOR
9766,0,-481.337,5,MOTOR
9767,0,-414.675,3,MOTOR
9768,0,-262.098,4,MOTOR
9769,0,-423.543,3,MOTOR
9770,0,-344.434,8,MOTOR
9771,0,0,1,MOTOR
9772,0,-336.485,8,MOTOR
9773,0,-350.923,8,MOTOR
9774,0,-431.211,3,MOTOR
9775,0,-439.55,3,MOTOR
9776,0,-94.6442,2,MOTOR
9777,0,0,1,MOTOR
9778,0,0,1,MOTOR
9779,0,-147.712,7,MOTOR
9780,0,-419.634,3,MOTOR
9781,0,-449.842,3,MOTOR
9782,0,-472.033,5,MOTOR
9783,0,-0.00799859,1,MOTOR
9784,0,-360.219,8,MOTOR
9785,0,0,1,MOTOR
9786,0,-351.179,8,MOTOR
9787,0,-334.303,8,MOTOR
9788,0,-416.495,3,MOTOR
9789,0,-366.313,8,MOTOR
9790,0,-352.934,8,MOTOR
9791,0,-425.304,3,MOTOR
9792,0,-408.52,0,MOTOR
9793,0,-400.047,0,MOTOR
9794,0,0,1,MOTOR
9795,0,-373.576,0,MOTOR
9796,0,0,1,MOTOR
9797,0,-463.365,5,MOTOR
9798,0,-144.728,7,MOTOR
9799,0,-397.372,0,MOTOR
9800,0,-492.665,5,MOTOR
9801,0,-353.172,8,MOTOR
9802,0,-417.242,3,MOTOR
9803,0,0,1,MOTOR
9804,0,-431.957,3,MOTOR
9805,0,-442.807,3,MOTOR
9806,0,-366.963,8,MOTOR
9807,0,-446.327,3,MOTOR
9808,0,-461.336,5,MOTOR
9809,0,-405.87,0,MOTOR
9810,0,-478.991,5,MOTOR
9811,0,-419.648,3,MOTOR
9812,0,-353.22,8,MOTOR
9813,0,-433.019,3,MOTOR
9814,0,-129.206,7,MOTOR
9815,0,-293.994,9,MOTOR
9816,0,-193.662,7,MOTOR
9817,0,-423.214,3,MOTOR
9818,0,-246.517,4,MOTOR
9819,0,-402.511,0,MOTOR
9820,0,-126.319,7,MOTOR
9821,0,-166.723,7,MOTOR
9822,0,0,1,MOTOR
9823,0,-361.93,8,MOTOR
9824,0,-385.625,0,MOTOR
9825,0,-334.303,8,MOTOR
9826,0,-400.289,0,MOTOR
9827,0,-241.218,4,MOTOR
9828,0,-350.758,8,MOTOR
9829,0,-423.728,3,MOTOR
9830,0,-40.7885,2,MOTOR
9831,0,-357.568,8,MOTOR
9832,0,-327.981,8,MOTOR
9833,0,0,1,MOTOR
9834,0,-458.91,5,MOTOR
9835,0,-409.89,0,MOTOR
9836,0,-445.605,3,MOTOR
9837,0,-390.914,0,MOTOR
9838,0,-392.193,0,MOTOR
9839,0,-350.936,8,MOTOR
9840,0,-382.415,0,MOTOR
9841,0,-278.013,9,MOTOR
9842,0,-291.072,9,MOTOR
9843,0,0,1,MOTOR
9844,0,-348.092,8,MOTOR
9845,0,-440.904,3,MOTOR
9846,0,-505.801,5,MOTOR
9847,0,-453.052,3,MOTOR
9848,0,-404.314,0,MOTOR
9849,0,-402.24,0,MOTOR
9850,0,-403.764,0,MOTOR
9851,0,-512.73,6,MOTOR
9852,0,-345.671,8,MOTOR
9853,0,-374.244,0,MOTOR
9854,0,-440.005,3,MOTOR
9855,0,0,1,MOTOR
9856,0,-406.374,0,MOTOR
9857,0,-483.79,5,MOTOR
9858,0,-365.989,8,MOTOR
9859,0,-401.163,0,MOTOR
9860,0,-378.309,0,MOTOR
9861,0,-371.625,0,MOTOR
9862,0,0,1,MOTOR
9863,0,-427.293,3,MOTOR
9864,0,-0.917052,1,MOTOR
9865,0,-340.345,8,MOTOR
9866,0,-443.9,3,MOTOR
9867,0,-342.698,8,MOTOR
9868,0,-372.602,0,MOTOR
9869,0,-477.763,5,MOTOR
9870,0,-464.34,5,MOTOR
9871,0,-297.471,9,MOTOR
9872,0,-449.771,3,MOTOR
9873,0,-314.602,9,MOTOR
9874,0,-483.332,5,MOTOR
9875,0,-382.091,0,MOTOR
9876,0,-400.047,0,MOTOR
9877,0,-401.299,0,MOTOR
9878,0,-326.472,8,MOTOR
9879,0,-205.988,4,MOTOR
9880,0,-94.6442,2,MOTOR
9881,0,-382.45,0,MOTOR
9882,0,-488.026,5,MOTOR
9883,0,0,1,MOTOR
9884,0,-262.101,4,MOTOR
9885,0,-400.442,0,MOTOR
9886,0,-422.218,3,MOTOR
9887,0,-50.421,2,MOTOR
9888,0,-354.81,8,MOTOR
9889,0,0,1,MOTOR
9890,0,-447.438,3,MOTOR
9891,0,-364.422,8,MOTOR
9892,0,-423.366,3,MOTOR
9893,0,-479.232,5,MOTOR
9894,0,-206.882,4,MOTOR
9895,0,0,1,MOTOR
9896,0,-109.883,2,MOTOR
9897,0,-32.3278,1,MOTOR
9898,0,-183.364,7,MOTOR
9899,0,-437.015,3,MOTOR
9900,0,-323.17,9,MOTOR
9901,0,-117.419,2,MOTOR
9902,0,-227.395,4,MOTOR
9903,0,0,1,MOTOR
9904,0,-447.608,3,MOTOR
9905,0,-81.2316,2,MOTOR
9906,0,-72.8045,2,MOTOR
9907,0,-479.672,5,MOTOR
9908,0,-191.468,7,MOTOR
9909,0,-384.53,0,MOTOR
9910,0,-392.171,0,MOTOR
9911,0,-64.9122,2,MOTOR
9912,0,0,1,MOTOR
9913,0,-268.902,9,MOTOR
9914,0,-385.21,0,MOTOR
9915,0,-404.335,0,MOTOR
9916,0,-392.171,0,MOTOR
9917,0,-437.733,3,MOTOR
9918,0,-388.787,0,MOTOR
9919,0,-405.92,0,MOTOR
9920,0,-356.496,8,MOTOR
9921,0,-281.329,9,MOTOR
9922,0,-392.171,0,MOTOR
9923,0,-450.4,3,MOTOR
9924,0,-392.171,0,MOTOR
9925,0,-455.865,5,MOTOR
9926,0,-394.914,0,MOTOR
9927,0,-461.321,5,MOTOR
9928,0,-423.214,3,MOTOR
9929,0,-273.34,9,MOTOR
9930,0,-360.469,8,MOTOR
9931,0,-402.445,0,MOTOR
9932,0,-461.427,5,MOTOR
9933,0,-444.297,3,MOTOR
9934,0,-295.095,9,MOTOR
9935,0,-436.493,3,MOTOR
9936,0,-336.485,8,MOTOR
9937,0,-242.174,4,MOTOR
9938,0,-311.856,9,MOTOR
9939,0,-535.255,6,MOTOR
9940,0,-321.416,9,MOTOR
9941,0,-457.252,5,MOTOR
9942,0,-517.306,6,MOTOR
9943,0,-454.553,5,MOTOR
9944,0,-250.872,4,MOTOR
9945,0,0,1,MOTOR
9946,0,-343.77,8,MOTOR
9947,0,-419.182,3,MOTOR
9948,0,-401.564,0,MOTOR
9949,0,-405.478,0,MOTOR
9950,0,0,1,MOTOR
9951,0,-289.456,9,MOTOR
9952,0,-530.636,6,MOTOR
9953,0,-410.277,0,MOTOR
9954,0,-334.303,8,MOTOR
9955,0,-357.552,8,MOTOR
9956,0,-44.1598,2,MOTOR
9957,0,-367.706,8,MOTOR
9958,0,0,1,MOTOR
9959,0,-275.129,9,MOTOR
9960,0,-411.052,0,MOTOR
9961,0,-392.171,0,MOTOR
9962,0,-423.214,3,MOTOR
9963,0,-285.911,9,MOTOR
9964,0,-0.00516983,1,MOTOR
9965,0,-295.951,9,MOTOR
9966,0,-330.265,8,MOTOR
9967,0,-193.831,7,MOTOR
9968,0,-434.683,3,MOTOR
9969,0,-345.018,8,MOTOR
9970,0,-331.361,8,MOTOR
9971,0,-362.249,8,MOTOR
9972,0,-422.916,3,MOTOR
9973,0,-501.453,5,MOTOR
9974,0,-0.917052,1,MOTOR
9975,0,0,1,MOTOR
9976,0,-395.887,0,MOTOR
9977,0,-413.817,3,MOTOR
9978,0,-324.747,9,MOTOR
9979,0,-395.624,0,MOTOR
9980,0,-69.1078,2,MOTOR
9981,0,0,1,MOTOR
9982,0,-369.316,8,MOTOR
9983,0,-384.99,0,MOTOR
9984,0,-417.465,3,MOTOR
9985,0,-323.054,9,MOTOR
9986,0,-460.171,5,MOTOR
9987,0,-304.091,9,MOTOR
9988,0,-383.362,0,MOTOR
9989,0,0,1,MOTOR
9990,0,-396.631,0,MOTOR
9991,0,-297.651,9,MOTOR
9992,0,0,1,MOTOR
9993,0,0,1,MOTOR
9994,0,-355.106,8,MOTOR
9995,0,-389.076,0,MOTOR
9996,0,-407.921,0,MOTOR
9997,0,-267.264,4,MOTOR
9998,0,-461.57,5,MOTOR
9999,0,-458.195,5,MOTOR
